time_s,Tc_K
0.000000000,288.000000000
0.000000200,288.000000000
0.000000406,288.000000000
0.000000614,287.999999999
0.000000824,287.999999998
0.000001036,287.999999997
0.000001249,287.999999995
0.000001464,287.999999993
0.000001681,287.999999991
0.000001898,287.999999988
0.000002117,287.999999985
0.000002337,287.999999981
0.000002559,287.999999977
0.000002781,287.999999973
0.000003004,287.999999968
0.000003229,287.999999963
0.000003455,287.999999958
0.000003681,287.999999952
0.000003909,287.999999945
0.000004138,287.999999939
0.000004367,287.999999931
0.000004597,287.999999924
0.000004827,287.999999916
0.000005057,287.999999908
0.000005288,287.999999899
0.000005518,287.999999890
0.000005749,287.999999880
0.000005981,287.999999870
0.000006212,287.999999860
0.000006444,287.999999849
0.000006676,287.999999838
0.000006908,287.999999827
0.000007141,287.999999815
0.000007373,287.999999803
0.000007606,287.999999790
0.000007840,287.999999777
0.000008073,287.999999764
0.000008307,287.999999750
0.000008541,287.999999735
0.000008775,287.999999721
0.000009010,287.999999706
0.000009245,287.999999690
0.000009480,287.999999674
0.000009715,287.999999658
0.000009951,287.999999642
0.000010186,287.999999624
0.000010422,287.999999607
0.000010659,287.999999589
0.000010895,287.999999571
0.000011132,287.999999552
0.000011369,287.999999533
0.000011607,287.999999514
0.000011844,287.999999494
0.000012082,287.999999474
0.000012321,287.999999453
0.000012559,287.999999432
0.000012798,287.999999410
0.000013037,287.999999388
0.000013276,287.999999366
0.000013515,287.999999343
0.000013755,287.999999320
0.000013995,287.999999297
0.000014235,287.999999273
0.000014476,287.999999249
0.000014717,287.999999224
0.000014958,287.999999199
0.000015199,287.999999173
0.000015441,287.999999147
0.000015683,287.999999121
0.000015925,287.999999094
0.000016167,287.999999067
0.000016410,287.999999040
0.000016653,287.999999012
0.000016896,287.999998983
0.000017139,287.999998955
0.000017383,287.999998925
0.000017627,287.999998896
0.000017871,287.999998866
0.000018116,287.999998835
0.000018361,287.999998805
0.000018606,287.999998773
0.000018851,287.999998742
0.000019097,287.999998710
0.000019343,287.999998677
0.000019589,287.999998644
0.000019835,287.999998611
0.000020082,287.999998577
0.000020329,287.999998543
0.000020576,287.999998509
0.000020824,287.999998474
0.000021071,287.999998438
0.000021320,287.999998403
0.000021568,287.999998366
0.000021816,287.999998330
0.000022065,287.999998293
0.000022315,287.999998255
0.000022564,287.999998218
0.000022814,287.999998179
0.000023064,287.999998141
0.000023314,287.999998102
0.000023564,287.999998062
0.000023815,287.999998022
0.000024066,287.999997982
0.000024318,287.999997941
0.000024569,287.999997900
0.000024821,287.999997859
0.000025073,287.999997817
0.000025326,287.999997774
0.000025579,287.999997731
0.000025832,287.999997688
0.000026085,287.999997644
0.000026339,287.999997600
0.000026593,287.999997556
0.000026847,287.999997511
0.000027101,287.999997466
0.000027356,287.999997420
0.000027611,287.999997374
0.000027866,287.999997327
0.000028122,287.999997280
0.000028378,287.999997233
0.000028634,287.999997185
0.000028890,287.999997137
0.000029147,287.999997088
0.000029404,287.999997039
0.000029661,287.999996989
0.000029919,287.999996939
0.000030176,287.999996889
0.000030435,287.999996838
0.000030693,287.999996787
0.000030952,287.999996735
0.000031211,287.999996683
0.000031470,287.999996631
0.000031729,287.999996578
0.000031989,287.999996524
0.000032249,287.999996471
0.000032510,287.999996416
0.000032771,287.999996362
0.000033032,287.999996307
0.000033293,287.999996251
0.000033554,287.999996195
0.000033816,287.999996139
0.000034078,287.999996082
0.000034341,287.999996025
0.000034604,287.999995967
0.000034867,287.999995909
0.000035130,287.999995851
0.000035393,287.999995792
0.000035657,287.999995733
0.000035922,287.999995673
0.000036186,287.999995613
0.000036451,287.999995552
0.000036716,287.999995491
0.000036981,287.999995429
0.000037247,287.999995367
0.000037513,287.999995305
0.000037779,287.999995242
0.000038046,287.999995179
0.000038313,287.999995115
0.000038580,287.999995051
0.000038847,287.999994987
0.000039115,287.999994922
0.000039383,287.999994856
0.000039651,287.999994791
0.000039920,287.999994724
0.000040189,287.999994658
0.000040458,287.999994591
0.000040727,287.999994523
0.000040997,287.999994455
0.000041267,287.999994387
0.000041538,287.999994318
0.000041809,287.999994248
0.000042080,287.999994179
0.000042351,287.999994109
0.000042622,287.999994038
0.000042894,287.999993967
0.000043167,287.999993895
0.000043439,287.999993823
0.000043712,287.999993751
0.000043985,287.999993678
0.000044259,287.999993605
0.000044532,287.999993531
0.000044806,287.999993457
0.000045081,287.999993383
0.000045355,287.999993308
0.000045630,287.999993232
0.000045906,287.999993156
0.000046181,287.999993080
0.000046457,287.999993003
0.000046733,287.999992926
0.000047010,287.999992848
0.000047287,287.999992770
0.000047564,287.999992692
0.000047841,287.999992613
0.000048119,287.999992533
0.000048397,287.999992453
0.000048675,287.999992373
0.000048954,287.999992292
0.000049233,287.999992211
0.000049512,287.999992129
0.000049792,287.999992047
0.000050072,287.999991965
0.000050352,287.999991882
0.000050632,287.999991798
0.000050913,287.999991714
0.000051194,287.999991630
0.000051476,287.999991545
0.000051758,287.999991460
0.000052040,287.999991374
0.000052322,287.999991288
0.000052605,287.999991202
0.000052888,287.999991114
0.000053171,287.999991027
0.000053455,287.999990939
0.000053739,287.999990851
0.000054023,287.999990762
0.000054308,287.999990673
0.000054593,287.999990583
0.000054878,287.999990493
0.000055164,287.999990402
0.000055450,287.999990311
0.000055736,287.999990219
0.000056022,287.999990127
0.000056309,287.999990035
0.000056596,287.999989942
0.000056884,287.999989848
0.000057172,287.999989755
0.000057460,287.999989660
0.000057748,287.999989566
0.000058037,287.999989470
0.000058326,287.999989375
0.000058616,287.999989279
0.000058906,287.999989182
0.000059196,287.999989085
0.000059486,287.999988988
0.000059777,287.999988890
0.000060068,287.999988791
0.000060359,287.999988692
0.000060651,287.999988593
0.000060943,287.999988493
0.000061235,287.999988393
0.000061528,287.999988292
0.000061821,287.999988191
0.000062114,287.999988090
0.000062408,287.999987987
0.000062702,287.999987885
0.000062997,287.999987782
0.000063291,287.999987678
0.000063586,287.999987575
0.000063882,287.999987470
0.000064177,287.999987365
0.000064473,287.999987260
0.000064770,287.999987154
0.000065066,287.999987048
0.000065363,287.999986941
0.000065660,287.999986834
0.000065958,287.999986726
0.000066256,287.999986618
0.000066554,287.999986510
0.000066853,287.999986401
0.000067152,287.999986291
0.000067451,287.999986181
0.000067751,287.999986071
0.000068051,287.999985960
0.000068352,287.999985848
0.000068652,287.999985736
0.000068953,287.999985624
0.000069255,287.999985511
0.000069556,287.999985398
0.000069858,287.999985284
0.000070161,287.999985170
0.000070463,287.999985055
0.000070766,287.999984940
0.000071070,287.999984825
0.000071374,287.999984708
0.000071678,287.999984592
0.000071982,287.999984475
0.000072287,287.999984357
0.000072592,287.999984239
0.000072897,287.999984121
0.000073203,287.999984002
0.000073509,287.999983882
0.000073816,287.999983763
0.000074123,287.999983642
0.000074430,287.999983521
0.000074737,287.999983400
0.000075045,287.999983278
0.000075353,287.999983156
0.000075662,287.999983033
0.000075971,287.999982910
0.000076280,287.999982786
0.000076590,287.999982662
0.000076900,287.999982537
0.000077210,287.999982412
0.000077521,287.999982286
0.000077832,287.999982160
0.000078143,287.999982034
0.000078455,287.999981907
0.000078767,287.999981779
0.000079079,287.999981651
0.000079392,287.999981522
0.000079705,287.999981393
0.000080019,287.999981264
0.000080332,287.999981134
0.000080647,287.999981004
0.000080961,287.999980873
0.000081276,287.999980741
0.000081591,287.999980609
0.000081907,287.999980477
0.000082223,287.999980344
0.000082539,287.999980211
0.000082856,287.999980077
0.000083173,287.999979942
0.000083490,287.999979807
0.000083808,287.999979672
0.000084126,287.999979536
0.000084444,287.999979400
0.000084763,287.999979263
0.000085082,287.999979126
0.000085402,287.999978988
0.000085722,287.999978850
0.000086042,287.999978711
0.000086363,287.999978572
0.000086684,287.999978432
0.000087005,287.999978292
0.000087327,287.999978151
0.000087649,287.999978010
0.000087971,287.999977868
0.000088294,287.999977726
0.000088617,287.999977583
0.000088941,287.999977440
0.000089265,287.999977296
0.000089589,287.999977152
0.000089914,287.999977007
0.000090239,287.999976862
0.000090564,287.999976716
0.000090890,287.999976570
0.000091216,287.999976424
0.000091543,287.999976276
0.000091869,287.999976129
0.000092197,287.999975980
0.000092524,287.999975832
0.000092852,287.999975683
0.000093181,287.999975533
0.000093509,287.999975383
0.000093838,287.999975232
0.000094168,287.999975081
0.000094498,287.999974929
0.000094828,287.999974777
0.000095158,287.999974624
0.000095489,287.999974471
0.000095821,287.999974317
0.000096152,287.999974163
0.000096485,287.999974008
0.000096817,287.999973853
0.000097150,287.999973697
0.000097483,287.999973541
0.000097817,287.999973384
0.000098151,287.999973227
0.000098485,287.999973069
0.000098820,287.999972911
0.000099155,287.999972752
0.000099490,287.999972593
0.000099826,287.999972433
0.000100163,287.999972273
0.000100499,287.999972112
0.000100836,287.999971951
0.000101174,287.999971789
0.000101512,287.999971627
0.000101850,287.999971464
0.000102188,287.999971300
0.000102527,287.999971137
0.000102867,287.999970972
0.000103206,287.999970807
0.000103546,287.999970642
0.000103887,287.999970476
0.000104228,287.999970309
0.000104569,287.999970142
0.000104911,287.999969975
0.000105253,287.999969807
0.000105595,287.999969638
0.000105938,287.999969469
0.000106281,287.999969300
0.000106625,287.999969130
0.000106969,287.999968959
0.000107313,287.999968788
0.000107658,287.999968616
0.000108003,287.999968444
0.000108349,287.999968272
0.000108695,287.999968098
0.000109041,287.999967925
0.000109388,287.999967750
0.000109735,287.999967576
0.000110083,287.999967400
0.000110431,287.999967224
0.000110779,287.999967048
0.000111128,287.999966871
0.000111477,287.999966694
0.000111827,287.999966516
0.000112177,287.999966338
0.000112527,287.999966159
0.000112878,287.999965979
0.000113229,287.999965799
0.000113581,287.999965618
0.000113933,287.999965437
0.000114285,287.999965256
0.000114638,287.999965074
0.000114991,287.999964891
0.000115344,287.999964708
0.000115698,287.999964524
0.000116053,287.999964340
0.000116408,287.999964155
0.000116763,287.999963970
0.000117118,287.999963784
0.000117474,287.999963597
0.000117831,287.999963410
0.000118188,287.999963223
0.000118545,287.999963035
0.000118903,287.999962846
0.000119261,287.999962657
0.000119619,287.999962468
0.000119978,287.999962278
0.000120337,287.999962087
0.000120697,287.999961896
0.000121057,287.999961704
0.000121418,287.999961512
0.000121779,287.999961319
0.000122140,287.999961125
0.000122502,287.999960932
0.000122864,287.999960737
0.000123227,287.999960542
0.000123590,287.999960347
0.000123953,287.999960150
0.000124317,287.999959954
0.000124681,287.999959757
0.000125046,287.999959559
0.000125411,287.999959361
0.000125776,287.999959162
0.000126142,287.999958963
0.000126509,287.999958763
0.000126876,287.999958562
0.000127243,287.999958361
0.000127610,287.999958160
0.000127979,287.999957958
0.000128347,287.999957755
0.000128716,287.999957552
0.000129085,287.999957348
0.000129455,287.999957144
0.000129825,287.999956939
0.000130196,287.999956734
0.000130567,287.999956528
0.000130938,287.999956321
0.000131310,287.999956114
0.000131683,287.999955907
0.000132055,287.999955698
0.000132429,287.999955490
0.000132802,287.999955280
0.000133176,287.999955071
0.000133551,287.999954860
0.000133926,287.999954649
0.000134301,287.999954438
0.000134677,287.999954226
0.000135053,287.999954013
0.000135430,287.999953800
0.000135807,287.999953586
0.000136184,287.999953372
0.000136562,287.999953157
0.000136940,287.999952942
0.000137319,287.999952726
0.000137699,287.999952509
0.000138078,287.999952292
0.000138458,287.999952075
0.000138839,287.999951856
0.000139220,287.999951638
0.000139601,287.999951418
0.000139983,287.999951198
0.000140366,287.999950978
0.000140748,287.999950757
0.000141132,287.999950535
0.000141515,287.999950313
0.000141899,287.999950090
0.000142284,287.999949867
0.000142669,287.999949643
0.000143054,287.999949419
0.000143440,287.999949194
0.000143827,287.999948968
0.000144214,287.999948742
0.000144601,287.999948515
0.000144988,287.999948288
0.000145377,287.999948060
0.000145765,287.999947832
0.000146154,287.999947603
0.000146544,287.999947373
0.000146934,287.999947143
0.000147324,287.999946912
0.000147715,287.999946681
0.000148106,287.999946449
0.000148498,287.999946216
0.000148890,287.999945983
0.000149283,287.999945750
0.000149676,287.999945516
0.000150069,287.999945281
0.000150463,287.999945045
0.000150858,287.999944809
0.000151253,287.999944573
0.000151648,287.999944336
0.000152044,287.999944098
0.000152440,287.999943860
0.000152837,287.999943621
0.000153234,287.999943381
0.000153632,287.999943141
0.000154030,287.999942901
0.000154429,287.999942660
0.000154828,287.999942418
0.000155228,287.999942175
0.000155628,287.999941932
0.000156028,287.999941689
0.000156429,287.999941445
0.000156831,287.999941200
0.000157232,287.999940955
0.000157635,287.999940709
0.000158038,287.999940462
0.000158441,287.999940215
0.000158845,287.999939967
0.000159249,287.999939719
0.000159654,287.999939470
0.000160059,287.999939221
0.000160464,287.999938971
0.000160871,287.999938720
0.000161277,287.999938469
0.000161684,287.999938217
0.000162092,287.999937964
0.000162500,287.999937711
0.000162908,287.999937458
0.000163317,287.999937203
0.000163727,287.999936948
0.000164137,287.999936693
0.000164547,287.999936437
0.000164958,287.999936180
0.000165369,287.999935923
0.000165781,287.999935665
0.000166194,287.999935407
0.000166606,287.999935148
0.000167020,287.999934888
0.000167433,287.999934628
0.000167848,287.999934367
0.000168262,287.999934105
0.000168678,287.999933843
0.000169093,287.999933580
0.000169510,287.999933317
0.000169926,287.999933053
0.000170344,287.999932788
0.000170761,287.999932523
0.000171179,287.999932258
0.000171598,287.999931991
0.000172017,287.999931724
0.000172437,287.999931457
0.000172857,287.999931188
0.000173277,287.999930919
0.000173699,287.999930650
0.000174120,287.999930380
0.000174542,287.999930109
0.000174965,287.999929838
0.000175388,287.999929566
0.000175812,287.999929293
0.000176236,287.999929020
0.000176660,287.999928747
0.000177085,287.999928472
0.000177511,287.999928197
0.000177937,287.999927921
0.000178364,287.999927645
0.000178791,287.999927368
0.000179218,287.999927091
0.000179646,287.999926813
0.000180075,287.999926534
0.000180504,287.999926254
0.000180934,287.999925974
0.000181364,287.999925694
0.000181794,287.999925413
0.000182225,287.999925131
0.000182657,287.999924848
0.000183089,287.999924565
0.000183522,287.999924281
0.000183955,287.999923997
0.000184388,287.999923712
0.000184823,287.999923426
0.000185257,287.999923140
0.000185692,287.999922853
0.000186128,287.999922565
0.000186564,287.999922277
0.000187001,287.999921988
0.000187438,287.999921698
0.000187876,287.999921408
0.000188314,287.999921118
0.000188753,287.999920826
0.000189192,287.999920534
0.000189632,287.999920241
0.000190073,287.999919948
0.000190514,287.999919654
0.000190955,287.999919359
0.000191397,287.999919064
0.000191839,287.999918768
0.000192282,287.999918472
0.000192726,287.999918174
0.000193170,287.999917877
0.000193614,287.999917578
0.000194059,287.999917279
0.000194505,287.999916979
0.000194951,287.999916679
0.000195398,287.999916378
0.000195845,287.999916076
0.000196292,287.999915774
0.000196741,287.999915471
0.000197189,287.999915167
0.000197639,287.999914863
0.000198088,287.999914558
0.000198539,287.999914252
0.000198990,287.999913946
0.000199441,287.999913639
0.000199893,287.999913331
0.000200345,287.999913023
0.000200798,287.999912714
0.000201252,287.999912404
0.000201706,287.999912094
0.000202161,287.999911783
0.000202616,287.999911471
0.000203072,287.999911159
0.000203528,287.999910846
0.000203985,287.999910533
0.000204442,287.999910218
0.000204900,287.999909904
0.000205358,287.999909588
0.000205817,287.999909272
0.000206277,287.999908955
0.000206737,287.999908637
0.000207197,287.999908319
0.000207658,287.999908000
0.000208120,287.999907681
0.000208582,287.999907360
0.000209045,287.999907039
0.000209509,287.999906718
0.000209972,287.999906396
0.000210437,287.999906073
0.000210902,287.999905749
0.000211367,287.999905425
0.000211834,287.999905100
0.000212300,287.999904774
0.000212767,287.999904448
0.000213235,287.999904121
0.000213704,287.999903793
0.000214172,287.999903465
0.000214642,287.999903136
0.000215112,287.999902806
0.000215582,287.999902476
0.000216054,287.999902145
0.000216525,287.999901813
0.000216998,287.999901480
0.000217470,287.999901147
0.000217944,287.999900814
0.000218418,287.999900479
0.000218892,287.999900144
0.000219367,287.999899808
0.000219843,287.999899471
0.000220319,287.999899134
0.000220796,287.999898796
0.000221273,287.999898457
0.000221751,287.999898118
0.000222230,287.999897778
0.000222709,287.999897437
0.000223188,287.999897096
0.000223669,287.999896754
0.000224149,287.999896411
0.000224631,287.999896067
0.000225113,287.999895723
0.000225595,287.999895378
0.000226078,287.999895033
0.000226562,287.999894686
0.000227046,287.999894339
0.000227531,287.999893992
0.000228016,287.999893643
0.000228502,287.999893294
0.000228989,287.999892944
0.000229476,287.999892594
0.000229964,287.999892243
0.000230452,287.999891891
0.000230941,287.999891538
0.000231431,287.999891185
0.000231921,287.999890830
0.000232411,287.999890476
0.000232903,287.999890120
0.000233395,287.999889764
0.000233887,287.999889407
0.000234380,287.999889049
0.000234874,287.999888691
0.000235368,287.999888332
0.000235863,287.999887972
0.000236358,287.999887612
0.000236854,287.999887250
0.000237351,287.999886889
0.000237848,287.999886526
0.000238346,287.999886162
0.000238844,287.999885798
0.000239343,287.999885434
0.000239843,287.999885068
0.000240343,287.999884702
0.000240844,287.999884335
0.000241345,287.999883967
0.000241847,287.999883598
0.000242350,287.999883229
0.000242853,287.999882859
0.000243357,287.999882489
0.000243861,287.999882117
0.000244366,287.999881745
0.000244872,287.999881372
0.000245378,287.999880999
0.000245885,287.999880625
0.000246393,287.999880249
0.000246901,287.999879874
0.000247410,287.999879497
0.000247919,287.999879120
0.000248429,287.999878742
0.000248939,287.999878363
0.000249451,287.999877984
0.000249962,287.999877604
0.000250475,287.999877223
0.000250988,287.999876841
0.000251501,287.999876458
0.000252016,287.999876075
0.000252531,287.999875691
0.000253046,287.999875307
0.000253562,287.999874921
0.000254079,287.999874535
0.000254596,287.999874148
0.000255115,287.999873760
0.000255633,287.999873372
0.000256152,287.999872983
0.000256672,287.999872593
0.000257193,287.999872202
0.000257714,287.999871811
0.000258236,287.999871419
0.000258758,287.999871026
0.000259281,287.999870632
0.000259805,287.999870237
0.000260329,287.999869842
0.000260854,287.999869446
0.000261380,287.999869049
0.000261906,287.999868652
0.000262433,287.999868254
0.000262961,287.999867855
0.000263489,287.999867455
0.000264018,287.999867054
0.000264547,287.999866653
0.000265077,287.999866251
0.000265608,287.999865848
0.000266139,287.999865444
0.000266672,287.999865040
0.000267204,287.999864634
0.000267738,287.999864228
0.000268272,287.999863822
0.000268806,287.999863414
0.000269342,287.999863006
0.000269877,287.999862597
0.000270414,287.999862187
0.000270951,287.999861776
0.000271489,287.999861365
0.000272028,287.999860953
0.000272567,287.999860540
0.000273107,287.999860126
0.000273647,287.999859711
0.000274189,287.999859296
0.000274730,287.999858880
0.000275273,287.999858463
0.000275816,287.999858045
0.000276360,287.999857627
0.000276905,287.999857208
0.000277450,287.999856788
0.000277996,287.999856367
0.000278542,287.999855945
0.000279089,287.999855523
0.000279637,287.999855099
0.000280186,287.999854675
0.000280735,287.999854250
0.000281285,287.999853825
0.000281835,287.999853398
0.000282386,287.999852971
0.000282938,287.999852543
0.000283491,287.999852114
0.000284044,287.999851685
0.000284598,287.999851254
0.000285153,287.999850823
0.000285708,287.999850391
0.000286264,287.999849958
0.000286821,287.999849524
0.000287378,287.999849090
0.000287936,287.999848655
0.000288495,287.999848219
0.000289054,287.999847782
0.000289614,287.999847344
0.000290175,287.999846905
0.000290736,287.999846466
0.000291298,287.999846026
0.000291861,287.999845585
0.000292425,287.999845143
0.000292989,287.999844700
0.000293554,287.999844257
0.000294120,287.999843813
0.000294686,287.999843367
0.000295253,287.999842922
0.000295821,287.999842475
0.000296389,287.999842027
0.000296958,287.999841579
0.000297528,287.999841130
0.000298098,287.999840679
0.000298670,287.999840229
0.000299241,287.999839777
0.000299814,287.999839324
0.000300387,287.999838871
0.000300961,287.999838417
0.000301536,287.999837962
0.000302112,287.999837506
0.000302688,287.999837049
0.000303265,287.999836591
0.000303842,287.999836133
0.000304421,287.999835674
0.000305000,287.999835213
0.000305579,287.999834753
0.000306160,287.999834291
0.000306741,287.999833828
0.000307323,287.999833365
0.000307905,287.999832900
0.000308489,287.999832435
0.000309073,287.999831969
0.000309658,287.999831502
0.000310243,287.999831034
0.000310829,287.999830566
0.000311416,287.999830096
0.000312004,287.999829626
0.000312592,287.999829155
0.000313181,287.999828683
0.000313771,287.999828210
0.000314362,287.999827736
0.000314953,287.999827261
0.000315545,287.999826786
0.000316138,287.999826309
0.000316732,287.999825832
0.000317326,287.999825354
0.000317921,287.999824875
0.000318517,287.999824395
0.000319113,287.999823915
0.000319710,287.999823433
0.000320308,287.999822951
0.000320907,287.999822467
0.000321507,287.999821983
0.000322107,287.999821498
0.000322708,287.999821012
0.000323309,287.999820525
0.000323912,287.999820038
0.000324515,287.999819549
0.000325119,287.999819059
0.000325724,287.999818569
0.000326329,287.999818078
0.000326935,287.999817586
0.000327542,287.999817093
0.000328150,287.999816599
0.000328759,287.999816104
0.000329368,287.999815608
0.000329978,287.999815112
0.000330589,287.999814614
0.000331200,287.999814116
0.000331813,287.999813617
0.000332426,287.999813116
0.000333040,287.999812615
0.000333654,287.999812113
0.000334270,287.999811610
0.000334886,287.999811107
0.000335503,287.999810602
0.000336120,287.999810096
0.000336739,287.999809590
0.000337358,287.999809083
0.000337978,287.999808574
0.000338599,287.999808065
0.000339220,287.999807555
0.000339843,287.999807044
0.000340466,287.999806532
0.000341090,287.999806019
0.000341714,287.999805505
0.000342340,287.999804991
0.000342966,287.999804475
0.000343593,287.999803958
0.000344221,287.999803441
0.000344850,287.999802922
0.000345479,287.999802403
0.000346109,287.999801883
0.000346740,287.999801362
0.000347372,287.999800840
0.000348005,287.999800317
0.000348638,287.999799793
0.000349272,287.999799268
0.000349907,287.999798742
0.000350543,287.999798215
0.000351180,287.999797687
0.000351817,287.999797159
0.000352455,287.999796629
0.000353094,287.999796099
0.000353734,287.999795567
0.000354375,287.999795035
0.000355016,287.999794502
0.000355658,287.999793967
0.000356301,287.999793432
0.000356945,287.999792896
0.000357590,287.999792359
0.000358235,287.999791821
0.000358882,287.999791282
0.000359529,287.999790742
0.000360177,287.999790201
0.000360825,287.999789659
0.000361475,287.999789116
0.000362125,287.999788572
0.000362777,287.999788027
0.000363429,287.999787482
0.000364081,287.999786935
0.000364735,287.999786387
0.000365390,287.999785838
0.000366045,287.999785289
0.000366701,287.999784738
0.000367358,287.999784187
0.000368016,287.999783634
0.000368675,287.999783081
0.000369334,287.999782526
0.000369995,287.999781971
0.000370656,287.999781414
0.000371318,287.999780857
0.000371981,287.999780299
0.000372644,287.999779739
0.000373309,287.999779179
0.000373974,287.999778618
0.000374641,287.999778055
0.000375308,287.999777492
0.000375976,287.999776928
0.000376644,287.999776362
0.000377314,287.999775796
0.000377985,287.999775229
0.000378656,287.999774661
0.000379328,287.999774091
0.000380001,287.999773521
0.000380675,287.999772950
0.000381350,287.999772377
0.000382025,287.999771804
0.000382702,287.999771230
0.000383379,287.999770655
0.000384058,287.999770078
0.000384737,287.999769501
0.000385417,287.999768923
0.000386098,287.999768343
0.000386779,287.999767763
0.000387462,287.999767182
0.000388145,287.999766599
0.000388830,287.999766016
0.000389515,287.999765432
0.000390201,287.999764846
0.000390888,287.999764260
0.000391576,287.999763672
0.000392264,287.999763084
0.000392954,287.999762494
0.000393644,287.999761904
0.000394336,287.999761312
0.000395028,287.999760720
0.000395721,287.999760126
0.000396415,287.999759531
0.000397110,287.999758936
0.000397806,287.999758339
0.000398503,287.999757741
0.000399200,287.999757142
0.000399899,287.999756543
0.000400598,287.999755942
0.000401299,287.999755340
0.000402000,287.999754737
0.000402702,287.999754133
0.000403405,287.999753528
0.000404109,287.999752921
0.000404814,287.999752314
0.000405519,287.999751706
0.000406226,287.999751097
0.000406933,287.999750486
0.000407642,287.999749875
0.000408351,287.999749262
0.000409062,287.999748649
0.000409773,287.999748034
0.000410485,287.999747419
0.000411198,287.999746802
0.000411912,287.999746184
0.000412627,287.999745565
0.000413343,287.999744945
0.000414059,287.999744324
0.000414777,287.999743702
0.000415496,287.999743079
0.000416215,287.999742455
0.000416936,287.999741829
0.000417657,287.999741203
0.000418379,287.999740575
0.000419102,287.999739947
0.000419827,287.999739317
0.000420552,287.999738686
0.000421278,287.999738054
0.000422005,287.999737421
0.000422733,287.999736787
0.000423462,287.999736152
0.000424192,287.999735516
0.000424922,287.999734879
0.000425654,287.999734240
0.000426387,287.999733601
0.000427120,287.999732960
0.000427855,287.999732318
0.000428591,287.999731675
0.000429327,287.999731031
0.000430065,287.999730386
0.000430803,287.999729740
0.000431542,287.999729093
0.000432283,287.999728444
0.000433024,287.999727795
0.000433766,287.999727144
0.000434509,287.999726492
0.000435254,287.999725839
0.000435999,287.999725185
0.000436745,287.999724530
0.000437492,287.999723874
0.000438240,287.999723216
0.000438989,287.999722558
0.000439739,287.999721898
0.000440490,287.999721237
0.000441242,287.999720575
0.000441995,287.999719912
0.000442749,287.999719248
0.000443504,287.999718582
0.000444260,287.999717916
0.000445017,287.999717248
0.000445775,287.999716579
0.000446534,287.999715909
0.000447294,287.999715238
0.000448055,287.999714566
0.000448817,287.999713892
0.000449580,287.999713218
0.000450344,287.999712542
0.000451109,287.999711865
0.000451875,287.999711187
0.000452642,287.999710508
0.000453410,287.999709827
0.000454179,287.999709146
0.000454948,287.999708463
0.000455719,287.999707779
0.000456491,287.999707094
0.000457264,287.999706407
0.000458038,287.999705720
0.000458814,287.999705031
0.000459590,287.999704341
0.000460367,287.999703650
0.000461145,287.999702958
0.000461924,287.999702265
0.000462704,287.999701570
0.000463485,287.999700874
0.000464267,287.999700177
0.000465051,287.999699479
0.000465835,287.999698780
0.000466620,287.999698079
0.000467407,287.999697378
0.000468194,287.999696675
0.000468983,287.999695970
0.000469772,287.999695265
0.000470563,287.999694558
0.000471354,287.999693851
0.000472147,287.999693141
0.000472940,287.999692431
0.000473735,287.999691720
0.000474531,287.999691007
0.000475328,287.999690293
0.000476126,287.999689578
0.000476925,287.999688862
0.000477725,287.999688144
0.000478526,287.999687425
0.000479328,287.999686705
0.000480131,287.999685984
0.000480935,287.999685261
0.000481740,287.999684538
0.000482547,287.999683813
0.000483354,287.999683086
0.000484163,287.999682359
0.000484973,287.999681630
0.000485783,287.999680900
0.000486595,287.999680169
0.000487408,287.999679437
0.000488222,287.999678703
0.000489037,287.999677968
0.000489853,287.999677232
0.000490670,287.999676494
0.000491488,287.999675755
0.000492308,287.999675015
0.000493128,287.999674274
0.000493950,287.999673531
0.000494772,287.999672788
0.000495596,287.999672043
0.000496421,287.999671296
0.000497247,287.999670548
0.000498074,287.999669799
0.000498902,287.999669049
0.000499732,287.999668298
0.000500562,287.999667545
0.000501394,287.999666791
0.000502226,287.999666035
0.000503060,287.999665279
0.000503895,287.999664521
0.000504731,287.999663762
0.000505568,287.999663001
0.000506406,287.999662239
0.000507245,287.999661476
0.000508086,287.999660711
0.000508928,287.999659946
0.000509770,287.999659179
0.000510614,287.999658410
0.000511459,287.999657640
0.000512305,287.999656869
0.000513153,287.999656097
0.000514001,287.999655323
0.000514851,287.999654548
0.000515701,287.999653772
0.000516553,287.999652994
0.000517406,287.999652215
0.000518260,287.999651435
0.000519116,287.999650653
0.000519972,287.999649870
0.000520830,287.999649086
0.000521688,287.999648300
0.000522548,287.999647513
0.000523409,287.999646725
0.000524272,287.999645935
0.000525135,287.999645144
0.000526000,287.999644352
0.000526866,287.999643558
0.000527732,287.999642763
0.000528601,287.999641966
0.000529470,287.999641168
0.000530340,287.999640369
0.000531212,287.999639569
0.000532085,287.999638767
0.000532959,287.999637963
0.000533834,287.999637159
0.000534710,287.999636352
0.000535588,287.999635545
0.000536467,287.999634736
0.000537347,287.999633926
0.000538228,287.999633114
0.000539110,287.999632301
0.000539994,287.999631487
0.000540879,287.999630671
0.000541765,287.999629854
0.000542652,287.999629035
0.000543540,287.999628215
0.000544430,287.999627394
0.000545320,287.999626571
0.000546213,287.999625747
0.000547106,287.999624921
0.000548000,287.999624094
0.000548896,287.999623266
0.000549793,287.999622436
0.000550691,287.999621604
0.000551590,287.999620772
0.000552491,287.999619937
0.000553393,287.999619102
0.000554296,287.999618265
0.000555200,287.999617426
0.000556106,287.999616586
0.000557012,287.999615745
0.000557920,287.999614902
0.000558830,287.999614058
0.000559740,287.999613212
0.000560652,287.999612365
0.000561565,287.999611517
0.000562479,287.999610667
0.000563395,287.999609815
0.000564311,287.999608962
0.000565229,287.999608108
0.000566149,287.999607252
0.000567069,287.999606395
0.000567991,287.999605536
0.000568914,287.999604675
0.000569839,287.999603814
0.000570764,287.999602950
0.000571691,287.999602086
0.000572619,287.999601220
0.000573549,287.999600352
0.000574480,287.999599483
0.000575412,287.999598612
0.000576345,287.999597740
0.000577280,287.999596866
0.000578216,287.999595991
0.000579153,287.999595114
0.000580091,287.999594236
0.000581031,287.999593356
0.000581972,287.999592475
0.000582915,287.999591592
0.000583858,287.999590708
0.000584803,287.999589822
0.000585750,287.999588935
0.000586697,287.999588046
0.000587646,287.999587156
0.000588597,287.999586264
0.000589548,287.999585371
0.000590501,287.999584476
0.000591455,287.999583579
0.000592411,287.999582681
0.000593368,287.999581782
0.000594326,287.999580881
0.000595286,287.999579978
0.000596246,287.999579074
0.000597209,287.999578168
0.000598172,287.999577261
0.000599137,287.999576352
0.000600103,287.999575441
0.000601071,287.999574529
0.000602040,287.999573616
0.000603010,287.999572701
0.000603982,287.999571784
0.000604955,287.999570866
0.000605929,287.999569946
0.000606905,287.999569024
0.000607882,287.999568101
0.000608861,287.999567177
0.000609841,287.999566250
0.000610822,287.999565322
0.000611804,287.999564393
0.000612788,287.999563462
0.000613774,287.999562529
0.000614761,287.999561595
0.000615749,287.999560659
0.000616738,287.999559722
0.000617729,287.999558782
0.000618721,287.999557842
0.000619715,287.999556899
0.000620710,287.999555955
0.000621707,287.999555010
0.000622705,287.999554062
0.000623704,287.999553113
0.000624705,287.999552163
0.000625707,287.999551211
0.000626710,287.999550257
0.000627715,287.999549301
0.000628721,287.999548344
0.000629729,287.999547386
0.000630738,287.999546425
0.000631749,287.999545463
0.000632761,287.999544499
0.000633775,287.999543534
0.000634790,287.999542567
0.000635806,287.999541598
0.000636824,287.999540627
0.000637843,287.999539655
0.000638864,287.999538681
0.000639886,287.999537706
0.000640909,287.999536729
0.000641934,287.999535750
0.000642961,287.999534769
0.000643989,287.999533787
0.000645018,287.999532803
0.000646049,287.999531817
0.000647081,287.999530830
0.000648115,287.999529841
0.000649150,287.999528850
0.000650187,287.999527857
0.000651225,287.999526863
0.000652265,287.999525867
0.000653306,287.999524869
0.000654349,287.999523870
0.000655393,287.999522869
0.000656439,287.999521866
0.000657486,287.999520861
0.000658535,287.999519854
0.000659585,287.999518846
0.000660636,287.999517836
0.000661689,287.999516825
0.000662744,287.999515811
0.000663800,287.999514796
0.000664858,287.999513779
0.000665917,287.999512760
0.000666978,287.999511740
0.000668040,287.999510717
0.000669104,287.999509693
0.000670169,287.999508667
0.000671236,287.999507640
0.000672304,287.999506610
0.000673374,287.999505579
0.000674445,287.999504546
0.000675518,287.999503511
0.000676593,287.999502474
0.000677669,287.999501436
0.000678746,287.999500395
0.000679826,287.999499353
0.000680906,287.999498309
0.000681989,287.999497264
0.000683072,287.999496216
0.000684158,287.999495167
0.000685245,287.999494115
0.000686333,287.999493062
0.000687423,287.999492007
0.000688515,287.999490951
0.000689608,287.999489892
0.000690703,287.999488831
0.000691799,287.999487769
0.000692897,287.999486705
0.000693997,287.999485639
0.000695098,287.999484571
0.000696201,287.999483501
0.000697305,287.999482429
0.000698411,287.999481356
0.000699519,287.999480280
0.000700628,287.999479203
0.000701739,287.999478124
0.000702851,287.999477043
0.000703965,287.999475960
0.000705081,287.999474875
0.000706198,287.999473788
0.000707317,287.999472699
0.000708438,287.999471609
0.000709560,287.999470516
0.000710684,287.999469421
0.000711809,287.999468325
0.000712936,287.999467227
0.000714065,287.999466126
0.000715196,287.999465024
0.000716328,287.999463920
0.000717461,287.999462814
0.000718597,287.999461706
0.000719734,287.999460596
0.000720872,287.999459484
0.000722013,287.999458370
0.000723155,287.999457254
0.000724299,287.999456136
0.000725444,287.999455016
0.000726591,287.999453895
0.000727740,287.999452771
0.000728890,287.999451645
0.000730042,287.999450517
0.000731196,287.999449388
0.000732352,287.999448256
0.000733509,287.999447122
0.000734668,287.999445986
0.000735829,287.999444848
0.000736991,287.999443709
0.000738155,287.999442567
0.000739321,287.999441423
0.000740488,287.999440277
0.000741658,287.999439129
0.000742829,287.999437979
0.000744001,287.999436827
0.000745176,287.999435673
0.000746352,287.999434517
0.000747530,287.999433359
0.000748709,287.999432199
0.000749891,287.999431037
0.000751074,287.999429873
0.000752259,287.999428706
0.000753446,287.999427538
0.000754634,287.999426367
0.000755824,287.999425195
0.000757016,287.999424020
0.000758210,287.999422843
0.000759406,287.999421664
0.000760603,287.999420483
0.000761802,287.999419300
0.000763003,287.999418115
0.000764206,287.999416928
0.000765410,287.999415738
0.000766616,287.999414547
0.000767824,287.999413353
0.000769034,287.999412157
0.000770246,287.999410959
0.000771460,287.999409759
0.000772675,287.999408557
0.000773892,287.999407353
0.000775111,287.999406146
0.000776332,287.999404937
0.000777554,287.999403727
0.000778779,287.999402514
0.000780005,287.999401298
0.000781233,287.999400081
0.000782463,287.999398861
0.000783695,287.999397640
0.000784929,287.999396416
0.000786164,287.999395190
0.000787402,287.999393961
0.000788641,287.999392731
0.000789882,287.999391498
0.000791125,287.999390263
0.000792370,287.999389026
0.000793617,287.999387786
0.000794865,287.999386545
0.000796116,287.999385301
0.000797368,287.999384055
0.000798623,287.999382806
0.000799879,287.999381556
0.000801137,287.999380303
0.000802397,287.999379048
0.000803659,287.999377790
0.000804923,287.999376531
0.000806188,287.999375269
0.000807456,287.999374005
0.000808726,287.999372738
0.000809997,287.999371469
0.000811271,287.999370198
0.000812546,287.999368925
0.000813823,287.999367649
0.000815103,287.999366371
0.000816384,287.999365091
0.000817667,287.999363808
0.000818952,287.999362523
0.000820239,287.999361236
0.000821529,287.999359947
0.000822820,287.999358655
0.000824113,287.999357360
0.000825408,287.999356064
0.000826705,287.999354765
0.000828004,287.999353463
0.000829304,287.999352160
0.000830607,287.999350854
0.000831912,287.999349545
0.000833219,287.999348234
0.000834528,287.999346921
0.000835839,287.999345605
0.000837152,287.999344287
0.000838467,287.999342967
0.000839784,287.999341644
0.000841103,287.999340319
0.000842424,287.999338991
0.000843747,287.999337661
0.000845073,287.999336328
0.000846400,287.999334993
0.000847729,287.999333656
0.000849060,287.999332316
0.000850394,287.999330974
0.000851729,287.999329629
0.000853067,287.999328282
0.000854406,287.999326932
0.000855748,287.999325580
0.000857092,287.999324225
0.000858437,287.999322868
0.000859785,287.999321509
0.000861135,287.999320147
0.000862487,287.999318782
0.000863841,287.999317415
0.000865198,287.999316045
0.000866556,287.999314673
0.000867917,287.999313298
0.000869279,287.999311921
0.000870644,287.999310541
0.000872011,287.999309159
0.000873380,287.999307774
0.000874751,287.999306387
0.000876124,287.999304997
0.000877500,287.999303604
0.000878877,287.999302209
0.000880257,287.999300811
0.000881639,287.999299411
0.000883023,287.999298008
0.000884409,287.999296603
0.000885797,287.999295195
0.000887188,287.999293784
0.000888581,287.999292371
0.000889976,287.999290955
0.000891373,287.999289537
0.000892772,287.999288115
0.000894174,287.999286692
0.000895577,287.999285265
0.000896983,287.999283836
0.000898391,287.999282404
0.000899802,287.999280970
0.000901214,287.999279533
0.000902629,287.999278093
0.000904046,287.999276651
0.000905466,287.999275206
0.000906887,287.999273758
0.000908311,287.999272307
0.000909737,287.999270854
0.000911165,287.999269398
0.000912596,287.999267939
0.000914029,287.999266478
0.000915464,287.999265014
0.000916901,287.999263547
0.000918341,287.999262078
0.000919783,287.999260605
0.000921227,287.999259130
0.000922674,287.999257652
0.000924123,287.999256172
0.000925574,287.999254688
0.000927027,287.999253202
0.000928483,287.999251713
0.000929941,287.999250221
0.000931402,287.999248727
0.000932865,287.999247229
0.000934330,287.999245729
0.000935797,287.999244226
0.000937267,287.999242720
0.000938739,287.999241211
0.000940214,287.999239700
0.000941691,287.999238185
0.000943170,287.999236668
0.000944652,287.999235148
0.000946136,287.999233625
0.000947622,287.999232099
0.000949111,287.999230570
0.000950602,287.999229039
0.000952096,287.999227504
0.000953592,287.999225966
0.000955090,287.999224426
0.000956591,287.999222883
0.000958094,287.999221336
0.000959600,287.999219787
0.000961108,287.999218235
0.000962619,287.999216680
0.000964132,287.999215122
0.000965647,287.999213561
0.000967165,287.999211997
0.000968686,287.999210430
0.000970209,287.999208860
0.000971734,287.999207287
0.000973262,287.999205711
0.000974792,287.999204132
0.000976325,287.999202550
0.000977860,287.999200965
0.000979398,287.999199377
0.000980938,287.999197786
0.000982481,287.999196192
0.000984026,287.999194595
0.000985574,287.999192995
0.000987125,287.999191392
0.000988677,287.999189785
0.000990233,287.999188176
0.000991791,287.999186563
0.000993351,287.999184948
0.000994915,287.999183329
0.000996480,287.999181707
0.000998049,287.999180082
0.000999619,287.999178454
0.001001193,287.999176823
0.001002769,287.999175189
0.001004347,287.999173551
0.001005929,287.999171910
0.001007512,287.999170266
0.001009099,287.999168619
0.001010688,287.999166969
0.001012279,287.999165316
0.001013874,287.999163659
0.001015471,287.999161999
0.001017070,287.999160336
0.001018672,287.999158670
0.001020277,287.999157000
0.001021885,287.999155328
0.001023495,287.999153652
0.001025108,287.999151972
0.001026723,287.999150290
0.001028342,287.999148604
0.001029963,287.999146915
0.001031586,287.999145223
0.001033213,287.999143527
0.001034842,287.999141828
0.001036473,287.999140126
0.001038108,287.999138420
0.001039745,287.999136711
0.001041385,287.999134999
0.001043028,287.999133283
0.001044673,287.999131564
0.001046321,287.999129842
0.001047972,287.999128116
0.001049626,287.999126387
0.001051282,287.999124654
0.001052942,287.999122918
0.001054604,287.999121179
0.001056269,287.999119436
0.001057936,287.999117690
0.001059607,287.999115940
0.001061280,287.999114187
0.001062956,287.999112431
0.001064635,287.999110671
0.001066317,287.999108907
0.001068001,287.999107140
0.001069689,287.999105370
0.001071379,287.999103596
0.001073072,287.999101818
0.001074768,287.999100037
0.001076467,287.999098253
0.001078169,287.999096465
0.001079874,287.999094673
0.001081581,287.999092878
0.001083292,287.999091079
0.001085005,287.999089277
0.001086722,287.999087471
0.001088441,287.999085662
0.001090163,287.999083849
0.001091888,287.999082032
0.001093616,287.999080212
0.001095347,287.999078388
0.001097081,287.999076560
0.001098818,287.999074729
0.001100558,287.999072894
0.001102301,287.999071055
0.001104047,287.999069213
0.001105796,287.999067367
0.001107548,287.999065517
0.001109302,287.999063664
0.001111060,287.999061807
0.001112821,287.999059946
0.001114585,287.999058081
0.001116352,287.999056213
0.001118122,287.999054341
0.001119895,287.999052465
0.001121672,287.999050585
0.001123451,287.999048702
0.001125233,287.999046815
0.001127019,287.999044924
0.001128807,287.999043029
0.001130599,287.999041130
0.001132393,287.999039227
0.001134191,287.999037321
0.001135992,287.999035411
0.001137796,287.999033497
0.001139604,287.999031579
0.001141414,287.999029657
0.001143227,287.999027731
0.001145044,287.999025801
0.001146864,287.999023867
0.001148687,287.999021930
0.001150513,287.999019988
0.001152343,287.999018043
0.001154175,287.999016093
0.001156011,287.999014140
0.001157850,287.999012182
0.001159692,287.999010221
0.001161538,287.999008255
0.001163387,287.999006285
0.001165239,287.999004312
0.001167094,287.999002334
0.001168953,287.999000353
0.001170814,287.998998367
0.001172679,287.998996377
0.001174548,287.998994383
0.001176419,287.998992385
0.001178294,287.998990383
0.001180173,287.998988377
0.001182054,287.998986366
0.001183939,287.998984351
0.001185828,287.998982333
0.001187719,287.998980310
0.001189614,287.998978283
0.001191513,287.998976251
0.001193415,287.998974216
0.001195320,287.998972176
0.001197228,287.998970132
0.001199140,287.998968084
0.001201056,287.998966031
0.001202974,287.998963975
0.001204897,287.998961914
0.001206822,287.998959848
0.001208751,287.998957779
0.001210684,287.998955705
0.001212620,287.998953626
0.001214560,287.998951544
0.001216503,287.998949457
0.001218449,287.998947365
0.001220399,287.998945269
0.001222353,287.998943169
0.001224310,287.998941065
0.001226270,287.998938956
0.001228234,287.998936842
0.001230202,287.998934724
0.001232173,287.998932602
0.001234148,287.998930475
0.001236126,287.998928344
0.001238108,287.998926208
0.001240094,287.998924068
0.001242083,287.998921923
0.001244075,287.998919774
0.001246072,287.998917620
0.001248072,287.998915461
0.001250075,287.998913298
0.001252083,287.998911131
0.001254094,287.998908959
0.001256108,287.998906782
0.001258127,287.998904600
0.001260149,287.998902414
0.001262174,287.998900223
0.001264204,287.998898028
0.001266237,287.998895828
0.001268274,287.998893623
0.001270314,287.998891413
0.001272359,287.998889199
0.001274407,287.998886980
0.001276459,287.998884756
0.001278514,287.998882528
0.001280574,287.998880294
0.001282637,287.998878056
0.001284704,287.998875813
0.001286775,287.998873566
0.001288850,287.998871313
0.001290928,287.998869055
0.001293011,287.998866793
0.001295097,287.998864526
0.001297187,287.998862254
0.001299281,287.998859977
0.001301379,287.998857695
0.001303481,287.998855408
0.001305586,287.998853116
0.001307696,287.998850819
0.001309810,287.998848517
0.001311927,287.998846211
0.001314049,287.998843899
0.001316174,287.998841582
0.001318304,287.998839260
0.001320437,287.998836933
0.001322575,287.998834601
0.001324716,287.998832264
0.001326862,287.998829921
0.001329011,287.998827574
0.001331165,287.998825222
0.001333323,287.998822864
0.001335484,287.998820501
0.001337650,287.998818133
0.001339820,287.998815760
0.001341994,287.998813381
0.001344172,287.998810997
0.001346354,287.998808608
0.001348541,287.998806214
0.001350731,287.998803815
0.001352926,287.998801410
0.001355125,287.998799000
0.001357328,287.998796584
0.001359535,287.998794163
0.001361747,287.998791737
0.001363962,287.998789306
0.001366182,287.998786868
0.001368406,287.998784426
0.001370635,287.998781978
0.001372868,287.998779525
0.001375105,287.998777066
0.001377346,287.998774602
0.001379591,287.998772132
0.001381841,287.998769657
0.001384095,287.998767176
0.001386354,287.998764690
0.001388617,287.998762198
0.001390884,287.998759700
0.001393156,287.998757197
0.001395432,287.998754688
0.001397712,287.998752174
0.001399997,287.998749653
0.001402287,287.998747128
0.001404580,287.998744596
0.001406879,287.998742059
0.001409181,287.998739516
0.001411488,287.998736967
0.001413800,287.998734413
0.001416116,287.998731852
0.001418437,287.998729286
0.001420762,287.998726714
0.001423092,287.998724137
0.001425426,287.998721553
0.001427765,287.998718963
0.001430109,287.998716368
0.001432457,287.998713767
0.001434810,287.998711159
0.001437167,287.998708546
0.001439529,287.998705927
0.001441896,287.998703302
0.001444267,287.998700670
0.001446643,287.998698033
0.001449024,287.998695390
0.001451409,287.998692740
0.001453799,287.998690085
0.001456194,287.998687423
0.001458594,287.998684755
0.001460998,287.998682081
0.001463407,287.998679401
0.001465821,287.998676715
0.001468240,287.998674022
0.001470664,287.998671323
0.001473092,287.998668618
0.001475525,287.998665907
0.001477964,287.998663189
0.001480407,287.998660465
0.001482855,287.998657735
0.001485307,287.998654998
0.001487765,287.998652255
0.001490228,287.998649505
0.001492696,287.998646749
0.001495168,287.998643987
0.001497646,287.998641218
0.001500129,287.998638442
0.001502616,287.998635660
0.001505109,287.998632872
0.001507607,287.998630077
0.001510110,287.998627275
0.001512617,287.998624467
0.001515130,287.998621652
0.001517649,287.998618831
0.001520172,287.998616002
0.001522700,287.998613168
0.001525234,287.998610326
0.001527772,287.998607478
0.001530316,287.998604622
0.001532865,287.998601760
0.001535420,287.998598892
0.001537979,287.998596016
0.001540544,287.998593134
0.001543114,287.998590244
0.001545690,287.998587348
0.001548270,287.998584445
0.001550856,287.998581535
0.001553448,287.998578618
0.001556044,287.998575693
0.001558647,287.998572762
0.001561254,287.998569824
0.001563867,287.998566879
0.001566485,287.998563926
0.001569109,287.998560967
0.001571738,287.998558000
0.001574373,287.998555026
0.001577013,287.998552045
0.001579659,287.998549057
0.001582310,287.998546061
0.001584967,287.998543058
0.001587629,287.998540048
0.001590297,287.998537031
0.001592970,287.998534006
0.001595649,287.998530974
0.001598334,287.998527934
0.001601024,287.998524887
0.001603721,287.998521832
0.001606422,287.998518770
0.001609130,287.998515701
0.001611843,287.998512623
0.001614562,287.998509539
0.001617286,287.998506446
0.001620017,287.998503347
0.001622753,287.998500239
0.001625495,287.998497124
0.001628243,287.998494001
0.001630997,287.998490870
0.001633757,287.998487732
0.001636522,287.998484585
0.001639294,287.998481431
0.001642071,287.998478269
0.001644854,287.998475099
0.001647644,287.998471922
0.001650439,287.998468736
0.001653240,287.998465542
0.001656048,287.998462341
0.001658861,287.998459131
0.001661681,287.998455913
0.001664506,287.998452687
0.001667338,287.998449454
0.001670176,287.998446211
0.001673020,287.998442961
0.001675870,287.998439703
0.001678726,287.998436436
0.001681589,287.998433161
0.001684458,287.998429878
0.001687333,287.998426586
0.001690214,287.998423286
0.001693102,287.998419978
0.001695996,287.998416661
0.001698896,287.998413336
0.001701803,287.998410002
0.001704716,287.998406660
0.001707636,287.998403309
0.001710562,287.998399950
0.001713494,287.998396582
0.001716433,287.998393206
0.001719378,287.998389820
0.001722330,287.998386426
0.001725289,287.998383023
0.001728254,287.998379612
0.001731225,287.998376192
0.001734203,287.998372762
0.001737188,287.998369324
0.001740180,287.998365877
0.001743178,287.998362421
0.001746183,287.998358957
0.001749194,287.998355483
0.001752213,287.998352000
0.001755238,287.998348507
0.001758270,287.998345006
0.001761308,287.998341496
0.001764354,287.998337976
0.001767406,287.998334448
0.001770466,287.998330910
0.001773532,287.998327362
0.001776605,287.998323805
0.001779685,287.998320239
0.001782772,287.998316664
0.001785867,287.998313079
0.001788968,287.998309484
0.001792076,287.998305881
0.001795191,287.998302267
0.001798314,287.998298644
0.001801444,287.998295011
0.001804580,287.998291369
0.001807724,287.998287717
0.001810876,287.998284055
0.001814034,287.998280383
0.001817200,287.998276701
0.001820373,287.998273010
0.001823553,287.998269309
0.001826741,287.998265597
0.001829936,287.998261876
0.001833139,287.998258145
0.001836348,287.998254404
0.001839566,287.998250652
0.001842791,287.998246890
0.001846023,287.998243119
0.001849263,287.998239337
0.001852511,287.998235544
0.001855766,287.998231742
0.001859028,287.998227929
0.001862299,287.998224105
0.001865577,287.998220271
0.001868863,287.998216427
0.001872156,287.998212572
0.001875457,287.998208707
0.001878767,287.998204830
0.001882083,287.998200944
0.001885408,287.998197046
0.001888741,287.998193138
0.001892081,287.998189219
0.001895430,287.998185289
0.001898787,287.998181348
0.001902151,287.998177397
0.001905524,287.998173434
0.001908904,287.998169460
0.001912293,287.998165476
0.001915690,287.998161480
0.001919095,287.998157473
0.001922508,287.998153454
0.001925929,287.998149425
0.001929359,287.998145384
0.001932797,287.998141332
0.001936243,287.998137268
0.001939698,287.998133193
0.001943161,287.998129107
0.001946632,287.998125009
0.001950112,287.998120899
0.001953600,287.998116778
0.001957097,287.998112645
0.001960602,287.998108500
0.001964116,287.998104343
0.001967639,287.998100175
0.001971170,287.998095994
0.001974710,287.998091802
0.001978259,287.998087598
0.001981816,287.998083381
0.001985382,287.998079153
0.001988957,287.998074912
0.001992541,287.998070659
0.001996134,287.998066394
0.001999735,287.998062117
0.002003346,287.998057827
0.002006966,287.998053525
0.002010594,287.998049210
0.002014232,287.998044883
0.002017879,287.998040543
0.002021535,287.998036190
0.002025200,287.998031825
0.002028874,287.998027447
0.002032558,287.998023056
0.002036250,287.998018652
0.002039953,287.998014235
0.002043664,287.998009806
0.002047385,287.998005363
0.002051115,287.998000907
0.002054855,287.997996438
0.002058605,287.997991956
0.002062364,287.997987460
0.002066132,287.997982951
0.002069910,287.997978429
0.002073698,287.997973893
0.002077496,287.997969343
0.002081303,287.997964780
0.002085120,287.997960204
0.002088947,287.997955613
0.002092784,287.997951009
0.002096631,287.997946391
0.002100488,287.997941759
0.002104354,287.997937113
0.002108231,287.997932453
0.002112118,287.997927779
0.002116015,287.997923091
0.002119922,287.997918388
0.002123840,287.997913671
0.002127767,287.997908940
0.002131705,287.997904195
0.002135654,287.997899434
0.002139612,287.997894660
0.002143582,287.997889870
0.002147561,287.997885066
0.002151551,287.997880247
0.002155552,287.997875413
0.002159564,287.997870564
0.002163586,287.997865701
0.002167618,287.997860822
0.002171662,287.997855928
0.002175716,287.997851019
0.002179781,287.997846094
0.002183857,287.997841154
0.002187944,287.997836199
0.002192042,287.997831228
0.002196151,287.997826242
0.002200272,287.997821240
0.002204403,287.997816222
0.002208545,287.997811188
0.002212699,287.997806139
0.002216864,287.997801073
0.002221040,287.997795992
0.002225228,287.997790894
0.002229427,287.997785780
0.002233638,287.997780650
0.002237860,287.997775503
0.002242094,287.997770340
0.002246340,287.997765161
0.002250597,287.997759964
0.002254866,287.997754752
0.002259147,287.997749522
0.002263439,287.997744275
0.002267744,287.997739012
0.002272060,287.997733731
0.002276389,287.997728434
0.002280730,287.997723119
0.002285082,287.997717786
0.002289447,287.997712437
0.002293825,287.997707070
0.002298214,287.997701685
0.002302616,287.997696283
0.002307030,287.997690863
0.002311457,287.997685425
0.002315896,287.997679969
0.002320348,287.997674495
0.002324813,287.997669003
0.002329290,287.997663493
0.002333780,287.997657965
0.002338283,287.997652418
0.002342799,287.997646852
0.002347328,287.997641269
0.002351870,287.997635666
0.002356425,287.997630044
0.002360993,287.997624404
0.002365574,287.997618745
0.002370169,287.997613066
0.002374777,287.997607369
0.002379398,287.997601652
0.002384033,287.997595916
0.002388681,287.997590160
0.002393343,287.997584385
0.002398019,287.997578590
0.002402708,287.997572775
0.002407411,287.997566940
0.002412128,287.997561085
0.002416859,287.997555210
0.002421604,287.997549315
0.002426363,287.997543400
0.002431136,287.997537464
0.002435923,287.997531507
0.002440725,287.997525530
0.002445541,287.997519532
0.002450371,287.997513513
0.002455216,287.997507473
0.002460076,287.997501412
0.002464950,287.997495329
0.002469839,287.997489225
0.002474743,287.997483100
0.002479661,287.997476953
0.002484595,287.997470785
0.002489543,287.997464594
0.002494507,287.997458382
0.002499486,287.997452147
0.002504480,287.997445890
0.002509489,287.997439611
0.002514514,287.997433309
0.002519554,287.997426985
0.002524610,287.997420638
0.002529682,287.997414268
0.002534769,287.997407875
0.002539872,287.997401459
0.002544992,287.997395020
0.002550127,287.997388557
0.002555278,287.997382071
0.002560445,287.997375561
0.002565628,287.997369028
0.002570828,287.997362470
0.002576045,287.997355888
0.002581277,287.997349282
0.002586527,287.997342652
0.002591793,287.997335997
0.002597076,287.997329317
0.002602375,287.997322613
0.002607692,287.997315884
0.002613026,287.997309129
0.002618377,287.997302350
0.002623745,287.997295545
0.002629130,287.997288714
0.002634533,287.997281858
0.002639953,287.997274976
0.002645391,287.997268068
0.002650847,287.997261133
0.002656321,287.997254173
0.002661812,287.997247185
0.002667322,287.997240172
0.002672849,287.997233131
0.002678395,287.997226063
0.002683959,287.997218969
0.002689542,287.997211846
0.002695143,287.997204697
0.002700762,287.997197520
0.002706401,287.997190315
0.002712058,287.997183082
0.002717734,287.997175820
0.002723430,287.997168531
0.002729144,287.997161213
0.002734878,287.997153866
0.002740631,287.997146490
0.002746404,287.997139086
0.002752196,287.997131652
0.002758008,287.997124188
0.002763840,287.997116695
0.002769692,287.997109172
0.002775564,287.997101619
0.002781456,287.997094036
0.002787368,287.997086423
0.002793301,287.997078779
0.002799255,287.997071104
0.002805229,287.997063398
0.002811224,287.997055661
0.002817240,287.997047892
0.002823277,287.997040092
0.002829335,287.997032260
0.002835415,287.997024396
0.002841515,287.997016500
0.002847638,287.997008572
0.002853782,287.997000610
0.002859948,287.996992616
0.002866136,287.996984589
0.002872347,287.996976528
0.002878579,287.996968434
0.002884834,287.996960306
0.002891111,287.996952144
0.002897411,287.996943948
0.002903734,287.996935718
0.002910080,287.996927452
0.002916449,287.996919152
0.002922841,287.996910817
0.002929257,287.996902446
0.002935696,287.996894039
0.002942159,287.996885597
0.002948646,287.996877118
0.002955156,287.996868603
0.002961691,287.996860051
0.002968250,287.996851463
0.002974834,287.996842837
0.002981442,287.996834174
0.002988075,287.996825472
0.002994733,287.996816733
0.003001417,287.996807956
0.003008125,287.996799140
0.003014859,287.996790286
0.003021618,287.996781392
0.003028404,287.996772459
0.003035215,287.996763486
0.003042052,287.996754474
0.003048916,287.996745421
0.003055806,287.996736327
0.003062723,287.996727193
0.003069667,287.996718018
0.003076638,287.996708801
0.003083636,287.996699542
0.003090661,287.996690242
0.003097714,287.996680899
0.003104795,287.996671513
0.003111904,287.996662085
0.003119041,287.996652613
0.003126206,287.996643097
0.003133400,287.996633538
0.003140623,287.996623934
0.003147875,287.996614285
0.003155155,287.996604592
0.003162466,287.996594853
0.003169806,287.996585068
0.003177175,287.996575238
0.003184575,287.996565361
0.003192005,287.996555437
0.003199465,287.996545466
0.003206956,287.996535448
0.003214478,287.996525382
0.003222032,287.996515267
0.003229616,287.996505104
0.003237232,287.996494892
0.003244880,287.996484631
0.003252560,287.996474319
0.003260272,287.996463958
0.003268017,287.996453546
0.003275795,287.996443083
0.003283605,287.996432568
0.003291449,287.996422002
0.003299327,287.996411383
0.003307238,287.996400712
0.003315183,287.996389988
0.003323163,287.996379210
0.003331177,287.996368378
0.003339226,287.996357491
0.003347310,287.996346550
0.003355430,287.996335553
0.003363585,287.996324500
0.003371776,287.996313391
0.003380004,287.996302226
0.003388268,287.996291003
0.003396568,287.996279722
0.003404906,287.996268383
0.003413281,287.996256985
0.003421694,287.996245528
0.003430145,287.996234011
0.003438634,287.996222434
0.003447162,287.996210796
0.003455729,287.996199096
0.003464335,287.996187335
0.003472981,287.996175512
0.003481666,287.996163625
0.003490392,287.996151674
0.003499159,287.996139660
0.003507966,287.996127581
0.003516814,287.996115436
0.003525705,287.996103226
0.003534637,287.996090949
0.003543611,287.996078605
0.003552628,287.996066194
0.003561689,287.996053714
0.003570792,287.996041165
0.003579940,287.996028546
0.003589131,287.996015857
0.003598367,287.996003098
0.003607649,287.995990266
0.003616975,287.995977363
0.003626347,287.995964386
0.003635766,287.995951336
0.003645231,287.995938212
0.003654743,287.995925012
0.003664302,287.995911737
0.003673909,287.995898385
0.003683565,287.995884956
0.003693269,287.995871449
0.003703023,287.995857863
0.003712826,287.995844198
0.003722679,287.995830452
0.003732583,287.995816625
0.003742538,287.995802716
0.003752544,287.995788725
0.003762602,287.995774649
0.003772713,287.995760490
0.003782877,287.995746245
0.003793094,287.995731914
0.003803365,287.995717496
0.003813691,287.995702989
0.003824072,287.995688394
0.003834509,287.995673710
0.003845001,287.995658934
0.003855551,287.995644067
0.003866157,287.995629107
0.003876822,287.995614054
0.003887544,287.995598905
0.003898326,287.995583662
0.003909168,287.995568321
0.003920070,287.995552883
0.003931032,287.995537346
0.003942056,287.995521709
0.003953142,287.995505971
0.003964291,287.995490132
0.003975503,287.995474189
0.003986779,287.995458141
0.003998120,287.995441988
0.004009527,287.995425729
0.004020999,287.995409361
0.004032538,287.995392884
0.004044145,287.995376297
0.004055820,287.995359599
0.004067564,287.995342787
0.004079378,287.995325861
0.004091262,287.995308820
0.004103218,287.995291662
0.004115246,287.995274385
0.004127346,287.995256988
0.004139521,287.995239471
0.004151770,287.995221831
0.004164094,287.995204067
0.004176495,287.995186177
0.004188973,287.995168160
0.004201529,287.995150014
0.004214164,287.995131739
0.004226878,287.995113331
0.004239674,287.995094790
0.004252551,287.995076114
0.004265511,287.995057301
0.004278555,287.995038349
0.004291684,287.995019257
0.004304898,287.995000022
0.004318200,287.994980644
0.004331589,287.994961120
0.004345067,287.994941448
0.004358635,287.994921626
0.004372295,287.994901653
0.004386047,287.994881526
0.004399892,287.994861243
0.004413833,287.994840802
0.004427869,287.994820202
0.004442002,287.994799439
0.004456234,287.994778512
0.004470566,287.994757418
0.004484999,287.994736155
0.004499534,287.994714721
0.004514173,287.994693113
0.004528917,287.994671329
0.004543768,287.994649366
0.004558727,287.994627222
0.004573795,287.994604894
0.004588975,287.994582379
0.004604267,287.994559675
0.004619673,287.994536779
0.004635196,287.994513689
0.004650835,287.994490400
0.004666594,287.994466911
0.004682474,287.994443217
0.004698476,287.994419317
0.004714603,287.994395207
0.004730856,287.994370883
0.004747237,287.994346343
0.004763748,287.994321582
0.004780391,287.994296598
0.004797168,287.994271387
0.004814081,287.994245945
0.004831133,287.994220269
0.004848325,287.994194354
0.004865659,287.994168197
0.004883138,287.994141794
0.004900764,287.994115141
0.004918540,287.994088233
0.004936467,287.994061066
0.004954549,287.994033636
0.004972788,287.994005938
0.004991186,287.993977968
0.005009747,287.993949721
0.005028472,287.993921192
0.005047365,287.993892376
0.005066429,287.993863267
0.005085666,287.993833861
0.005105080,287.993804153
0.005124673,287.993774136
0.005144450,287.993743804
0.005164412,287.993713153
0.005184564,287.993682176
0.005204910,287.993650866
0.005225451,287.993619218
0.005246193,287.993587225
0.005267139,287.993554880
0.005288293,287.993522176
0.005309659,287.993489107
0.005331241,287.993455663
0.005353043,287.993421839
0.005375069,287.993387627
0.005397325,287.993353017
0.005419814,287.993318003
0.005442541,287.993282575
0.005465512,287.993246725
0.005488731,287.993210443
0.005512203,287.993173721
0.005535935,287.993136548
0.005559931,287.993098914
0.005584197,287.993060810
0.005608739,287.993022224
0.005633564,287.992983146
0.005658677,287.992943564
0.005684085,287.992903467
0.005709795,287.992862841
0.005735814,287.992821675
0.005762149,287.992779955
0.005788808,287.992737668
0.005815798,287.992694800
0.005843127,287.992651336
0.005870804,287.992607261
0.005898838,287.992562559
0.005927238,287.992517214
0.005956012,287.992471209
0.005985170,287.992424527
0.006014724,287.992377149
0.006044682,287.992329056
0.006075057,287.992280229
0.006105859,287.992230646
0.006137101,287.992180286
0.006168794,287.992129126
0.006200952,287.992077144
0.006233588,287.992024315
0.006266715,287.991970613
0.006300350,287.991916011
0.006334507,287.991860482
0.006369201,287.991803997
0.006404451,287.991746524
0.006440273,287.991688032
0.006476687,287.991628487
0.006513710,287.991567853
0.006551364,287.991506095
0.006589671,287.991443172
0.006628652,287.991379043
0.006668331,287.991313666
0.006708733,287.991246994
0.006749884,287.991178980
0.006791813,287.991109573
0.006834548,287.991038719
0.006878121,287.990966361
0.006922565,287.990892439
0.006967914,287.990816890
0.007014205,287.990739645
0.007061477,287.990660632
0.007109774,287.990579774
0.007159138,287.990496991
0.007209618,287.990412193
0.007261265,287.990325289
0.007314132,287.990236177
0.007368279,287.990144752
0.007423768,287.990050897
0.007480665,287.989954489
0.007539045,287.989855394
0.007598984,287.989753468
0.007660569,287.989648556
0.007723890,287.989540488
0.007789047,287.989429079
0.007856149,287.989314131
0.007925315,287.989195424
0.007996674,287.989072718
0.008070370,287.988945750
0.008146558,287.988814231
0.008225413,287.988677840
0.008307126,287.988536223
0.008391912,287.988388983
0.008480009,287.988235680
0.008571685,287.988075818
0.008667242,287.987908838
0.008767022,287.987734107
0.008871413,287.987550905
0.008980863,287.987358404
0.009095885,287.987155653
0.009217077,287.986941545
0.009345137,287.986714782
0.009480890,287.986473836
0.009625320,287.986216878
0.009779615,287.985941707
0.009945222,287.985645632
0.010123937,287.985325318
0.010318019,287.984976565
0.010530373,287.984593976
0.010764815,287.984170453
0.011026501,287.983696404
0.011322644,287.983158405
0.011663775,287.982536854
0.012066158,287.981801466
0.012556893,287.980901761
0.013186349,287.979743885
0.014065722,287.978120570
0.015532535,287.975402451
0.019153669,287.968662064
0.024859804,287.957993584
0.029027730,287.950235430
0.033629145,287.941620004
0.039261106,287.931149067
0.043200563,287.923738638
0.050348949,287.910487783
0.053103656,287.905254544
0.063076869,287.886708907
0.066104017,287.880961254
0.074623812,287.865130677
0.077953324,287.858818251
0.083741148,287.848071128
0.088180450,287.839707885
0.092849472,287.831039838
0.097862857,287.821624830
0.101135320,287.815537123
0.107406032,287.803808023
0.110767144,287.797527348
0.118381767,287.783302470
0.121766569,287.776958695
0.129689750,287.762165487
0.133133073,287.755702648
0.138704467,287.745300302
0.143267924,287.736754911
0.147794602,287.728291562
0.154211400,287.716307594
0.157612062,287.709917425
0.162986339,287.699899414
0.166611244,287.693079034
0.173159989,287.680877296
0.176844084,287.673925863
0.183135084,287.662215160
0.186736061,287.655415610
0.191717363,287.646136114
0.196542720,287.637065203
0.200714467,287.629284679
0.207410666,287.616737292
0.210124665,287.611656619
0.219302953,287.594488955
0.222245374,287.588952219
0.234489141,287.566064516
0.237556749,287.560257341
0.244291535,287.547684762
0.248262850,287.540199621
0.253357437,287.530690343
0.258732402,287.520589016
0.263032815,287.512550574
0.267323667,287.504505136
0.271358434,287.496940484
0.276560845,287.487203373
0.280588880,287.479635590
0.286869323,287.467890036
0.290953129,287.460201406
0.295074188,287.452500126
0.300366740,287.442559940
0.303968507,287.435815656
0.311848566,287.421051634
0.315022907,287.415072334
0.321452621,287.403051262
0.324554245,287.397192057
0.332586218,287.382177283
0.335764665,287.376154107
0.346095985,287.356852401
0.349268844,287.350799230
0.355213826,287.339710966
0.359479264,287.331632520
0.364184598,287.322862362
0.370061570,287.311767122
0.374103435,287.304233441
0.378318689,287.296287995
0.382508745,287.288440122
0.387580083,287.278907344
0.391732287,287.271115472
0.397837744,287.259647822
0.402036626,287.251761314
0.405932618,287.244442039
0.411673260,287.233669433
0.415097307,287.227220462
0.424083599,287.210388053
0.427104022,287.204646516
0.433696435,287.192320994
0.436839918,287.186348969
0.445047848,287.170997876
0.448259269,287.164876134
0.457493094,287.147619399
0.460757329,287.141366224
0.466629483,287.130409257
0.471000814,287.122097231
0.475662825,287.113410033
0.481761868,287.101850470
0.485217413,287.095422404
0.490436140,287.085563377
0.494092620,287.078715534
0.500398949,287.066828976
0.500399151,287.332452864
0.500399352,287.598302584
0.500399554,287.864378290
0.500399756,288.130680138
0.500399959,288.397208282
0.500400161,288.663962877
0.500400364,288.930944078
0.500400567,289.198152039
0.500400770,289.465586917
0.500400974,289.733248866
0.500401177,290.001138041
0.500401381,290.269254598
0.500401585,290.537598691
0.500401789,290.806170475
0.500401994,291.074970107
0.500402199,291.343997741
0.500402404,291.613253533
0.500402609,291.882737637
0.500402814,292.152450210
0.500403020,292.422391406
0.500403226,292.692561381
0.500403432,292.962960291
0.500403638,293.233588291
0.500403845,293.504445536
0.500404051,293.775532183
0.500404258,294.046848387
0.500404466,294.318394303
0.500404673,294.590170088
0.500404881,294.862175896
0.500405089,295.134411884
0.500405297,295.406878207
0.500405505,295.679575021
0.500405714,295.952502483
0.500405922,296.225660747
0.500406131,296.499049970
0.500406341,296.772670308
0.500406550,297.046521916
0.500406760,297.320604951
0.500406970,297.594919569
0.500407180,297.869465925
0.500407390,298.144244176
0.500407601,298.419254479
0.500407812,298.694496988
0.500408023,298.969971860
0.500408234,299.245679252
0.500408446,299.521619319
0.500408657,299.797792219
0.500408869,300.074198106
0.500409081,300.350837139
0.500409294,300.627709472
0.500409507,300.904815263
0.500409719,301.182154667
0.500409933,301.459727842
0.500410146,301.737534943
0.500410360,302.015576127
0.500410573,302.293851551
0.500410787,302.572361371
0.500411002,302.851105744
0.500411216,303.130084826
0.500411431,303.409298774
0.500411646,303.688747745
0.500411861,303.968431896
0.500412077,304.248351382
0.500412292,304.528506361
0.500412508,304.808896990
0.500412724,305.089523425
0.500412941,305.370385823
0.500413157,305.651484341
0.500413374,305.932819136
0.500413591,306.214390366
0.500413809,306.496198185
0.500414026,306.778242753
0.500414244,307.060524225
0.500414462,307.343042759
0.500414680,307.625798512
0.500414899,307.908791641
0.500415118,308.192022302
0.500415337,308.475490653
0.500415556,308.759196852
0.500415775,309.043141055
0.500415995,309.327323419
0.500416215,309.611744101
0.500416435,309.896403260
0.500416656,310.181301052
0.500416876,310.466437634
0.500417097,310.751813163
0.500417318,311.037427798
0.500417540,311.323281695
0.500417761,311.609375012
0.500417983,311.895707906
0.500418205,312.182280535
0.500418428,312.469093055
0.500418650,312.756145625
0.500418873,313.043438401
0.500419096,313.330971542
0.500419320,313.618745205
0.500419543,313.906759547
0.500419767,314.195014726
0.500419991,314.483510899
0.500420215,314.772248225
0.500420440,315.061226860
0.500420665,315.350446963
0.500420890,315.639908691
0.500421115,315.929612201
0.500421340,316.219557653
0.500421566,316.509745202
0.500421792,316.800175007
0.500422018,317.090847226
0.500422245,317.381762016
0.500422472,317.672919536
0.500422699,317.964319943
0.500422926,318.255963395
0.500423153,318.547850049
0.500423381,318.839980065
0.500423609,319.132353598
0.500423837,319.424970809
0.500424066,319.717831854
0.500424295,320.010936890
0.500424524,320.304286078
0.500424753,320.597879573
0.500424982,320.891717535
0.500425212,321.185800122
0.500425442,321.480127490
0.500425672,321.774699800
0.500425903,322.069517207
0.500426134,322.364579871
0.500426365,322.659887950
0.500426596,322.955441601
0.500426827,323.251240984
0.500427059,323.547286255
0.500427291,323.843577574
0.500427523,324.140115097
0.500427756,324.436898985
0.500427989,324.733929394
0.500428222,325.031206483
0.500428455,325.328730411
0.500428688,325.626501335
0.500428922,325.924519414
0.500429156,326.222784805
0.500429390,326.521297668
0.500429625,326.820058161
0.500429860,327.119066441
0.500430095,327.418322668
0.500430330,327.717826999
0.500430566,328.017579593
0.500430801,328.317580609
0.500431038,328.617830204
0.500431274,328.918328537
0.500431510,329.219075767
0.500431747,329.520072052
0.500431984,329.821317550
0.500432222,330.122812420
0.500432459,330.424556820
0.500432697,330.726550909
0.500432935,331.028794845
0.500433174,331.331288786
0.500433413,331.634032892
0.500433651,331.937027320
0.500433891,332.240272229
0.500434130,332.543767778
0.500434370,332.847514125
0.500434610,333.151511429
0.500434850,333.455759848
0.500435091,333.760259541
0.500435331,334.065010666
0.500435572,334.370013382
0.500435814,334.675267848
0.500436055,334.980774222
0.500436297,335.286532662
0.500436539,335.592543328
0.500436781,335.898806377
0.500437024,336.205321970
0.500437267,336.512090263
0.500437510,336.819111416
0.500437753,337.126385588
0.500437997,337.433912937
0.500438241,337.741693621
0.500438485,338.049727800
0.500438730,338.358015632
0.500438974,338.666557275
0.500439219,338.975352889
0.500439465,339.284402632
0.500439710,339.593706663
0.500439956,339.903265141
0.500440202,340.213078223
0.500440449,340.523146070
0.500440695,340.833468839
0.500440942,341.144046690
0.500441189,341.454879780
0.500441437,341.765968269
0.500441684,342.077312315
0.500441932,342.388912078
0.500442181,342.700767715
0.500442429,343.012879385
0.500442678,343.325247249
0.500442927,343.637871463
0.500443176,343.950752187
0.500443426,344.263889580
0.500443676,344.577283800
0.500443926,344.890935006
0.500444176,345.204843356
0.500444427,345.519009010
0.500444678,345.833432126
0.500444929,346.148112864
0.500445181,346.463051381
0.500445432,346.778247836
0.500445685,347.093702389
0.500445937,347.409415197
0.500446190,347.725386420
0.500446442,348.041616216
0.500446696,348.358104745
0.500446949,348.674852164
0.500447203,348.991858633
0.500447457,349.309124311
0.500447711,349.626649355
0.500447966,349.944433926
0.500448220,350.262478180
0.500448476,350.580782279
0.500448731,350.899346379
0.500448987,351.218170640
0.500449243,351.537255220
0.500449499,351.856600278
0.500449755,352.176205974
0.500450012,352.496072464
0.500450269,352.816199910
0.500450527,353.136588468
0.500450784,353.457238298
0.500451042,353.778149558
0.500451301,354.099322407
0.500451559,354.420757004
0.500451818,354.742453507
0.500452077,355.064412075
0.500452336,355.386632867
0.500452596,355.709116041
0.500452856,356.031861757
0.500453116,356.354870172
0.500453376,356.678141445
0.500453637,357.001675734
0.500453898,357.325473199
0.500454160,357.649533999
0.500454421,357.973858291
0.500454683,358.298446234
0.500454945,358.623297988
0.500455208,358.948413710
0.500455471,359.273793560
0.500455734,359.599437695
0.500455997,359.925346274
0.500456261,360.251519455
0.500456525,360.577957398
0.500456789,360.904660261
0.500457053,361.231628203
0.500457318,361.558861381
0.500457583,361.886359954
0.500457849,362.214124081
0.500458114,362.542153921
0.500458380,362.870449630
0.500458647,363.199011370
0.500458913,363.527839297
0.500459180,363.856933569
0.500459447,364.186294347
0.500459715,364.515921787
0.500459982,364.845816048
0.500460250,365.175977289
0.500460519,365.506405667
0.500460787,365.837101342
0.500461056,366.168064472
0.500461326,366.499295215
0.500461595,366.830793729
0.500461865,367.162560172
0.500462135,367.494594704
0.500462405,367.826897481
0.500462676,368.159468663
0.500462947,368.492308407
0.500463218,368.825416873
0.500463490,369.158794217
0.500463762,369.492440598
0.500464034,369.826356175
0.500464306,370.160541104
0.500464579,370.494995546
0.500464852,370.829719657
0.500465126,371.164713596
0.500465399,371.499977521
0.500465673,371.835511590
0.500465948,372.171315961
0.500466222,372.507390792
0.500466497,372.843736241
0.500466772,373.180352466
0.500467048,373.517239625
0.500467324,373.854397876
0.500467600,374.191827377
0.500467876,374.529528286
0.500468153,374.867500761
0.500468430,375.205744959
0.500468707,375.544261038
0.500468985,375.883049157
0.500469263,376.222109472
0.500469541,376.561442143
0.500469819,376.901047326
0.500470098,377.240925179
0.500470377,377.581075860
0.500470657,377.921499527
0.500470937,378.262196338
0.500471217,378.603166450
0.500471497,378.944410020
0.500471778,379.285927206
0.500472059,379.627718166
0.500472340,379.969783058
0.500472622,380.312122038
0.500472904,380.654735266
0.500473186,380.997622897
0.500473468,381.340785090
0.500473751,381.684222001
0.500474034,382.027933789
0.500474318,382.371920610
0.500474602,382.716182623
0.500474886,383.060719984
0.500475170,383.405532850
0.500475455,383.750621379
0.500475740,384.095985728
0.500476025,384.441626055
0.500476311,384.787542517
0.500476597,385.133735269
0.500476883,385.480204471
0.500477170,385.826950279
0.500477457,386.173972849
0.500477744,386.521272340
0.500478032,386.868848908
0.500478320,387.216702711
0.500478608,387.564833904
0.500478896,387.913242645
0.500479185,388.261929090
0.500479474,388.610893398
0.500479764,388.960135724
0.500480054,389.309656226
0.500480344,389.659455060
0.500480634,390.009532383
0.500480925,390.359888351
0.500481216,390.710523122
0.500481507,391.061436851
0.500481799,391.412629696
0.500482091,391.764101814
0.500482383,392.115853361
0.500482676,392.467884492
0.500482969,392.820195365
0.500483263,393.172786137
0.500483556,393.525656962
0.500483850,393.878807999
0.500484144,394.232239403
0.500484439,394.585951331
0.500484734,394.939943938
0.500485029,395.294217382
0.500485325,395.648771818
0.500485621,396.003607402
0.500485917,396.358724291
0.500486214,396.714122641
0.500486511,397.069802607
0.500486808,397.425764346
0.500487105,397.782008014
0.500487403,398.138533766
0.500487702,398.495341759
0.500488000,398.852432148
0.500488299,399.209805090
0.500488598,399.567460739
0.500488898,399.925399253
0.500489198,400.283620785
0.500489498,400.642125493
0.500489798,401.000913532
0.500490099,401.359985056
0.500490401,401.719340223
0.500490702,402.078979187
0.500491004,402.438902103
0.500491306,402.799109128
0.500491609,403.159600416
0.500491912,403.520376124
0.500492215,403.881436406
0.500492518,404.242781416
0.500492822,404.604411312
0.500493126,404.966326247
0.500493431,405.328526377
0.500493736,405.691011857
0.500494041,406.053782843
0.500494347,406.416839487
0.500494653,406.780181947
0.500494959,407.143810378
0.500495265,407.507724932
0.500495572,407.871925766
0.500495880,408.236413033
0.500496187,408.601186890
0.500496495,408.966247490
0.500496803,409.331594988
0.500497112,409.697229539
0.500497421,410.063151298
0.500497730,410.429360419
0.500498040,410.795857055
0.500498350,411.162641362
0.500498660,411.529713493
0.500498971,411.897073604
0.500499282,412.264721848
0.500499593,412.632658380
0.500499905,413.000883353
0.500500217,413.369396921
0.500500529,413.738199239
0.500500842,414.107290460
0.500501155,414.476670740
0.500501469,414.846340231
0.500501783,415.216299087
0.500502097,415.586547462
0.500502411,415.957085510
0.500502726,416.327913383
0.500503041,416.699031238
0.500503357,417.070439225
0.500503673,417.442137499
0.500503989,417.814126214
0.500504305,418.186405523
0.500504622,418.558975579
0.500504940,418.931836536
0.500505257,419.304988546
0.500505575,419.678431763
0.500505894,420.052166341
0.500506212,420.426192430
0.500506531,420.800510186
0.500506851,421.175119761
0.500507170,421.550021308
0.500507491,421.925214979
0.500507811,422.300700928
0.500508132,422.676479306
0.500508453,423.052550267
0.500508774,423.428913964
0.500509096,423.805570548
0.500509419,424.182520173
0.500509741,424.559762991
0.500510064,424.937299154
0.500510387,425.315128814
0.500510711,425.693252124
0.500511035,426.071669235
0.500511360,426.450380300
0.500511684,426.829385471
0.500512009,427.208684901
0.500512335,427.588278740
0.500512661,427.968167141
0.500512987,428.348350255
0.500513314,428.728828235
0.500513640,429.109601232
0.500513968,429.490669397
0.500514295,429.872032883
0.500514623,430.253691839
0.500514952,430.635646419
0.500515280,431.017896772
0.500515610,431.400443052
0.500515939,431.783285408
0.500516269,432.166423992
0.500516599,432.549858955
0.500516930,432.933590448
0.500517261,433.317618623
0.500517592,433.701943630
0.500517924,434.086565619
0.500518256,434.471484742
0.500518588,434.856701149
0.500518921,435.242214990
0.500519254,435.628026417
0.500519587,436.014135579
0.500519921,436.400542628
0.500520256,436.787247713
0.500520590,437.174250985
0.500520925,437.561552593
0.500521261,437.949152689
0.500521596,438.337051422
0.500521933,438.725248941
0.500522269,439.113745399
0.500522606,439.502540943
0.500522943,439.891635723
0.500523281,440.281029889
0.500523619,440.670723592
0.500523957,441.060716979
0.500524296,441.451010202
0.500524635,441.841603408
0.500524974,442.232496748
0.500525314,442.623690371
0.500525655,443.015184425
0.500525995,443.406979061
0.500526336,443.799074427
0.500526678,444.191470671
0.500527019,444.584167944
0.500527362,444.977166393
0.500527704,445.370466168
0.500528047,445.764067417
0.500528390,446.157970288
0.500528734,446.552174930
0.500529078,446.946681492
0.500529423,447.341490121
0.500529767,447.736600966
0.500530113,448.132014174
0.500530458,448.527729895
0.500530804,448.923748277
0.500531151,449.320069466
0.500531497,449.716693611
0.500531844,450.113620859
0.500532192,450.510851360
0.500532540,450.908385259
0.500532888,451.306222704
0.500533237,451.704363843
0.500533586,452.102808823
0.500533935,452.501557791
0.500534285,452.900610894
0.500534636,453.299968280
0.500534986,453.699630096
0.500535337,454.099596488
0.500535689,454.499867604
0.500536040,454.900443589
0.500536393,455.301324592
0.500536745,455.702510758
0.500537098,456.104002233
0.500537452,456.505799165
0.500537805,456.907901699
0.500538160,457.310309982
0.500538514,457.713024159
0.500538869,458.116044378
0.500539224,458.519370782
0.500539580,458.923003520
0.500539936,459.326942736
0.500540293,459.731188577
0.500540650,460.135741187
0.500541007,460.540600712
0.500541365,460.945767298
0.500541723,461.351241090
0.500542082,461.757022233
0.500542441,462.163110872
0.500542800,462.569507152
0.500543160,462.976211220
0.500543520,463.383223218
0.500543880,463.790543291
0.500544241,464.198171586
0.500544603,464.606108245
0.500544964,465.014353415
0.500545327,465.422907238
0.500545689,465.831769859
0.500546052,466.240941423
0.500546415,466.650422074
0.500546779,467.060211955
0.500547143,467.470311211
0.500547508,467.880719985
0.500547873,468.291438421
0.500548238,468.702466662
0.500548604,469.113804853
0.500548970,469.525453136
0.500549337,469.937411655
0.500549704,470.349680553
0.500550072,470.762259973
0.500550439,471.175150059
0.500550808,471.588350953
0.500551176,472.001862797
0.500551546,472.415685735
0.500551915,472.829819910
0.500552285,473.244265463
0.500552655,473.659022538
0.500553026,474.074091275
0.500553397,474.489471819
0.500553769,474.905164310
0.500554141,475.321168892
0.500554513,475.737485704
0.500554886,476.154114891
0.500555259,476.571056593
0.500555633,476.988310951
0.500556007,477.405878107
0.500556382,477.823758202
0.500556756,478.241951378
0.500557132,478.660457776
0.500557508,479.079277537
0.500557884,479.498410802
0.500558260,479.917857713
0.500558637,480.337618409
0.500559015,480.757693030
0.500559393,481.178081719
0.500559771,481.598784614
0.500560150,482.019801856
0.500560529,482.441133587
0.500560908,482.862779945
0.500561288,483.284741070
0.500561669,483.707017102
0.500562050,484.129608181
0.500562431,484.552514448
0.500562813,484.975736039
0.500563195,485.399273097
0.500563577,485.823125760
0.500563960,486.247294165
0.500564344,486.671778454
0.500564728,487.096578765
0.500565112,487.521695237
0.500565496,487.947128008
0.500565882,488.372877217
0.500566267,488.798943002
0.500566653,489.225325502
0.500567040,489.652024856
0.500567426,490.079041200
0.500567814,490.506374675
0.500568201,490.934025416
0.500568590,491.361993561
0.500568978,491.790279250
0.500569367,492.218882618
0.500569757,492.647803804
0.500570147,493.077042945
0.500570537,493.506600177
0.500570928,493.936475639
0.500571319,494.366669466
0.500571711,494.797181796
0.500572103,495.228012765
0.500572495,495.659162510
0.500572888,496.090631168
0.500573282,496.522418875
0.500573676,496.954525766
0.500574070,497.386951978
0.500574465,497.819697647
0.500574860,498.252762908
0.500575255,498.686147898
0.500575651,499.119852753
0.500576048,499.553877606
0.500576445,499.988222595
0.500576842,500.422887853
0.500577240,500.857873516
0.500577639,501.293179720
0.500578037,501.728806598
0.500578436,502.164754285
0.500578836,502.601022917
0.500579236,503.037612626
0.500579637,503.474523549
0.500580038,503.911755818
0.500580439,504.349309568
0.500580841,504.787184932
0.500581243,505.225382046
0.500581646,505.663901042
0.500582050,506.102742053
0.500582453,506.541905215
0.500582857,506.981390658
0.500583262,507.421198516
0.500583667,507.861328923
0.500584073,508.301782011
0.500584479,508.742557913
0.500584885,509.183656761
0.500585292,509.625078688
0.500585699,510.066823826
0.500586107,510.508892308
0.500586515,510.951284265
0.500586924,511.393999830
0.500587333,511.837039134
0.500587743,512.280402310
0.500588153,512.724089488
0.500588564,513.168100800
0.500588975,513.612436376
0.500589386,514.057096347
0.500589798,514.502080845
0.500590211,514.947390002
0.500590623,515.393023946
0.500591037,515.838982809
0.500591451,516.285266721
0.500591865,516.731875812
0.500592280,517.178810214
0.500592695,517.626070056
0.500593111,518.073655465
0.500593527,518.521566574
0.500593943,518.969803510
0.500594360,519.418366405
0.500594778,519.867255386
0.500595196,520.316470585
0.500595614,520.766012128
0.500596033,521.215880145
0.500596453,521.666074764
0.500596873,522.116596114
0.500597293,522.567444324
0.500597714,523.018619520
0.500598135,523.470121833
0.500598557,523.921951389
0.500598980,524.374108315
0.500599402,524.826592740
0.500599826,525.279404792
0.500600249,525.732544597
0.500600673,526.186012283
0.500601098,526.639807977
0.500601523,527.093931806
0.500601949,527.548383895
0.500602375,528.003164372
0.500602802,528.458273363
0.500603229,528.913710996
0.500603656,529.369477395
0.500604084,529.825572686
0.500604513,530.281996996
0.500604942,530.738750449
0.500605371,531.195833172
0.500605801,531.653245290
0.500606232,532.110986928
0.500606663,532.569058211
0.500607094,533.027459263
0.500607526,533.486190211
0.500607958,533.945251177
0.500608391,534.404642286
0.500608825,534.864363663
0.500609259,535.324415431
0.500609693,535.784797716
0.500610128,536.245510640
0.500610563,536.706554326
0.500610999,537.167928900
0.500611435,537.629634482
0.500611872,538.091671198
0.500612310,538.554039168
0.500612747,539.016738519
0.500613186,539.479769370
0.500613624,539.943131843
0.500614064,540.406826064
0.500614504,540.870852152
0.500614944,541.335210230
0.500615385,541.799900419
0.500615826,542.264922842
0.500616268,542.730277620
0.500616710,543.195964875
0.500617153,543.661984726
0.500617596,544.128337295
0.500618040,544.595022703
0.500618484,545.062041072
0.500618929,545.529392520
0.500619374,545.997077168
0.500619820,546.465095137
0.500620266,546.933446548
0.500620713,547.402131518
0.500621160,547.871150168
0.500621608,548.340502618
0.500622057,548.810188987
0.500622505,549.280209392
0.500622955,549.750563955
0.500623405,550.221252793
0.500623855,550.692276025
0.500624306,551.163633770
0.500624757,551.635326145
0.500625209,552.107353270
0.500625661,552.579715262
0.500626114,553.052412238
0.500626568,553.525444314
0.500627022,553.998811611
0.500627476,554.472514244
0.500627931,554.946552330
0.500628387,555.420925988
0.500628843,555.895635332
0.500629299,556.370680479
0.500629756,556.846061546
0.500630214,557.321778651
0.500630672,557.797831906
0.500631130,558.274221429
0.500631590,558.750947335
0.500632049,559.228009740
0.500632509,559.705408757
0.500632970,560.183144504
0.500633431,560.661217095
0.500633893,561.139626643
0.500634355,561.618373266
0.500634818,562.097457076
0.500635281,562.576878187
0.500635745,563.056636713
0.500636209,563.536732769
0.500636674,564.017166467
0.500637140,564.497937921
0.500637606,564.979047242
0.500638072,565.460494548
0.500638539,565.942279947
0.500639007,566.424403555
0.500639475,566.906865482
0.500639943,567.389665841
0.500640412,567.872804745
0.500640882,568.356282307
0.500641352,568.840098636
0.500641823,569.324253844
0.500642294,569.808748044
0.500642766,570.293581344
0.500643238,570.778753857
0.500643711,571.264265694
0.500644184,571.750116965
0.500644658,572.236307782
0.500645133,572.722838253
0.500645608,573.209708488
0.500646083,573.696918597
0.500646559,574.184468691
0.500647036,574.672358877
0.500647513,575.160589266
0.500647991,575.649159967
0.500648469,576.138071088
0.500648948,576.627322737
0.500649427,577.116915024
0.500649907,577.606848056
0.500650388,578.097121943
0.500650869,578.587736791
0.500651350,579.078692708
0.500651832,579.569989802
0.500652315,580.061628179
0.500652798,580.553607945
0.500653282,581.045929209
0.500653766,581.538592077
0.500654251,582.031596655
0.500654736,582.524943051
0.500655222,583.018631369
0.500655708,583.512661714
0.500656196,584.007034194
0.500656683,584.501748913
0.500657171,584.996805976
0.500657660,585.492205489
0.500658149,585.987947557
0.500658639,586.484032283
0.500659129,586.980459772
0.500659620,587.477230129
0.500660112,587.974343456
0.500660604,588.471799859
0.500661096,588.969599440
0.500661590,589.467742304
0.500662083,589.966228551
0.500662578,590.465058287
0.500663072,590.964231613
0.500663568,591.463748632
0.500664064,591.963609447
0.500664560,592.463814159
0.500665058,592.964362869
0.500665555,593.465255680
0.500666053,593.966492693
0.500666552,594.468074011
0.500667052,594.969999733
0.500667552,595.472269959
0.500668052,595.974884792
0.500668553,596.477844331
0.500669055,596.981148676
0.500669557,597.484797927
0.500670060,597.988792183
0.500670563,598.493131546
0.500671067,598.997816112
0.500671572,599.502845981
0.500672077,600.008221255
0.500672583,600.513942027
0.500673089,601.020008401
0.500673596,601.526420471
0.500674103,602.033178336
0.500674611,602.540282095
0.500675120,603.047731845
0.500675629,603.555527682
0.500676139,604.063669706
0.500676649,604.572158012
0.500677160,605.080992697
0.500677671,605.590173856
0.500678183,606.099701587
0.500678696,606.609575985
0.500679209,607.119797146
0.500679723,607.630365164
0.500680238,608.141280136
0.500680753,608.652542157
0.500681268,609.164151320
0.500681784,609.676107722
0.500682301,610.188411458
0.500682819,610.701062618
0.500683337,611.214061299
0.500683855,611.727407594
0.500684374,612.241101597
0.500684894,612.755143402
0.500685414,613.269533099
0.500685935,613.784270783
0.500686457,614.299356545
0.500686979,614.814790480
0.500687502,615.330572679
0.500688025,615.846703233
0.500688549,616.363182233
0.500689073,616.880009771
0.500689599,617.397185940
0.500690124,617.914710827
0.500690651,618.432584527
0.500691177,618.950807128
0.500691705,619.469378721
0.500692233,619.988299393
0.500692762,620.507569237
0.500693291,621.027188342
0.500693821,621.547156796
0.500694352,622.067474689
0.500694883,622.588142110
0.500695415,623.109159146
0.500695947,623.630525888
0.500696480,624.152242423
0.500697014,624.674308837
0.500697548,625.196725218
0.500698083,625.719491655
0.500698618,626.242608233
0.500699154,626.766075042
0.500699691,627.289892164
0.500700228,627.814059689
0.500700766,628.338577703
0.500701305,628.863446290
0.500701844,629.388665536
0.500702383,629.914235527
0.500702924,630.440156348
0.500703465,630.966428084
0.500704006,631.493050819
0.500704549,632.020024640
0.500705092,632.547349629
0.500705635,633.075025869
0.500706179,633.603053444
0.500706724,634.131432438
0.500707269,634.660162933
0.500707815,635.189245013
0.500708362,635.718678761
0.500708909,636.248464258
0.500709457,636.778601589
0.500710005,637.309090832
0.500710555,637.839932073
0.500711104,638.371125391
0.500711655,638.902670866
0.500712206,639.434568579
0.500712757,639.966818612
0.500713310,640.499421044
0.500713863,641.032375958
0.500714416,641.565683432
0.500714970,642.099343545
0.500715525,642.633356375
0.500716081,643.167722005
0.500716637,643.702440509
0.500717193,644.237511969
0.500717751,644.772936461
0.500718309,645.308714066
0.500718868,645.844844861
0.500719427,646.381328923
0.500719987,646.918166329
0.500720547,647.455357155
0.500721109,647.992901479
0.500721671,648.530799377
0.500722233,649.069050927
0.500722796,649.607656202
0.500723360,650.146615280
0.500723925,650.685928235
0.500724490,651.225595142
0.500725056,651.765616078
0.500725622,652.305991116
0.500726189,652.846720332
0.500726757,653.387803797
0.500727325,653.929241586
0.500727894,654.471033772
0.500728464,655.013180433
0.500729034,655.555681636
0.500729605,656.098537456
0.500730177,656.641747968
0.500730749,657.185313240
0.500731322,657.729233345
0.500731896,658.273508355
0.500732470,658.818138343
0.500733045,659.363123379
0.500733621,659.908463535
0.500734197,660.454158879
0.500734774,661.000209484
0.500735352,661.546615418
0.500735930,662.093376752
0.500736509,662.640493555
0.500737089,663.187965897
0.500737669,663.735793847
0.500738250,664.283977472
0.500738832,664.832516842
0.500739414,665.381412024
0.500739997,665.930663087
0.500740581,666.480270097
0.500741165,667.030233122
0.500741750,667.580552231
0.500742336,668.131227487
0.500742922,668.682258959
0.500743509,669.233646712
0.500744097,669.785390812
0.500744686,670.337491325
0.500745275,670.889948316
0.500745865,671.442761851
0.500746455,671.995931995
0.500747046,672.549458813
0.500747638,673.103342366
0.500748230,673.657582720
0.500748824,674.212179939
0.500749418,674.767134087
0.500750012,675.322445225
0.500750607,675.878113417
0.500751203,676.434138723
0.500751800,676.990521208
0.500752397,677.547260932
0.500752995,678.104357960
0.500753594,678.661812350
0.500754193,679.219624164
0.500754793,679.777793462
0.500755394,680.336320306
0.500755996,680.895204756
0.500756598,681.454446873
0.500757201,682.014046713
0.500757804,682.574004338
0.500758409,683.134319806
0.500759014,683.694993178
0.500759619,684.256024510
0.500760226,684.817413861
0.500760833,685.379161288
0.500761441,685.941266850
0.500762049,686.503730604
0.500762658,687.066552604
0.500763268,687.629732911
0.500763879,688.193271577
0.500764490,688.757168663
0.500765102,689.321424221
0.500765715,689.886038307
0.500766328,690.451010976
0.500766942,691.016342285
0.500767557,691.582032287
0.500768173,692.148081037
0.500768789,692.714488590
0.500769406,693.281254996
0.500770024,693.848380313
0.500770642,694.415864589
0.500771262,694.983707882
0.500771881,695.551910242
0.500772502,696.120471719
0.500773123,696.689392368
0.500773745,697.258672242
0.500774368,697.828311387
0.500774992,698.398309858
0.500775616,698.968667704
0.500776241,699.539384978
0.500776867,700.110461728
0.500777493,700.681898003
0.500778120,701.253693854
0.500778748,701.825849328
0.500779377,702.398364474
0.500780006,702.971239344
0.500780636,703.544473983
0.500781267,704.118068439
0.500781898,704.692022760
0.500782531,705.266336994
0.500783164,705.841011188
0.500783797,706.416045388
0.500784432,706.991439642
0.500785067,707.567193994
0.500785703,708.143308490
0.500786340,708.719783177
0.500786977,709.296618100
0.500787615,709.873813301
0.500788254,710.451368824
0.500788894,711.029284717
0.500789534,711.607561022
0.500790175,712.186197784
0.500790817,712.765195044
0.500791460,713.344552845
0.500792103,713.924271230
0.500792747,714.504350242
0.500793392,715.084789921
0.500794038,715.665590311
0.500794684,716.246751452
0.500795331,716.828273385
0.500795979,717.410156152
0.500796628,717.992399793
0.500797277,718.575004345
0.500797928,719.157969851
0.500798579,719.741296350
0.500799230,720.324983882
0.500799883,720.909032482
0.500800536,721.493442192
0.500801190,722.078213046
0.500801845,722.663345087
0.500802500,723.248838348
0.500803156,723.834692870
0.500803814,724.420908687
0.500804471,725.007485837
0.500805130,725.594424355
0.500805789,726.181724276
0.500806449,726.769385636
0.500807110,727.357408473
0.500807772,727.945792818
0.500808434,728.534538707
0.500809098,729.123646174
0.500809762,729.713115256
0.500810426,730.302945982
0.500811092,730.893138387
0.500811758,731.483692504
0.500812425,732.074608364
0.500813093,732.665886000
0.500813762,733.257525444
0.500814431,733.849526731
0.500815102,734.441889889
0.500815773,735.034614948
0.500816444,735.627701940
0.500817117,736.221150894
0.500817790,736.814961840
0.500818465,737.409134808
0.500819140,738.003669827
0.500819815,738.598566926
0.500820492,739.193826133
0.500821169,739.789447477
0.500821847,740.385430985
0.500822526,740.981776685
0.500823206,741.578484605
0.500823886,742.175554769
0.500824568,742.772987207
0.500825250,743.370781942
0.500825933,743.968939005
0.500826616,744.567458418
0.500827301,745.166340206
0.500827986,745.765584393
0.500828672,746.365191004
0.500829359,746.965160062
0.500830047,747.565491593
0.500830736,748.166185621
0.500831425,748.767242168
0.500832115,749.368661255
0.500832806,749.970442905
0.500833498,750.572587139
0.500834191,751.175093984
0.500834884,751.777963456
0.500835578,752.381195577
0.500836273,752.984790371
0.500836969,753.588747853
0.500837666,754.193068049
0.500838363,754.797750973
0.500839062,755.402796649
0.500839761,756.008205091
0.500840461,756.613976322
0.500841162,757.220110355
0.500841863,757.826607213
0.500842566,758.433466913
0.500843269,759.040689472
0.500843973,759.648274903
0.500844678,760.256223225
0.500845384,760.864534455
0.500846090,761.473208608
0.500846798,762.082245699
0.500847506,762.691645744
0.500848215,763.301408757
0.500848925,763.911534752
0.500849636,764.522023743
0.500850347,765.132875746
0.500851060,765.744090772
0.500851773,766.355668833
0.500852487,766.967609945
0.500853202,767.579914116
0.500853918,768.192581361
0.500854634,768.805611689
0.500855352,769.419005114
0.500856070,770.032761646
0.500856789,770.646881291
0.500857510,771.261364064
0.500858230,771.876209974
0.500858952,772.491419029
0.500859675,773.106991238
0.500860398,773.722926611
0.500861122,774.339225158
0.500861848,774.955886883
0.500862574,775.572911794
0.500863301,776.190299901
0.500864028,776.808051207
0.500864757,777.426165721
0.500865486,778.044643451
0.500866217,778.663484400
0.500866948,779.282688570
0.500867680,779.902255970
0.500868413,780.522186608
0.500869147,781.142480483
0.500869881,781.763137600
0.500870617,782.384157961
0.500871353,783.005541573
0.500872090,783.627288435
0.500872828,784.249398552
0.500873567,784.871871926
0.500874307,785.494708559
0.500875048,786.117908448
0.500875790,786.741471598
0.500876532,787.365398005
0.500877276,787.989687672
0.500878020,788.614340598
0.500878765,789.239356787
0.500879511,789.864736231
0.500880258,790.490478935
0.500881006,791.116584895
0.500881755,791.743054110
0.500882504,792.369886576
0.500883255,792.997082291
0.500884006,793.624641254
0.500884758,794.252563457
0.500885511,794.880848900
0.500886265,795.509497575
0.500887020,796.138509479
0.500887776,796.767884608
0.500888533,797.397622956
0.500889291,798.027724516
0.500890049,798.658189285
0.500890809,799.289017253
0.500891569,799.920208416
0.500892330,800.551762761
0.500893092,801.183680286
0.500893855,801.815960981
0.500894619,802.448604836
0.500895384,803.081611848
0.500896150,803.714982002
0.500896917,804.348715291
0.500897684,804.982811706
0.500898453,805.617271231
0.500899222,806.252093863
0.500899993,806.887279587
0.500900764,807.522828389
0.500901536,808.158740262
0.500902309,808.795015188
0.500903083,809.431653159
0.500903858,810.068654160
0.500904634,810.706018178
0.500905411,811.343745203
0.500906189,811.981835214
0.500906967,812.620288202
0.500907747,813.259104150
0.500908527,813.898283042
0.500909309,814.537824862
0.500910091,815.177729594
0.500910875,815.817997223
0.500911659,816.458627728
0.500912444,817.099621095
0.500913230,817.740977306
0.500914017,818.382696342
0.500914805,819.024778189
0.500915594,819.667222821
0.500916384,820.310030223
0.500917175,820.953200375
0.500917967,821.596733256
0.500918759,822.240628850
0.500919553,822.884887129
0.500920348,823.529508077
0.500921143,824.174491671
0.500921940,824.819837888
0.500922737,825.465546704
0.500923536,826.111618101
0.500924335,826.758052055
0.500925135,827.404848541
0.500925937,828.052007534
0.500926739,828.699529008
0.500927542,829.347412943
0.500928346,829.995659309
0.500929152,830.644268082
0.500929958,831.293239241
0.500930765,831.942572753
0.500931573,832.592268596
0.500932382,833.242326737
0.500933192,833.892747157
0.500934003,834.543529822
0.500934815,835.194674702
0.500935628,835.846181772
0.500936442,836.498051003
0.500937256,837.150282363
0.500938072,837.802875826
0.500938889,838.455831357
0.500939707,839.109148928
0.500940526,839.762828506
0.500941346,840.416870065
0.500942166,841.071273565
0.500942988,841.726038978
0.500943811,842.381166272
0.500944634,843.036655415
0.500945459,843.692506368
0.500946285,844.348719102
0.500947112,845.005293580
0.500947939,845.662229766
0.500948768,846.319527629
0.500949598,846.977187131
0.500950428,847.635208237
0.500951260,848.293590908
0.500952093,848.952335110
0.500952926,849.611440806
0.500953761,850.270907957
0.500954597,850.930736524
0.500955434,851.590926471
0.500956271,852.251477758
0.500957110,852.912390345
0.500957950,853.573664190
0.500958791,854.235299258
0.500959632,854.897295506
0.500960475,855.559652897
0.500961319,856.222371384
0.500962164,856.885450928
0.500963010,857.548891486
0.500963856,858.212693019
0.500964704,858.876855478
0.500965553,859.541378822
0.500966403,860.206263006
0.500967254,860.871507991
0.500968106,861.537113730
0.500968959,862.203080175
0.500969813,862.869407287
0.500970668,863.536095012
0.500971525,864.203143306
0.500972382,864.870552129
0.500973240,865.538321425
0.500974099,866.206451151
0.500974959,866.874941262
0.500975821,867.543791704
0.500976683,868.213002430
0.500977547,868.882573392
0.500978411,869.552504541
0.500979277,870.222795828
0.500980143,870.893447199
0.500981011,871.564458603
0.500981879,872.235829991
0.500982749,872.907561310
0.500983620,873.579652507
0.500984492,874.252103533
0.500985365,874.924914332
0.500986239,875.598084856
0.500987114,876.271615043
0.500987990,876.945504848
0.500988867,877.619754209
0.500989745,878.294363076
0.500990624,878.969331390
0.500991505,879.644659094
0.500992386,880.320346135
0.500993268,880.996392456
0.500994152,881.672797995
0.500995037,882.349562701
0.500995922,883.026686512
0.500996809,883.704169375
0.500997697,884.382011228
0.500998586,885.060212010
0.500999476,885.738771666
0.501000367,886.417690132
0.501001259,887.096967347
0.501002153,887.776603248
0.501003047,888.456597776
0.501003943,889.136950874
0.501004839,889.817662478
0.501005737,890.498732522
0.501006636,891.180160942
0.501007535,891.861947677
0.501008436,892.544092662
0.501009338,893.226595836
0.501010242,893.909457131
0.501011146,894.592676482
0.501012051,895.276253824
0.501012958,895.960189091
0.501013865,896.644482220
0.501014774,897.329133140
0.501015684,898.014141784
0.501016595,898.699508085
0.501017507,899.385231975
0.501018420,900.071313382
0.501019334,900.757752240
0.501020249,901.444548478
0.501021166,902.131702030
0.501022084,902.819212822
0.501023002,903.507080788
0.501023922,904.195305848
0.501024843,904.883887940
0.501025765,905.572826989
0.501026689,906.262122920
0.501027613,906.951775659
0.501028539,907.641785134
0.501029465,908.332151271
0.501030393,909.022873998
0.501031322,909.713953237
0.501032252,910.405388919
0.501033183,911.097180963
0.501034116,911.789329299
0.501035049,912.481833847
0.501035984,913.174694527
0.501036920,913.867911266
0.501037857,914.561483983
0.501038795,915.255412605
0.501039734,915.949697048
0.501040675,916.644337233
0.501041616,917.339333083
0.501042559,918.034684521
0.501043503,918.730391458
0.501044448,919.426453824
0.501045394,920.122871527
0.501046342,920.819644497
0.501047290,921.516772641
0.501048240,922.214255882
0.501049191,922.912094139
0.501050143,923.610287326
0.501051096,924.308835363
0.501052051,925.007738157
0.501053006,925.706995632
0.501053963,926.406607700
0.501054921,927.106574274
0.501055880,927.806895270
0.501056841,928.507570598
0.501057802,929.208600176
0.501058765,929.909983913
0.501059729,930.611721725
0.501060694,931.313813521
0.501061660,932.016259214
0.501062628,932.719058714
0.501063597,933.422211934
0.501064567,934.125718781
0.501065538,934.829579161
0.501066510,935.533792993
0.501067484,936.238360177
0.501068458,936.943280623
0.501069434,937.648554244
0.501070411,938.354180943
0.501071390,939.060160624
0.501072369,939.766493204
0.501073350,940.473178578
0.501074332,941.180216655
0.501075315,941.887607345
0.501076300,942.595350548
0.501077286,943.303446172
0.501078273,944.011894118
0.501079261,944.720694285
0.501080250,945.429846586
0.501081241,946.139350915
0.501082232,946.849207182
0.501083226,947.559415279
0.501084220,948.269975118
0.501085215,948.980886589
0.501086212,949.692149602
0.501087210,950.403764053
0.501088210,951.115729839
0.501089210,951.828046861
0.501090212,952.540715015
0.501091215,953.253734201
0.501092219,953.967104321
0.501093225,954.680825268
0.501094231,955.394896943
0.501095240,956.109319236
0.501096249,956.824092041
0.501097259,957.539215263
0.501098271,958.254688794
0.501099284,958.970512523
0.501100299,959.686686349
0.501101314,960.403210161
0.501102331,961.120083854
0.501103349,961.837307326
0.501104369,962.554880465
0.501105390,963.272803164
0.501106412,963.991075313
0.501107435,964.709696804
0.501108460,965.428667524
0.501109485,966.147987367
0.501110513,966.867656225
0.501111541,967.587673983
0.501112571,968.308040533
0.501113602,969.028755759
0.501114634,969.749819552
0.501115668,970.471231802
0.501116703,971.192992392
0.501117739,971.915101204
0.501118776,972.637558128
0.501119815,973.360363051
0.501120855,974.083515861
0.501121897,974.807016441
0.501122940,975.530864668
0.501123984,976.255060429
0.501125029,976.979603612
0.501126076,977.704494102
0.501127124,978.429731777
0.501128173,979.155316514
0.501129224,979.881248205
0.501130276,980.607526719
0.501131329,981.334151948
0.501132384,982.061123767
0.501133440,982.788442050
0.501134497,983.516106689
0.501135556,984.244117556
0.501136616,984.972474526
0.501137677,985.701177479
0.501138740,986.430226296
0.501139804,987.159620848
0.501140869,987.889361016
0.501141936,988.619446679
0.501143004,989.349877706
0.501144074,990.080653976
0.501145145,990.811775367
0.501146217,991.543241748
0.501147290,992.275052996
0.501148365,993.007208979
0.501149441,993.739709573
0.501150519,994.472554653
0.501151598,995.205744094
0.501152678,995.939277763
0.501153760,996.673155525
0.501154843,997.407377262
0.501155928,998.141942839
0.501157014,998.876852120
0.501158101,999.612104986
0.501159189,1000.347701300
0.501160279,1001.083640925
0.501161371,1001.819923732
0.501162464,1002.556549591
0.501163558,1003.293518372
0.501164653,1004.030829936
0.501165750,1004.768484152
0.501166849,1005.506480888
0.501167949,1006.244820004
0.501169050,1006.983501368
0.501170153,1007.722524846
0.501171257,1008.461890297
0.501172362,1009.201597586
0.501173469,1009.941646581
0.501174577,1010.682037136
0.501175687,1011.422769117
0.501176798,1012.163842389
0.501177910,1012.905256806
0.501179024,1013.647012232
0.501180140,1014.389108529
0.501181257,1015.131545560
0.501182375,1015.874323179
0.501183495,1016.617441247
0.501184616,1017.360899617
0.501185738,1018.104698156
0.501186862,1018.848836718
0.501187988,1019.593315153
0.501189115,1020.338133328
0.501190243,1021.083291094
0.501191373,1021.828788309
0.501192504,1022.574624822
0.501193637,1023.320800499
0.501194771,1024.067315179
0.501195906,1024.814168728
0.501197044,1025.561361001
0.501198182,1026.308891845
0.501199322,1027.056761106
0.501200464,1027.804968647
0.501201607,1028.553514314
0.501202751,1029.302397961
0.501203897,1030.051619439
0.501205044,1030.801178602
0.501206193,1031.551075294
0.501207344,1032.301309365
0.501208496,1033.051880658
0.501209649,1033.802789034
0.501210804,1034.554034332
0.501211960,1035.305616403
0.501213118,1036.057535088
0.501214277,1036.809790244
0.501215438,1037.562381710
0.501216601,1038.315309335
0.501217765,1039.068572957
0.501218930,1039.822172433
0.501220097,1040.576107599
0.501221265,1041.330378301
0.501222435,1042.084984377
0.501223607,1042.839925671
0.501224780,1043.595202038
0.501225954,1044.350813302
0.501227130,1045.106759318
0.501228308,1045.863039918
0.501229487,1046.619654956
0.501230668,1047.376604264
0.501231850,1048.133887675
0.501233034,1048.891505040
0.501234219,1049.649456190
0.501235406,1050.407740966
0.501236594,1051.166359208
0.501237784,1051.925310746
0.501238976,1052.684595428
0.501240169,1053.444213084
0.501241363,1054.204163552
0.501242559,1054.964446660
0.501243757,1055.725062255
0.501244956,1056.486010164
0.501246157,1057.247290224
0.501247360,1058.008902270
0.501248564,1058.770846128
0.501249769,1059.533121643
0.501250977,1060.295728639
0.501252185,1061.058666951
0.501253396,1061.821936412
0.501254608,1062.585536845
0.501255821,1063.349468083
0.501257037,1064.113729968
0.501258253,1064.878322321
0.501259472,1065.643244965
0.501260692,1066.408497739
0.501261913,1067.174080464
0.501263136,1067.939992970
0.501264361,1068.706235087
0.501265588,1069.472806642
0.501266816,1070.239707465
0.501268045,1071.006937373
0.501269277,1071.774496194
0.501270510,1072.542383755
0.501271744,1073.310599883
0.501272980,1074.079144403
0.501274218,1074.848017131
0.501275458,1075.617217893
0.501276699,1076.386746522
0.501277942,1077.156602834
0.501279186,1077.926786641
0.501280432,1078.697297778
0.501281680,1079.468136056
0.501282929,1080.239301309
0.501284180,1081.010793348
0.501285433,1081.782611984
0.501286687,1082.554757049
0.501287943,1083.327228362
0.501289201,1084.100025734
0.501290461,1084.873148985
0.501291722,1085.646597933
0.501292984,1086.420372396
0.501294249,1087.194472194
0.501295515,1087.968897144
0.501296783,1088.743647053
0.501298052,1089.518721737
0.501299323,1090.294121013
0.501300596,1091.069844697
0.501301871,1091.845892603
0.501303147,1092.622264548
0.501304425,1093.398960334
0.501305705,1094.175979787
0.501306987,1094.953322710
0.501308270,1095.730988915
0.501309555,1096.508978215
0.501310841,1097.287290422
0.501312130,1098.065925338
0.501313420,1098.844882784
0.501314712,1099.624162560
0.501316005,1100.403764477
0.501317300,1101.183688344
0.501318597,1101.963933970
0.501319896,1102.744501166
0.501321197,1103.525389738
0.501322499,1104.306599485
0.501323803,1105.088130224
0.501325109,1105.869981753
0.501326417,1106.652153876
0.501327726,1107.434646402
0.501329037,1108.217459134
0.501330350,1109.000591868
0.501331665,1109.784044419
0.501332981,1110.567816592
0.501334299,1111.351908179
0.501335619,1112.136318984
0.501336941,1112.921048810
0.501338265,1113.706097458
0.501339590,1114.491464732
0.501340918,1115.277150432
0.501342247,1116.063154349
0.501343577,1116.849476294
0.501344910,1117.636116057
0.501346245,1118.423073447
0.501347581,1119.210348254
0.501348919,1119.997940276
0.501350259,1120.785849311
0.501351601,1121.574075146
0.501352944,1122.362617589
0.501354290,1123.151476439
0.501355637,1123.940651478
0.501356986,1124.730142516
0.501358337,1125.519949336
0.501359690,1126.310071733
0.501361045,1127.100509502
0.501362401,1127.891262438
0.501363759,1128.682330333
0.501365120,1129.473712981
0.501366482,1130.265410164
0.501367846,1131.057421686
0.501369212,1131.849747326
0.501370579,1132.642386876
0.501371949,1133.435340139
0.501373321,1134.228606894
0.501374694,1135.022186930
0.501376069,1135.816080038
0.501377446,1136.610286007
0.501378826,1137.404804613
0.501380207,1138.199635657
0.501381590,1138.994778926
0.501382974,1139.790234196
0.501384361,1140.586001254
0.501385750,1141.382079899
0.501387140,1142.178469903
0.501388533,1142.975171054
0.501389927,1143.772183135
0.501391324,1144.569505932
0.501392722,1145.367139229
0.501394122,1146.165082797
0.501395525,1146.963336432
0.501396929,1147.761899917
0.501398335,1148.560773022
0.501399743,1149.359955528
0.501401153,1150.159447230
0.501402565,1150.959247896
0.501403979,1151.759357308
0.501405395,1152.559775244
0.501406813,1153.360501485
0.501408233,1154.161535810
0.501409655,1154.962877997
0.501411079,1155.764527813
0.501412504,1156.566485048
0.501413932,1157.368749480
0.501415362,1158.171320872
0.501416794,1158.974199002
0.501418228,1159.777383658
0.501419664,1160.580874603
0.501421102,1161.384671612
0.501422542,1162.188774460
0.501423984,1162.993182921
0.501425428,1163.797896770
0.501426874,1164.602915779
0.501428322,1165.408239722
0.501429772,1166.213868358
0.501431224,1167.019801472
0.501432679,1167.826038836
0.501434135,1168.632580208
0.501435593,1169.439425358
0.501437054,1170.246574071
0.501438516,1171.054026102
0.501439981,1171.861781222
0.501441448,1172.669839199
0.501442916,1173.478199801
0.501444387,1174.286862798
0.501445860,1175.095827955
0.501447335,1175.905095042
0.501448812,1176.714663823
0.501450292,1177.524534053
0.501451773,1178.334705511
0.501453256,1179.145177948
0.501454742,1179.955951143
0.501456230,1180.767024847
0.501457719,1181.578398837
0.501459211,1182.390072864
0.501460705,1183.202046692
0.501462202,1184.014320082
0.501463700,1184.826892797
0.501465201,1185.639764599
0.501466703,1186.452935249
0.501468208,1187.266404509
0.501469715,1188.080172125
0.501471224,1188.894237871
0.501472736,1189.708601507
0.501474249,1190.523262779
0.501475765,1191.338221458
0.501477283,1192.153477290
0.501478803,1192.969030046
0.501480325,1193.784879470
0.501481850,1194.601025320
0.501483376,1195.417467351
0.501484905,1196.234205319
0.501486437,1197.051238982
0.501487970,1197.868568093
0.501489505,1198.686192409
0.501491043,1199.504111682
0.501492583,1200.322325654
0.501494126,1201.140834092
0.501495670,1201.959636750
0.501497217,1202.778733364
0.501498766,1203.598123689
0.501500317,1204.417807491
0.501501871,1205.237784505
0.501503427,1206.058054484
0.501504985,1206.878617177
0.501506545,1207.699472350
0.501508108,1208.520619738
0.501509673,1209.342059076
0.501511240,1210.163790126
0.501512810,1210.985812638
0.501514382,1211.808126359
0.501515956,1212.630731022
0.501517532,1213.453626390
0.501519111,1214.276813089
0.501520692,1215.100289971
0.501522276,1215.924056783
0.501523862,1216.748113284
0.501525450,1217.572459206
0.501527041,1218.397094291
0.501528633,1219.222018286
0.501530229,1220.047230932
0.501531826,1220.872731975
0.501533426,1221.698521156
0.501535029,1222.524598203
0.501536634,1223.350962872
0.501538241,1224.177614907
0.501539850,1225.004554033
0.501541462,1225.831780005
0.501543076,1226.659292550
0.501544693,1227.487091406
0.501546312,1228.315176328
0.501547934,1229.143547042
0.501549558,1229.972203284
0.501551184,1230.801144794
0.501552813,1231.630371309
0.501554445,1232.459882551
0.501556079,1233.289678273
0.501557715,1234.119758211
0.501559353,1234.950122086
0.501560995,1235.780769649
0.501562638,1236.611700620
0.501564284,1237.442914734
0.501565933,1238.274411741
0.501567584,1239.106191360
0.501569238,1239.938253323
0.501570894,1240.770597365
0.501572552,1241.603223218
0.501574214,1242.436130615
0.501575877,1243.269319271
0.501577543,1244.102788935
0.501579212,1244.936539321
0.501580883,1245.770570176
0.501582557,1246.604881215
0.501584233,1247.439472167
0.501585912,1248.274342779
0.501587594,1249.109492764
0.501589278,1249.944921849
0.501590965,1250.780629746
0.501592654,1251.616616201
0.501594346,1252.452880941
0.501596040,1253.289423693
0.501597737,1254.126244167
0.501599436,1254.963342089
0.501601139,1255.800717202
0.501602844,1256.638369214
0.501604551,1257.476297852
0.501606261,1258.314502838
0.501607974,1259.152983899
0.501609689,1259.991740757
0.501611407,1260.830773119
0.501613128,1261.670080725
0.501614851,1262.509663281
0.501616577,1263.349520526
0.501618306,1264.189652165
0.501620038,1265.030057919
0.501621772,1265.870737510
0.501623509,1266.711690658
0.501625248,1267.552917083
0.501626990,1268.394416506
0.501628735,1269.236188627
0.501630483,1270.078233185
0.501632233,1270.920549879
0.501633987,1271.763138429
0.501635743,1272.605998552
0.501637501,1273.449129966
0.501639263,1274.292532387
0.501641027,1275.136205533
0.501642794,1275.980149120
0.501644564,1276.824362846
0.501646336,1277.668846444
0.501648112,1278.513599611
0.501649890,1279.358622063
0.501651671,1280.203913513
0.501653455,1281.049473676
0.501655242,1281.895302265
0.501657031,1282.741398975
0.501658823,1283.587763538
0.501660619,1284.434395647
0.501662417,1285.281295032
0.501664218,1286.128461387
0.501666021,1286.975894424
0.501667828,1287.823593834
0.501669638,1288.671559347
0.501671450,1289.519790672
0.501673266,1290.368287502
0.501675084,1291.217049544
0.501676905,1292.066076527
0.501678729,1292.915368141
0.501680557,1293.764924074
0.501682387,1294.614744054
0.501684220,1295.464827788
0.501686056,1296.315174964
0.501687895,1297.165785308
0.501689737,1298.016658507
0.501691581,1298.867794267
0.501693429,1299.719192274
0.501695280,1300.570852253
0.501697134,1301.422773908
0.501698991,1302.274956924
0.501700851,1303.127401006
0.501702714,1303.980105857
0.501704580,1304.833071180
0.501706449,1305.686296679
0.501708322,1306.539782035
0.501710197,1307.393526972
0.501712075,1308.247531171
0.501713957,1309.101794333
0.501715841,1309.956316160
0.501717729,1310.811096352
0.501719619,1311.666134589
0.501721513,1312.521430592
0.501723410,1313.376984040
0.501725311,1314.232794633
0.501727214,1315.088862068
0.501729120,1315.945186045
0.501731030,1316.801766241
0.501732943,1317.658602375
0.501734859,1318.515694123
0.501736778,1319.373041183
0.501738700,1320.230643251
0.501740626,1321.088500003
0.501742555,1321.946611155
0.501744487,1322.804976382
0.501746422,1323.663595380
0.501748361,1324.522467844
0.501750303,1325.381593467
0.501752248,1326.240971923
0.501754196,1327.100602927
0.501756148,1327.960486152
0.501758103,1328.820621290
0.501760061,1329.681008013
0.501762023,1330.541646034
0.501763987,1331.402535024
0.501765956,1332.263674676
0.501767927,1333.125064679
0.501769902,1333.986704726
0.501771881,1334.848594506
0.501773862,1335.710733688
0.501775848,1336.573121964
0.501777836,1337.435759020
0.501779828,1338.298644548
0.501781823,1339.161778215
0.501783822,1340.025159729
0.501785824,1340.888788759
0.501787830,1341.752664969
0.501789839,1342.616788069
0.501791852,1343.481157747
0.501793868,1344.345773666
0.501795888,1345.210635514
0.501797911,1346.075742976
0.501799937,1346.941095717
0.501801968,1347.806693420
0.501804001,1348.672535772
0.501806039,1349.538622457
0.501808079,1350.404953160
0.501810124,1351.271527541
0.501812172,1352.138345308
0.501814223,1353.005406121
0.501816279,1353.872709641
0.501818337,1354.740255572
0.501820400,1355.608043575
0.501822466,1356.476073331
0.501824536,1357.344344522
0.501826609,1358.212856807
0.501828686,1359.081609890
0.501830767,1359.950603428
0.501832851,1360.819837101
0.501834940,1361.689310567
0.501837031,1362.559023505
0.501839127,1363.428975618
0.501841226,1364.299166538
0.501843330,1365.169595967
0.501845437,1366.040263561
0.501847547,1366.911168997
0.501849662,1367.782311953
0.501851780,1368.653692106
0.501853902,1369.525309111
0.501856028,1370.397162643
0.501858158,1371.269252379
0.501860292,1372.141577972
0.501862429,1373.014139121
0.501864571,1373.886935479
0.501866716,1374.759966719
0.501868865,1375.633232492
0.501871019,1376.506732474
0.501873176,1377.380466338
0.501875337,1378.254433759
0.501877502,1379.128634386
0.501879671,1380.003067916
0.501881844,1380.877733973
0.501884021,1381.752632256
0.501886202,1382.627762410
0.501888387,1383.503124134
0.501890576,1384.378717050
0.501892770,1385.254540853
0.501894967,1386.130595191
0.501897168,1387.006879733
0.501899374,1387.883394151
0.501901583,1388.760138090
0.501903797,1389.637111219
0.501906015,1390.514313208
0.501908237,1391.391743728
0.501910463,1392.269402420
0.501912694,1393.147288955
0.501914928,1394.025403000
0.501917167,1394.903744199
0.501919410,1395.782312218
0.501921658,1396.661106727
0.501923909,1397.540127391
0.501926165,1398.419373852
0.501928425,1399.298845777
0.501930690,1400.178542833
0.501932959,1401.058464659
0.501935232,1401.938610921
0.501937509,1402.818981285
0.501939791,1403.699575389
0.501942078,1404.580392926
0.501944368,1405.461433534
0.501946664,1406.342696849
0.501948963,1407.224182537
0.501951267,1408.105890261
0.501953576,1408.987819686
0.501955889,1409.869970474
0.501958206,1410.752342262
0.501960528,1411.634934712
0.501962855,1412.517747460
0.501965186,1413.400780167
0.501967522,1414.284032497
0.501969862,1415.167504111
0.501972207,1416.051194642
0.501974557,1416.935103753
0.501976911,1417.819231103
0.501979270,1418.703576327
0.501981634,1419.588139084
0.501984002,1420.472919034
0.501986375,1421.357915810
0.501988753,1422.243129070
0.501991135,1423.128558475
0.501993522,1424.014203684
0.501995914,1424.900064327
0.501998311,1425.786140063
0.502000713,1426.672430522
0.502003120,1427.558935390
0.502005531,1428.445654297
0.502007947,1429.332586871
0.502010369,1430.219732800
0.502012795,1431.107091710
0.502015226,1431.994663230
0.502017662,1432.882447046
0.502020103,1433.770442785
0.502022549,1434.658650073
0.502025000,1435.547068596
0.502027456,1436.435697981
0.502029917,1437.324537883
0.502032384,1438.213587927
0.502034855,1439.102847768
0.502037332,1439.992317061
0.502039813,1440.881995461
0.502042300,1441.771882593
0.502044792,1442.661978109
0.502047289,1443.552281665
0.502049792,1444.442792883
0.502052299,1445.333511417
0.502054813,1446.224436890
0.502057331,1447.115568984
0.502059854,1448.006907323
0.502062383,1448.898451528
0.502064918,1449.790201283
0.502067458,1450.682156207
0.502070003,1451.574315955
0.502072553,1452.466680145
0.502075109,1453.359248429
0.502077671,1454.252020460
0.502080238,1455.144995855
0.502082810,1456.038174299
0.502085389,1456.931555410
0.502087972,1457.825138806
0.502090562,1458.718924139
0.502093157,1459.612911057
0.502095757,1460.507099212
0.502098363,1461.401488221
0.502100975,1462.296077732
0.502103593,1463.190867397
0.502106217,1464.085856831
0.502108846,1464.981045682
0.502111481,1465.876433602
0.502114122,1466.772020237
0.502116768,1467.667805204
0.502119421,1468.563788117
0.502122079,1469.459968658
0.502124744,1470.356346442
0.502127414,1471.252921116
0.502130091,1472.149692329
0.502132773,1473.046659693
0.502135461,1473.943822857
0.502138156,1474.841181467
0.502140857,1475.738735137
0.502143563,1476.636483513
0.502146276,1477.534426241
0.502148995,1478.432562970
0.502151721,1479.330893310
0.502154452,1480.229416908
0.502157190,1481.128133410
0.502159934,1482.027042427
0.502162685,1482.926143605
0.502165441,1483.825436590
0.502168205,1484.724920991
0.502170974,1485.624596491
0.502173750,1486.524462662
0.502176533,1487.424519187
0.502179322,1488.324765674
0.502182117,1489.225201804
0.502184920,1490.125827150
0.502187728,1491.026641393
0.502190544,1491.927644141
0.502193366,1492.828835039
0.502196195,1493.730213731
0.502199030,1494.631779825
0.502201873,1495.533532965
0.502204722,1496.435472794
0.502207578,1497.337598958
0.502210441,1498.239911063
0.502213310,1499.142408752
0.502216187,1500.045091669
0.502219071,1500.947959459
0.502221961,1501.851011726
0.502224859,1502.754248115
0.502227764,1503.657668268
0.502230676,1504.561271791
0.502233595,1505.465058365
0.502236521,1506.369027596
0.502239455,1507.273179126
0.502242396,1508.177512559
0.502245344,1509.082027578
0.502248299,1509.986723787
0.502251262,1510.891600789
0.502254232,1511.796658266
0.502257210,1512.701895861
0.502260195,1513.607313178
0.502263188,1514.512909859
0.502266188,1515.418685506
0.502269196,1516.324639803
0.502272212,1517.230772353
0.502275235,1518.137082796
0.502278266,1519.043570777
0.502281305,1519.950235938
0.502284351,1520.857077881
0.502287406,1521.764096247
0.502290468,1522.671290722
0.502293539,1523.578660865
0.502296617,1524.486206359
0.502299704,1525.393926806
0.502302798,1526.301821891
0.502305901,1527.209891213
0.502309011,1528.118134416
0.502312130,1529.026551100
0.502315258,1529.935140950
0.502318393,1530.843903566
0.502321537,1531.752838634
0.502324690,1532.661945753
0.502327851,1533.571224523
0.502331020,1534.480674631
0.502334198,1535.390295719
0.502337384,1536.300087387
0.502340579,1537.210049278
0.502343783,1538.120181034
0.502346996,1539.030482300
0.502350217,1539.940952717
0.502353448,1540.851591931
0.502356687,1541.762399584
0.502359935,1542.673375276
0.502363192,1543.584518648
0.502366458,1544.495829346
0.502369734,1545.407307059
0.502373016,1546.318452187
0.502376303,1547.228252469
0.502379593,1548.136710805
0.502382887,1549.043829888
0.502386185,1549.949612775
0.502389487,1550.854062120
0.502392792,1551.757180558
0.502396102,1552.658971095
0.502399415,1553.559436330
0.502402733,1554.458579231
0.502406054,1555.356402362
0.502409380,1556.252908462
0.502412709,1557.148100059
0.502416043,1558.041980053
0.502419380,1558.934550935
0.502422722,1559.825815375
0.502426068,1560.715776027
0.502429418,1561.604435330
0.502432772,1562.491796098
0.502436131,1563.377860736
0.502439494,1564.262631829
0.502442861,1565.146111944
0.502446232,1566.028303632
0.502449608,1566.909209230
0.502452987,1567.788831254
0.502456372,1568.667172206
0.502459761,1569.544234571
0.502463154,1570.420020816
0.502466551,1571.294533194
0.502469954,1572.167774341
0.502473360,1573.039746474
0.502476771,1573.910451998
0.502480187,1574.779893098
0.502483608,1575.648072347
0.502487033,1576.514991898
0.502490462,1577.380654295
0.502493897,1578.245061453
0.502497336,1579.108215884
0.502500780,1579.970119882
0.502504228,1580.830775517
0.502507682,1581.690185053
0.502511140,1582.548350939
0.502514603,1583.405274994
0.502518071,1584.260959640
0.502521544,1585.115407077
0.502525022,1585.968619282
0.502528505,1586.820598424
0.502531993,1587.671346658
0.502535486,1588.520866124
0.502538984,1589.369158735
0.502542487,1590.216226812
0.502545996,1591.062072239
0.502549509,1591.906697095
0.502553028,1592.750103445
0.502556552,1593.592293340
0.502560082,1594.433268603
0.502563616,1595.273031257
0.502567156,1596.111583517
0.502570702,1596.948927164
0.502574252,1597.785064175
0.502577809,1598.619996301
0.502581370,1599.453725701
0.502584938,1600.286254098
0.502588510,1601.117583410
0.502592089,1601.947715544
0.502595673,1602.776652390
0.502599263,1603.604395826
0.502602858,1604.430947500
0.502606459,1605.256309475
0.502610066,1606.080483372
0.502613679,1606.903471010
0.502617297,1607.725274197
0.502620922,1608.545894726
0.502624552,1609.365334159
0.502628189,1610.183594480
0.502631831,1611.000677221
0.502635479,1611.816584120
0.502639134,1612.631316902
0.502642794,1613.444877279
0.502646461,1614.257266946
0.502650134,1615.068487367
0.502653813,1615.878540433
0.502657499,1616.687427578
0.502661190,1617.495150446
0.502664888,1618.301710667
0.502668593,1619.107109856
0.502672304,1619.911349617
0.502676021,1620.714431314
0.502679745,1621.516356749
0.502683475,1622.317127260
0.502687212,1623.116744396
0.502690956,1623.915209694
0.502694707,1624.712524677
0.502698464,1625.508690856
0.502702228,1626.303709728
0.502705998,1627.097582548
0.502709776,1627.890311016
0.502713560,1628.681896361
0.502717352,1629.472340028
0.502721150,1630.261643448
0.502724956,1631.049808041
0.502728768,1631.836835213
0.502732588,1632.622726357
0.502736415,1633.407482619
0.502740249,1634.191105603
0.502744091,1634.973596426
0.502747940,1635.754956432
0.502751796,1636.535186949
0.502755659,1637.314289293
0.502759530,1638.092264769
0.502763409,1638.869114665
0.502767295,1639.644840262
0.502771189,1640.419442584
0.502775091,1641.192923124
0.502779000,1641.965282881
0.502782917,1642.736523084
0.502786842,1643.506644946
0.502790774,1644.275649669
0.502794715,1645.043538442
0.502798664,1645.810312443
0.502802621,1646.575972835
0.502806585,1647.340520769
0.502810558,1648.103957139
0.502814540,1648.866283318
0.502818529,1649.627500173
0.502822527,1650.387608804
0.502826533,1651.146610548
0.502830548,1651.904506233
0.502834571,1652.661296922
0.502838603,1653.416983667
0.502842643,1654.171567505
0.502846692,1654.925049462
0.502850750,1655.677430301
0.502854817,1656.428711275
0.502858892,1657.178893371
0.502862977,1657.927977312
0.502867070,1658.675964316
0.502871173,1659.422855078
0.502875284,1660.168650538
0.502879405,1660.913351619
0.502883535,1661.656959494
0.502887674,1662.399474804
0.502891823,1663.140898438
0.502895981,1663.881231272
0.502900149,1664.620474169
0.502904326,1665.358627719
0.502908513,1666.095693021
0.502912710,1666.831670900
0.502916916,1667.566562170
0.502921132,1668.300367367
0.502925359,1669.033087544
0.502929595,1669.764723209
0.502933841,1670.495275393
0.502938098,1671.224744578
0.502942364,1671.953131768
0.502946641,1672.680437421
0.502950929,1673.406662248
0.502955226,1674.131806949
0.502959535,1674.855872479
0.502963854,1675.578859244
0.502968183,1676.300767902
0.502972524,1677.021599103
0.502976875,1677.741353483
0.502981237,1678.460031663
0.502985610,1679.177634255
0.502989995,1679.894161855
0.502994390,1680.609615048
0.502998797,1681.323994127
0.503003215,1682.037299929
0.503007644,1682.749533000
0.503012085,1683.460693873
0.503016538,1684.170783067
0.503021002,1684.879800806
0.503025478,1685.587747867
0.503029966,1686.294624731
0.503034466,1687.000431580
0.503038979,1687.705169154
0.503043503,1688.408837893
0.503048039,1689.111437938
0.503052588,1689.812969992
0.503057149,1690.513434167
0.503061723,1691.212831140
0.503066309,1691.911160995
0.503070909,1692.608424385
0.503075521,1693.304621658
0.503080146,1693.999752853
0.503084784,1694.693818586
0.503089435,1695.386818868
0.503094099,1696.078754289
0.503098777,1696.769624830
0.503103468,1697.459431056
0.503108173,1698.148172919
0.503112892,1698.835850959
0.503117624,1699.522465097
0.503122371,1700.208015846
0.503127131,1700.892503099
0.503131906,1701.575927343
0.503136694,1702.258288438
0.503141498,1702.939586848
0.503146315,1703.619822711
0.503151148,1704.298995842
0.503155995,1704.977106664
0.503160857,1705.654154960
0.503165734,1706.330141125
0.503170626,1707.005065227
0.503175533,1707.678927001
0.503180456,1708.351726804
0.503185394,1709.023464658
0.503190348,1709.694140570
0.503195318,1710.363754213
0.503200303,1711.032305887
0.503205305,1711.699795555
0.503210323,1712.366223164
0.503215357,1713.031588647
0.503220408,1713.695891920
0.503225476,1714.359132885
0.503230560,1715.021311428
0.503235661,1715.682427418
0.503240779,1716.342480711
0.503245915,1717.001471144
0.503251068,1717.659398540
0.503256238,1718.316262706
0.503261426,1718.972063431
0.503266632,1719.626801516
0.503271856,1720.280475683
0.503277099,1720.933085675
0.503282359,1721.584631557
0.503287638,1722.235112695
0.503292936,1722.884529124
0.503298253,1723.532880518
0.503303589,1724.180166187
0.503308944,1724.826386119
0.503314319,1725.471539937
0.503319713,1726.115627246
0.503325127,1726.758647280
0.503330561,1727.400599963
0.503336015,1728.041484847
0.503341490,1728.681301466
0.503346985,1729.320049696
0.503352501,1729.957728672
0.503358038,1730.594337873
0.503363596,1731.229876760
0.503369175,1731.864345139
0.503374776,1732.497742067
0.503380399,1733.130067316
0.503386044,1733.761320270
0.503391711,1734.391499921
0.503397401,1735.020605989
0.503403113,1735.648637800
0.503408848,1736.275594658
0.503414607,1736.901475850
0.503420389,1737.526280640
0.503426194,1738.150008657
0.503432024,1738.772658739
0.503437878,1739.394230088
0.503443756,1740.014722277
0.503449658,1740.634134464
0.503455586,1741.252465398
0.503461539,1741.869714589
0.503467517,1742.485881132
0.503473521,1743.100964101
0.503479551,1743.714962546
0.503485607,1744.327875495
0.503491690,1744.939702358
0.503497800,1745.550441710
0.503503937,1746.160092917
0.503510101,1746.768654506
0.503516293,1747.376125798
0.503522514,1747.982505680
0.503528762,1748.587793016
0.503535039,1749.191986641
0.503541346,1749.795085369
0.503547682,1750.397088410
0.503554047,1750.997994101
0.503560442,1751.597801604
0.503566868,1752.196509198
0.503573325,1752.794115999
0.503579813,1753.390620663
0.503586332,1753.986021818
0.503592883,1754.580318504
0.503599466,1755.173508854
0.503606082,1755.765591856
0.503612731,1756.356565580
0.503619414,1756.946428963
0.503626130,1757.535180462
0.503632880,1758.122818506
0.503639665,1758.709341491
0.503646486,1759.294748246
0.503653341,1759.879036644
0.503660233,1760.462205456
0.503667161,1761.044252953
0.503674126,1761.625177378
0.503681129,1762.204976937
0.503688169,1762.783649806
0.503695247,1763.361194604
0.503702365,1763.937609438
0.503709521,1764.512891895
0.503716718,1765.087040500
0.503723955,1765.660053744
0.503731233,1766.231929098
0.503738552,1766.802664490
0.503745914,1767.372258310
0.503753318,1767.940708409
0.503760765,1768.508012603
0.503768256,1769.074168664
0.503775791,1769.639174840
0.503783372,1770.203028310
0.503790998,1770.765727245
0.503798671,1771.327269255
0.503806390,1771.887652437
0.503814157,1772.446873785
0.503821972,1773.004931314
0.503829837,1773.561821922
0.503837751,1774.117544082
0.503845716,1774.672094594
0.503853732,1775.225470754
0.503861800,1775.777670363
0.503869921,1776.328690623
0.503878095,1776.878528682
0.503886324,1777.427181640
0.503894608,1777.974647114
0.503902948,1778.520922100
0.503911346,1779.066003538
0.503919801,1779.609888317
0.503928315,1780.152573852
0.503936889,1780.694056328
0.503945523,1781.234333055
0.503954220,1781.773401291
0.503962979,1782.311257030
0.503971802,1782.847897416
0.503980690,1783.383318922
0.503989644,1783.917517956
0.503998665,1784.450491487
0.504007754,1784.982235793
0.504016912,1785.512747081
0.504026142,1786.042021491
0.504035443,1786.570055735
0.504044817,1787.096845810
0.504054266,1787.622387635
0.504063791,1788.146677718
0.504073392,1788.669711159
0.504083073,1789.191484317
0.504092834,1789.711993478
0.504102676,1790.231234168
0.504112601,1790.749201824
0.504122611,1791.265891797
0.504132707,1791.781300052
0.504142892,1792.295421761
0.504153166,1792.808251999
0.504163532,1793.319786471
0.504173991,1793.830020058
0.504184545,1794.338947542
0.504195197,1794.846564344
0.504205948,1795.352865035
0.504216800,1795.857844078
0.504227756,1796.361496588
0.504238817,1796.863816800
0.504249987,1797.364799617
0.504261266,1797.864439033
0.504272659,1798.362728919
0.504284166,1798.859663825
0.504295792,1799.355237361
0.504307537,1799.849442999
0.504319407,1800.342274909
0.504331402,1800.833726280
0.504343526,1801.323791007
0.504355783,1801.812461980
0.504368175,1802.299732806
0.504380706,1802.785596054
0.504393379,1803.270045021
0.504406198,1803.753071027
0.504419166,1804.234667956
0.504432288,1804.714827675
0.504445567,1805.193541856
0.504459007,1805.670802928
0.504472613,1806.146602162
0.504486389,1806.620931600
0.504500340,1807.093783077
0.504514470,1807.565146204
0.504528786,1808.035013401
0.504543292,1808.503374807
0.504557993,1808.970220309
0.504572896,1809.435540590
0.504588007,1809.899326084
0.504603331,1810.361565861
0.504618875,1810.822249809
0.504634647,1811.281366397
0.504650654,1811.738904919
0.504666902,1812.194854363
0.504683401,1812.649202203
0.504700158,1813.101936753
0.504717183,1813.553045976
0.504734484,1814.002516216
0.504752071,1814.450334670
0.504769955,1814.896488126
0.504788147,1815.340961638
0.504806657,1815.783741113
0.504825498,1816.224811993
0.504844683,1816.664159227
0.504864225,1817.101765833
0.504884139,1817.537615683
0.504904440,1817.971692076
0.504925144,1818.403977705
0.504946269,1818.834454623
0.504967833,1819.263102635
0.504989855,1819.689903984
0.505012356,1820.114836926
0.505035360,1820.537882207
0.505058890,1820.959016339
0.505082972,1821.378216613
0.505107634,1821.795459342
0.505132905,1822.210721640
0.505158820,1822.623975791
0.505185411,1823.035196691
0.505212718,1823.444356035
0.505240782,1823.851424131
0.505269648,1824.256369791
0.505299365,1824.659160213
0.505329987,1825.059763087
0.505361573,1825.458141994
0.505394189,1825.854258443
0.505427906,1826.248074152
0.505462805,1826.639548501
0.505498975,1827.028632958
0.505536515,1827.415284115
0.505575536,1827.799449822
0.505616166,1828.181077216
0.505658546,1828.560109491
0.505702839,1828.936485413
0.505749233,1829.310138742
0.505797942,1829.680997546
0.505849217,1830.048983377
0.505903352,1830.414014291
0.505960693,1830.775995749
0.506021656,1831.134827512
0.506086740,1831.490397724
0.506156560,1831.842580594
0.506231874,1832.191233385
0.506313642,1832.536204610
0.506403102,1832.877305020
0.506501883,1833.214326349
0.506612195,1833.547018607
0.506737143,1833.875093480
0.506881281,1834.198175479
0.507051688,1834.515808947
0.507260250,1834.827391527
0.507529290,1835.132073486
0.507908842,1835.428550140
0.508554765,1835.714549957
0.510733279,1835.983271596
0.512372084,1835.746848451
0.514139209,1836.005616291
0.516128908,1835.774889376
0.517641046,1836.039484402
0.520240144,1835.774425278
0.521603746,1836.116041778
0.526012678,1835.502424987
0.527000758,1836.228400408
0.529240760,1835.730354162
0.530172076,1836.259131080
0.532184641,1835.848503702
0.533344640,1836.370092284
0.534986347,1835.881780779
0.536314391,1836.480109494
0.537711118,1835.931320461
0.539246858,1836.590732150
0.540463345,1835.995111574
0.542283271,1836.705096852
0.543356172,1836.072795522
0.545613471,1836.829268509
0.546563331,1836.167436421
0.549639128,1836.976961512
0.550473323,1836.290317996
0.555985598,1837.205037611
0.556685417,1836.494605793
0.577933755,1836.503137005
0.579685688,1837.220626867
0.580808871,1836.583846687
0.582957988,1837.338587342
0.583950934,1836.677663537
0.586801407,1837.476986436
0.587674963,1836.794757813
0.592318404,1837.673336226
0.593063224,1836.970951086
0.620308862,1838.310049656
0.620899021,1837.566046342
0.623835245,1836.894537539
0.624912689,1837.700127592
0.626978492,1837.008387414
0.628206333,1837.809346973
0.629869338,1837.109907024
0.631277278,1837.910953088
0.632685065,1837.207082744
0.634327033,1838.011685633
0.635549017,1837.304823971
0.637524359,1838.117358335
0.638597998,1837.408075552
0.641117124,1838.236383539
0.642061956,1837.524923798
0.645726692,1838.389538247
0.646545494,1837.675773909
0.655453201,1838.713656176
0.656092163,1837.996834230
0.660442844,1837.403489236
0.661472311,1838.176955558
0.663847568,1837.518687542
0.665025110,1838.295634114
0.666855187,1837.619593442
0.668203115,1838.401616016
0.669722382,1837.715800907
0.671285447,1838.504412481
0.672590261,1837.811774089
0.674449433,1838.609871520
0.675589368,1837.912212389
0.677907244,1838.725195235
0.678908976,1838.023395183
0.682096686,1838.865103194
0.682970152,1838.159490165
0.688862251,1839.090992618
0.689586081,1838.381587684
0.704982470,1838.163453011
0.706360339,1838.946840270
0.707879238,1838.263044535
0.709484391,1839.050105351
0.710788696,1838.361168198
0.712710113,1839.157207835
0.713848434,1838.463843197
0.716270469,1839.275554581
0.717268689,1838.578371024
0.720684130,1839.422882266
0.721550151,1838.721857399
0.728568518,1839.686216825
0.729268862,1838.980911578
0.737045855,1838.512398488
0.738133263,1839.278231787
0.740413869,1838.626277389
0.741661952,1839.395910748
0.743446091,1838.728084707
0.744884640,1839.503337331
0.746373637,1838.826089788
0.748059924,1839.609059774
0.749340659,1838.925316378
0.751382695,1839.719844655
0.752500069,1839.031020035
0.755132960,1839.844743787
0.756109866,1839.151844913
0.760041901,1840.008537613
0.760880763,1839.311691689
0.772184869,1840.414548361
0.772806471,1839.712111347
0.775872285,1839.090693204
0.777020174,1839.852773130
0.779143383,1839.200703993
0.780463426,1839.967545579
0.782161800,1839.301723147
0.783692911,1840.075139898
0.785123529,1839.400763670
0.786938829,1840.183288356
0.788174071,1839.502828166
0.790417752,1840.299125796
0.791495472,1839.613878901
0.794513779,1840.435590256
0.795450882,1839.746281921
0.800575840,1840.637708964
0.801361280,1839.944261868
0.849818027,1841.276417779
0.850689629,1840.597924260
0.861524992,1841.681177254
0.862172803,1840.986125347
0.865519465,1840.376983679
0.866689243,1841.135437128
0.868909661,1840.495202722
0.870263484,1841.253940359
0.872018219,1840.600238206
0.873597477,1841.364574653
0.875065675,1840.702333480
0.876951546,1841.476031376
0.878212847,1840.807610482
0.880570622,1841.596325375
0.881665619,1840.922972219
0.884914110,1841.740927351
0.885859542,1841.063197905
0.891861306,1841.972467528
0.892637213,1841.290101645
0.908851643,1841.123062455
0.910412826,1841.887952549
0.911930056,1841.228821541
0.913792973,1841.998977727
0.915090966,1841.335328289
0.917411518,1842.118664380
0.918535561,1841.450557414
0.921701229,1842.261154707
0.922671133,1841.588813682
0.928293544,1842.480368643
0.929094623,1841.803659292
0.956451827,1842.015338242
0.960005256,1842.852561027
0.960942643,1842.171745970
0.968559161,1843.117076245
0.969304591,1842.448674153
0.976211999,1841.992487540
0.977395965,1842.718961989
0.979827737,1842.106448750
0.981203780,1842.846449540
0.983070528,1842.213116531
0.984682840,1842.962502329
0.986223686,1842.317825330
0.988159226,1843.078156708
0.989471695,1842.426023366
0.991910525,1843.202815876
0.993042261,1842.545086309
0.996456325,1843.353931803
0.997426296,1842.691366878
1.004131606,1843.609336404
1.004912989,1842.941607925
1.015276294,1842.592745017
1.016575699,1843.331793648
1.018668056,1842.707752645
1.020187370,1843.451451216
1.021869399,1842.814945625
1.023675686,1843.567164910
1.025090284,1842.922470377
1.027319125,1843.687936782
1.028532553,1843.037318240
1.031503147,1843.826785087
1.032546318,1843.171128786
1.037398119,1844.022626777
1.038269114,1843.362110414
1.066402182,1844.687223707
1.067043482,1844.024115784
1.069576130,1843.423645825
1.070987877,1844.155306697
1.072907043,1843.534318782
1.074571260,1844.274324051
1.076145160,1843.641983386
1.078158817,1844.393463516
1.079492884,1843.753403218
1.082064057,1844.523057114
1.083208542,1843.877199387
1.086919327,1844.684142861
1.087892062,1844.033274900
1.096297259,1844.995595379
1.097051396,1844.338986934
1.102749717,1843.846126504
1.103976677,1844.569588537
1.106496854,1843.972046778
1.107936856,1844.700914660
1.109851041,1844.083971892
1.111554624,1844.820844084
1.113124852,1844.193008519
1.115197912,1844.941598258
1.116527909,1844.306254887
1.119203162,1845.074222918
1.120341897,1844.433210346
1.124307104,1845.243437106
1.125269513,1844.597304747
1.135783287,1845.624527913
1.136497144,1844.971861182
1.140300720,1844.421209169
1.141589172,1845.140974675
1.143948657,1844.543047240
1.145463987,1845.269442270
1.147296526,1844.654556453
1.149102816,1845.389953562
1.150618361,1844.765106082
1.152848741,1845.514019546
1.154135512,1844.882153941
1.157102609,1845.654760860
1.158201274,1845.017389457
1.162998766,1845.850277502
1.163912295,1845.207553308
1.189415565,1846.531426629
1.190045680,1845.883973625
1.192196106,1845.286504420
1.193837656,1846.009730827
1.195552845,1845.397889306
1.197537692,1846.132273280
1.198970579,1845.511310766
1.201491385,1846.263182301
1.202710211,1845.635534438
1.206287052,1846.421905254
1.207319025,1845.788768125
1.214712109,1846.700532505
1.215525180,1846.061734507
1.223739355,1845.668473108
1.225067954,1846.379150316
1.227451923,1845.792753821
1.229023256,1846.509928423
1.230869392,1845.906548124
1.232756976,1846.633374061
1.234279614,1846.019863708
1.236640259,1846.761666328
1.237928514,1846.141029724
1.241152635,1846.910751933
1.242245564,1846.284354627
1.247926746,1847.135068927
1.248816983,1846.502794993
1.284239877,1847.015607186
1.323932424,1848.359686578
1.325250557,1847.349656744
1.327822998,1848.226191937
1.329045000,1847.529485368
1.332877623,1848.330423656
1.333922442,1847.699523664
1.342998739,1848.638174171
1.343794427,1848.022956400
1.349050212,1847.560465732
1.350404970,1848.242239021
1.352963291,1847.683589666
1.354575577,1848.380712579
1.356510650,1847.799414505
1.358460955,1848.509257021
1.360039062,1847.915657540
1.362503407,1848.642754737
1.363827821,1848.040854908
1.367264315,1848.799835812
1.368378082,1848.191372600
1.374906601,1849.052014564
1.375793877,1848.437100764
1.389773643,1848.254024595
1.391485299,1848.958611061
1.393316590,1848.373929838
1.395414068,1849.087098510
1.396922151,1848.493935779
1.399639523,1849.225725158
1.400907123,1848.626011487
1.404938880,1849.399654913
1.405995312,1848.794344717
1.416525454,1849.781651346
1.417299663,1849.168747315
1.421378267,1848.664138980
1.422803723,1849.350234160
1.425246067,1848.792640032
1.426954775,1849.486858378
1.428831793,1848.911293818
1.430924798,1849.617379544
1.432462292,1849.031344564
1.435171069,1849.756975314
1.436459603,1849.163326535
1.440463794,1849.931086252
1.441536023,1849.331121527
1.451732116,1850.301632694
1.452522095,1849.694410623
1.456866396,1849.203939919
1.458297400,1849.884746606
1.460788302,1849.333869468
1.462507287,1850.023239304
1.464409456,1849.453388922
1.466519177,1850.155141228
1.468072340,1849.574292571
1.470810728,1850.296083345
1.472109408,1849.707586731
1.476185290,1850.472683830
1.477262947,1849.877744694
1.488082924,1850.863672427
1.488865725,1850.261127412
1.492834878,1849.762708059
1.494308172,1850.440237564
1.496734467,1849.891937871
1.498510266,1850.578264881
1.500378343,1850.012148606
1.502574012,1850.711604249
1.504102749,1850.135074746
1.506996902,1850.856660480
1.508273572,1850.272579603
1.512766618,1851.045902392
1.513817384,1850.455399380
1.530721563,1851.635656160
1.531399294,1851.035836255
1.533578088,1850.484508462
1.535525047,1851.171202373
1.537252179,1850.605646721
1.539716360,1851.308483348
1.541143563,1850.733859902
1.544570759,1851.467598765
1.545759122,1850.885894623
1.552144123,1851.715608476
1.553086547,1851.127263963
1.570334212,1851.075118439
1.572489843,1851.769319826
1.574088816,1851.201151168
1.576913624,1851.912672082
1.578242227,1851.338605029
1.582534892,1852.095649631
1.583628427,1851.515956898
1.596750644,1852.561187330
1.597505894,1851.973008304
1.600558024,1851.459261542
1.602219129,1852.127392654
1.604377077,1851.585165709
1.606413159,1852.264600275
1.608125944,1851.708512754
1.610739977,1852.405968529
1.612152675,1851.840905469
1.615911243,1852.575004008
1.617079482,1852.002745592
1.625168605,1852.877708376
1.626060558,1852.298011554
1.633407644,1851.929343965
1.634920345,1852.588980321
1.637476101,1852.064044743
1.639316395,1852.732673067
1.641250970,1852.188218643
1.643551847,1852.871048258
1.645120011,1852.315311825
1.648212899,1853.023192249
1.649510891,1852.459512374
1.654583935,1853.231064815
1.655634627,1852.660537990
1.684712622,1853.984037165
1.685414307,1853.407537490
1.687634576,1852.880011658
1.689713280,1853.547958943
1.691461155,1853.005301848
1.694150074,1853.692692658
1.695583730,1853.140307091
1.699514566,1853.867436776
1.700692471,1853.307623488
1.709879367,1854.205418228
1.710755323,1853.637458360
1.716375297,1853.223899732
1.717914052,1853.871543151
1.720539935,1853.360909699
1.722422304,1854.018489853
1.724391378,1853.487238716
1.726761835,1854.159757574
1.728349546,1853.616856856
1.731579102,1854.316532864
1.732886141,1853.765289974
1.738406774,1854.538613418
1.739452042,1853.980101307
1.784140021,1855.311077012
1.785086625,1854.760865164
1.793860632,1854.470917749
1.795511469,1855.099967986
1.797974679,1854.600361181
1.800010364,1855.247067075
1.801892775,1854.726662035
1.804511981,1855.393871510
1.806035743,1854.861271446
1.809795125,1855.565746670
1.811040760,1855.024365226
1.818971636,1855.863694005
1.819917558,1855.313938869
1.828103827,1854.999072320
1.829745444,1855.634418004
1.832270377,1855.136009531
1.834300250,1855.782128717
1.836216051,1855.264986247
1.838829307,1855.928737471
1.840375124,1855.400649958
1.844121380,1856.100143656
1.845382772,1855.563803922
1.853213779,1856.394530035
1.854172246,1855.850154420
1.862739399,1855.552417093
1.864414449,1856.183621339
1.866910746,1855.689485723
1.868989805,1856.331639525
1.870889703,1855.819332026
1.873587166,1856.480302752
1.875119813,1855.957012537
1.879061579,1856.657313126
1.880307652,1856.125791151
1.889377881,1856.990746629
1.890299340,1856.450734912
1.896321766,1856.075523371
1.897957322,1856.699374466
1.900611460,1856.215615187
1.902640469,1856.850837815
1.904621179,1856.346240411
1.907236761,1856.999230197
1.908823301,1856.482811098
1.912572870,1857.171489321
1.913861886,1856.646449462
1.921665263,1857.465204800
1.922642130,1856.931580374
1.931466838,1856.651403364
1.933191156,1857.274091665
1.935675444,1856.789358940
1.937829797,1857.423687910
1.939721470,1856.921104338
1.942552225,1857.575824455
1.944074829,1857.062403460
1.948345843,1857.762535009
1.949574541,1857.240798294
1.961519835,1858.187284092
1.962373746,1857.655884582
1.966127570,1857.217373913
1.967916793,1857.834905893
1.970315984,1857.353423185
1.972565481,1857.984743617
1.974408753,1857.486171934
1.977411506,1858.140763093
1.978896671,1857.631510374
1.983638190,1858.341145285
1.984826840,1857.823514726
2.004998242,1859.028831318
2.005703883,1858.499479467
2.007633696,1858.008723001
2.010508516,1858.653901173
2.012053552,1858.151645296
2.016435920,1858.844325885
2.017676136,1858.333344730
2.030827880,1859.306905180
2.031666433,1858.785596146
2.034970727,1858.342849459
2.036891689,1858.953660091
2.039149995,1858.478098012
2.041602643,1859.104950865
2.043360639,1858.614089771
2.046759161,1859.270337619
2.048174470,1858.769487010
2.054249057,1859.510493863
2.055352156,1859.001043308
2.090275526,1859.578293757
2.105485008,1859.639704799
2.107964830,1860.071786943
2.109872171,1859.718029591
2.113229243,1860.270340989
2.114723729,1859.843799576
2.120463315,1860.535949030
2.121617034,1860.055988129
2.165966931,1861.394983340
2.167072767,1860.829405025
2.195038669,1860.856153742
2.198786853,1862.213449729
2.200331418,1861.078758295
2.203540495,1861.891622197
2.205001163,1861.300498851
2.210704698,1862.035151409
2.211872803,1861.531727558
2.264204080,1862.843936941
2.265200356,1862.472766166
2.270573183,1862.294311698
2.272545469,1862.696225338
2.275211877,1862.370014042
2.277717288,1862.873081306
2.279673899,1862.480064696
2.283135489,1863.059934331
2.284665124,1862.625383297
2.290851753,1863.320332850
2.292020140,1862.855904812
2.326626586,1863.479641899
2.338933987,1863.166204375
2.340960010,1863.986108539
2.343114472,1863.442834766
2.345920314,1864.100392971
2.347634921,1863.618536545
2.351936468,1864.263239496
2.353302622,1863.805015501
2.365190157,1864.655166875
2.366128556,1864.203932247
2.370191767,1863.852848316
2.372221847,1864.395187940
2.374708639,1863.991233299
2.377363427,1864.557088890
2.379238295,1864.131847325
2.383077530,1864.737079693
2.384550282,1864.297953895
2.392601082,1865.037362359
2.393686080,1864.585278819
2.402756840,1864.384771018
2.404776178,1864.934151039
2.407313671,1864.528537750
2.409957259,1865.096595201
2.411859475,1864.671505999
2.415676806,1865.275867911
2.417167613,1864.838518991
2.425085811,1865.570853204
2.426185467,1865.122327994
2.435786442,1864.940663218
2.437857951,1865.489745673
2.440347341,1865.085246024
2.443078257,1865.653056460
2.444951886,1865.230434626
2.448970437,1865.837168812
2.450435603,1865.402993834
2.459585992,1866.169180264
2.460637957,1865.723832145
2.467289252,1865.453112090
2.469261818,1865.994625206
2.471972484,1865.601349830
2.474551277,1866.159998762
2.476542440,1865.745386300
2.480221611,1866.336834188
2.481772361,1865.909797943
2.488953468,1866.609163570
2.490110296,1866.171557805
2.503996443,1866.131161306
2.506520205,1866.688328805
2.508571991,1866.277259234
2.512140839,1866.862482369
2.513733022,1866.440102715
2.520409779,1867.118704180
2.521607418,1866.687040387
2.542028596,1866.852764012
2.546032136,1867.463646443
2.547532839,1867.032142048
2.556610185,1867.780642750
2.557687461,1867.350465246
2.564571319,1867.098544753
2.566605486,1867.628854691
2.569318489,1867.249556010
2.572006772,1867.796138289
2.573994865,1867.396521506
2.577921653,1867.978984600
2.579460290,1867.567377333
2.587949545,1868.289091283
2.589061880,1867.866685384
2.597222175,1867.661928886
2.599319154,1868.186134210
2.601961124,1867.811091269
2.604752788,1868.354220981
2.606701392,1867.959274884
2.610870426,1868.543088135
2.612375115,1868.136072707
2.622538765,1868.902818804
2.623587791,1868.484574434
2.629108518,1868.203916432
2.631195026,1868.720409471
2.633898893,1868.353534082
2.636677204,1868.889638857
2.638656546,1868.501600811
2.642794311,1869.078232811
2.644318558,1868.677410793
2.654210841,1869.430111793
2.655277440,1869.017371830
2.661123270,1868.751157132
2.663221917,1869.263048853
2.665943662,1868.901741168
2.668746219,1869.433168820
2.670733061,1869.050515082
2.674930784,1869.623287867
2.676456975,1869.227895418
2.686805060,1869.987785432
2.687861239,1869.580641175
2.693253192,1869.305903794
2.695387798,1869.812715760
2.698085481,1869.456147626
2.700950626,1869.983565854
2.702922980,1869.606077451
2.707276569,1870.177363694
2.708787639,1869.787242268
2.720524973,1870.582946016
2.721539284,1870.180513176
2.725905775,1869.880011641
2.728151738,1870.383563924
2.730709795,1870.028718157
2.733767658,1870.555573520
2.735661621,1870.181567936
2.740530316,1870.762166361
2.741973680,1870.375939749
2.761786709,1871.410774598
2.762612631,1871.010197937
2.764805405,1870.650518750
2.768572490,1871.192120072
2.770236729,1870.817438562
2.777776922,1871.472513421
2.778989909,1871.085994498
2.791270790,1871.035979195
2.793836351,1871.542674015
2.796088336,1871.186346798
2.799766986,1871.722366636
2.801469033,1871.352266346
2.808583896,1871.989302427
2.809832753,1871.608585223
2.825631830,1871.668508267
2.828774294,1872.192933432
2.830679211,1871.827620995
2.835811702,1872.403341013
2.837252228,1872.030197643
2.865861122,1873.303878852
2.866566893,1872.920397840
2.868046306,1872.559627485
2.889495095,1873.613479860
2.890310139,1873.235698553
2.892343307,1872.893745391
2.897013281,1873.437539185
2.898546192,1873.082038834
2.914021529,1873.948893752
2.914965335,1873.579319345
2.917984906,1873.271263310
2.920863580,1873.756736272
2.922981514,1873.422888262
2.927382160,1873.952436793
2.928975210,1873.604258753
2.940983753,1874.359722162
2.942033964,1873.998498129
2.946374171,1873.735148204
2.948799144,1874.201750290
2.951350866,1873.886010602
2.954763957,1874.380435091
2.956637112,1874.045687348
2.962646703,1874.616047502
2.964033119,1874.268547646
3.015647803,1875.596898620
3.016839671,1875.262665776
3.024359844,1875.119814633
3.026733075,1875.555716108
3.029455277,1875.267656986
3.032777545,1875.735932734
3.034737833,1875.423395592
3.040420666,1875.963539810
3.041868884,1875.635202847
3.082504431,1876.948684231
3.083365000,1876.608050432
3.085556158,1876.305674829
3.090140964,1876.807351520
3.091766399,1876.490534819
3.105748095,1877.265894096
3.106767402,1876.935180105
3.110307321,1876.677632651
3.113110233,1877.121931632
3.115430007,1876.830003362
3.119665438,1877.314362509
3.121376837,1877.006192144
3.131770303,1877.669074219
3.132923436,1877.347315817
3.138625173,1877.157940124
3.141068070,1877.587078990
3.143799659,1877.311911182
3.147275763,1877.768801810
3.149233335,1877.472724674
3.155476109,1878.008079065
3.156900973,1877.698740601
3.207958099,1878.836702629
3.209941646,1878.574347931
3.216406407,1879.085856726
3.217834186,1878.799746265
3.253114732,1879.510335528
3.259769836,1879.310548657
3.262231862,1879.784248960
3.264989104,1879.492110210
3.268552567,1879.962812025
3.270522149,1879.665867596
3.277166419,1880.203643494
3.278585038,1879.906036877
3.305500903,1880.321778227
3.325318437,1881.618953877
3.326271838,1881.077080379
3.329212797,1880.520508811
3.332208307,1881.189559391
3.334348290,1880.775376441
3.339363375,1881.351155510
3.340964630,1881.005593010
3.365299189,1881.985899835
3.366131123,1881.713969402
3.367996481,1881.471348366
3.377402481,1882.034759975
3.378663068,1881.772686507
3.385915350,1881.680246449
3.388548733,1882.052254169
3.391298896,1881.832455916
3.395195272,1882.239736374
3.397137953,1881.997824431
3.405252404,1882.522739220
3.406597812,1882.265556008
3.417359592,1882.272457444
3.420287158,1882.653682909
3.422754248,1882.427034009
3.427336488,1882.851136327
3.429106195,1882.607624740
3.442748242,1883.280824305
3.443842294,1883.023297177
3.447649793,1882.840521734
3.450706848,1883.215719790
3.453098611,1882.994987173
3.458023255,1883.419670977
3.459737354,1883.182166629
3.478917019,1884.000057489
3.479864637,1883.746496342
3.482331923,1883.534150006
3.487083275,1883.946807488
3.488844007,1883.716951200
3.504756736,1884.435018245
3.505792011,1884.189866382
3.508905049,1884.001070719
3.512519534,1884.376030460
3.514635820,1884.161459935
3.521435679,1884.621710398
3.522922070,1884.392274984
3.547804893,1884.804545286
3.563862246,1885.615029196
3.564886092,1885.324602114
3.567915610,1885.078777497
3.571579018,1885.505826125
3.573664383,1885.259585740
3.580787251,1885.748368034
3.582249197,1885.508255501
3.600618997,1885.709350019
3.605702713,1886.235978904
3.607386902,1885.940418161
3.633613880,1886.894701347
3.634446107,1886.675778705
3.636205673,1886.480795941
3.658630840,1887.321301174
3.659535785,1887.110868874
3.661633697,1886.931338341
3.669605262,1887.379037475
3.671034691,1887.184896900
3.682931900,1887.267826258
3.686288208,1887.597619446
3.688647860,1887.425282944
3.694521319,1887.815457590
3.696172685,1887.629245795
3.744417909,1888.926217399
3.745287504,1888.740768928
3.747166502,1888.581080658
3.762901249,1889.200340598
3.763989327,1889.023063306
3.767236572,1888.901120199
3.771147116,1889.209770241
3.773297997,1889.060878076
3.781487664,1889.477863262
3.782934082,1889.313543079
3.794024272,1889.397316754
3.797376442,1889.693188119
3.799827047,1889.552338700
3.805700574,1889.907938991
3.807395708,1889.751807776
3.856221217,1891.033157127
3.857069930,1890.876367551
3.858813337,1890.741479067
3.905044314,1892.003013311
3.905793025,1891.855500245
3.907154484,1891.722379883
3.913988473,1891.723957838
3.917085323,1891.973170417
3.919849162,1891.874872327
3.924973320,1892.169439537
3.926852676,1892.052911773
3.950166940,1892.789498563
3.951096916,1892.658912652
3.953166046,1892.555125190
3.965012436,1892.998841581
3.966290447,1892.881651876
3.971297745,1892.853667930
3.974601461,1893.086572649
3.977242272,1893.003297413
3.982990520,1893.290647643
3.984780638,1893.190713712
4.033149965,1894.428906359
4.033888485,1894.321446074
4.035189823,1894.226362320
4.040331466,1894.220119579
4.043693957,1894.430701288
4.046351347,1894.368588718
4.052308185,1894.634084742
4.054094973,1894.556331956
4.106876243,1895.796055950
4.107723383,1895.720303551
4.109371555,1895.661577824
4.129523765,1896.018250398
4.138277168,1896.392005617
4.139762954,1896.283548295
4.149071641,1896.346365956
4.152489079,1896.610414662
4.155105951,1896.516542242
4.161348231,1896.817420432
4.163103008,1896.723802489
4.226070061,1898.013986035
4.227217557,1898.022809660
4.230316935,1898.068428519
4.235689396,1898.193367424
4.237698498,1898.223011504
4.268826403,1898.838143491
4.269674107,1898.863540770
4.271258098,1898.901103889
4.281505446,1899.097005200
4.285374129,1899.190791535
4.287934027,1899.234640503
4.295989709,1899.396138484
4.297633283,1899.433883460
4.310565404,1899.676295477
4.315059936,1899.805007255
4.317326742,1899.826619505
4.329754912,1900.092860011
4.331100326,1900.115014086
4.335943470,1900.198999730
4.339803370,1900.290135627
4.342393615,1900.339017065
4.350446807,1900.491813719
4.352103488,1900.538186688
4.365051267,1900.780364732
4.369611245,1900.914427749
4.371869581,1900.935243439
4.385064192,1901.212409125
4.386380733,1901.239397938
4.390800650,1901.318473827
4.394893243,1901.407918106
4.397385196,1901.461939499
4.406755173,1901.625598897
4.408311439,1901.682880691
4.416696177,1901.850234228
4.420449066,1901.926599161
4.423154360,1901.991450336
4.430759880,1902.113439330
4.432487303,1902.180436026
4.448765008,1902.479778639
4.454900997,1902.703953367
4.456770067,1902.678796595
4.526212427,1903.962816225
4.527094724,1904.063376193
4.528731535,1904.169944448
4.538485784,1904.381216990
4.542548761,1904.439062200
4.545138278,1904.525788866
4.554448801,1904.634906860
4.556049361,1904.736505467
4.564632717,1904.927669740
4.568562837,1904.976870310
4.571245701,1905.071663440
4.579824168,1905.158951968
4.581496408,1905.269044234
4.592180148,1905.491280089
4.596453445,1905.570375054
4.598941572,1905.643690040
4.609766469,1905.791040372
4.611261214,1905.885552956
4.617477295,1906.037716526
4.621400031,1906.072634274
4.624124140,1906.181733890
4.632703799,1906.246431489
4.634393420,1906.375312621
4.645114507,1906.603416622
4.649461875,1906.675866744
4.651941716,1906.757552642
4.663423604,1906.898627338
4.664889740,1907.007054325
4.670498955,1907.160311215
4.674574941,1907.177730750
4.677248758,1907.304028858
4.686747480,1907.350518381
4.688376217,1907.504818698
4.696657959,1907.716041815
4.700727591,1907.725405961
4.703423434,1907.859634467
4.712907279,1907.892575467
4.714545987,1908.057615197
4.722875683,1908.273618885
4.726982013,1908.277521854
4.729673019,1908.417506038
4.739412103,1908.442959403
4.741037865,1908.617112204
4.748892190,1908.832583285
4.752999508,1908.822239434
4.755714582,1908.975217513
4.765481859,1908.979025363
4.767117133,1909.170277089
4.774953035,1909.393223447
4.779100338,1909.370558609
4.781815586,1909.535138488
4.791870685,1909.521021824
4.793494750,1909.729221678
4.800884757,1909.956804931
4.805061557,1909.912934964
4.807791973,1910.096600137
4.818072489,1910.050440424
4.819695366,1910.285289020
4.826800992,1910.523522632
4.831032819,1910.454113393
4.833768817,1910.660742753
4.844469376,1910.574315289
4.846080582,1910.843657785
4.852701567,1911.095614817
4.857021621,1910.990396073
4.859756281,1911.229324187
4.871175028,1911.082234006
4.872763018,1911.403366259
4.878711726,1911.678632842
4.883217472,1911.517749643
4.885922980,1911.807423473
4.899093736,1911.549118537
4.900617864,1911.965532316
4.905431442,1912.291152527
4.910575970,1912.017800715
4.913127767,1912.413487552
4.937760049,1911.728691966
4.938955880,1912.465165896
4.941293954,1913.033420200
5.002640360,1911.159137673
5.003653564,1912.804029989
5.005718014,1914.444798174
5.010172384,1914.334305342
5.014368668,1914.644663630
5.016834475,1914.578568019
5.028399058,1914.882552430
5.029853228,1914.903255909
5.035115698,1914.963043951
5.039387474,1915.102036459
5.041973022,1915.154834812
5.053620649,1915.320401165
5.055113240,1915.430943900
5.060481091,1915.570351960
5.064945239,1915.605961882
5.067541327,1915.738013643
5.080807761,1915.798894845
5.082248207,1915.995602486
5.086744029,1916.195036458
5.091892566,1916.123457420
5.094321709,1916.345044750
5.120171781,1916.291719572
5.121235580,1916.646243630
5.123299935,1916.972217704
5.146694433,1917.164817594
5.155360896,1918.656762886
5.157513492,1917.645383606
5.164160477,1917.975419568
5.166040882,1917.923420544
5.191677909,1918.167812089
5.200263063,1919.663484626
5.203503518,1918.139353819
5.206375333,1919.037946841
5.209325206,1918.776484978
5.215568958,1919.177664222
5.217485508,1919.079517486
5.255973484,1919.410603508
5.260013516,1920.545605907
5.266315262,1919.017418366
5.268888768,1920.524152719
5.273094566,1919.993917790
5.276786928,1920.628381973
5.279332470,1920.410835073
5.288912592,1920.787157389
5.290497632,1920.751678095
5.297598401,1920.763282121
5.301703899,1921.036732381
5.304341266,1921.015913014
5.315513217,1921.251265275
5.317040239,1921.324198897
5.322622376,1921.423772280
5.327168111,1921.524021966
5.329752400,1921.622131977
5.344902412,1921.743730270
5.346264690,1921.930579632
5.349947165,1922.113980795
5.356629067,1922.054532988
5.358739968,1922.286745102
5.390991268,1922.587509626
5.397527570,1924.071162363
5.401058490,1922.565866339
5.405394836,1924.053937308
5.407858244,1923.268947485
5.414102888,1923.744490337
5.416017525,1923.615255121
5.447610086,1923.745062749
5.447612609,1921.808688075
5.447615132,1919.874516094
5.447617655,1917.942544127
5.447620178,1916.012769496
5.447622701,1914.085189526
5.447625224,1912.159801548
5.447627748,1910.236602895
5.447630271,1908.315590904
5.447632795,1906.396762915
5.447635319,1904.480116273
5.447637843,1902.565648325
5.447640367,1900.653356423
5.447642891,1898.743237921
5.447645415,1896.835290177
5.447647940,1894.929510554
5.447650464,1893.025896417
5.447652989,1891.124445136
5.447655514,1889.225154081
5.447658039,1887.328020631
5.447660565,1885.433042163
5.447663090,1883.540216062
5.447665616,1881.649539714
5.447668142,1879.761010509
5.447670668,1877.874625840
5.447673194,1875.990383105
5.447675721,1874.108279705
5.447678248,1872.228313043
5.447680775,1870.350480527
5.447683302,1868.474779567
5.447685829,1866.601207580
5.447688357,1864.729761981
5.447690885,1862.860440194
5.447693413,1860.993239642
5.447695941,1859.128157754
5.447698470,1857.265191961
5.447700999,1855.404339699
5.447703528,1853.545598407
5.447706058,1851.688965526
5.447708587,1849.834438501
5.447711118,1847.982014782
5.447713648,1846.131691821
5.447716178,1844.283467073
5.447718709,1842.437337997
5.447721241,1840.593302056
5.447723772,1838.751356716
5.447726304,1836.911499445
5.447728836,1835.073727716
5.447731368,1833.238039005
5.447733901,1831.404430792
5.447736434,1829.572900558
5.447738968,1827.743445790
5.447741501,1825.916063977
5.447744035,1824.090752611
5.447746570,1822.267509189
5.447749105,1820.446331210
5.447751640,1818.627216176
5.447754175,1816.810161593
5.447756711,1814.995164971
5.447759247,1813.182223822
5.447761784,1811.371335662
5.447764321,1809.562498010
5.447766858,1807.755708388
5.447769396,1805.950964322
5.447771934,1804.148263341
5.447774472,1802.347602977
5.447777011,1800.548980765
5.447779550,1798.752394245
5.447782090,1796.957840959
5.447784630,1795.165318451
5.447787170,1793.374824270
5.447789711,1791.586355969
5.447792252,1789.799911101
5.447794794,1788.015487225
5.447797336,1786.233081903
5.447799878,1784.452692699
5.447802421,1782.674317181
5.447804965,1780.897952921
5.447807508,1779.123597491
5.447810053,1777.351248471
5.447812597,1775.580903441
5.447815142,1773.812559984
5.447817688,1772.046215687
5.447820234,1770.281868141
5.447822781,1768.519514940
5.447825328,1766.759153679
5.447827875,1765.000781959
5.447830423,1763.244397382
5.447832971,1761.489997555
5.447835520,1759.737580086
5.447838069,1757.987142589
5.447840619,1756.238682678
5.447843169,1754.492197972
5.447845720,1752.747686092
5.447848271,1751.005144665
5.447850823,1749.264571317
5.447853375,1747.525963681
5.447855928,1745.789319389
5.447858481,1744.054636079
5.447861035,1742.321911393
5.447863590,1740.591142972
5.447866144,1738.862328465
5.447868700,1737.135465520
5.447871256,1735.410551790
5.447873812,1733.687584932
5.447876369,1731.966562603
5.447878926,1730.247482467
5.447881484,1728.530342188
5.447884043,1726.815139434
5.447886602,1725.101871876
5.447889161,1723.390537188
5.447891722,1721.681133049
5.447894282,1719.973657137
5.447896844,1718.268107137
5.447899405,1716.564480734
5.447901968,1714.862775618
5.447904531,1713.162989481
5.447907094,1711.465120019
5.447909658,1709.769164930
5.447912223,1708.075121915
5.447914788,1706.382988680
5.447917354,1704.692762930
5.447919921,1703.004442377
5.447922488,1701.318024733
5.447925055,1699.633507716
5.447927623,1697.950889044
5.447930192,1696.270166440
5.447932762,1694.591337629
5.447935332,1692.914400340
5.447937902,1691.239352302
5.447940473,1689.566191251
5.447943045,1687.894914924
5.447945618,1686.225521060
5.447948191,1684.558007402
5.447950765,1682.892371697
5.447953339,1681.228611692
5.447955914,1679.566725141
5.447958489,1677.906709797
5.447961066,1676.248563418
5.447963642,1674.592283764
5.447966220,1672.937868600
5.447968798,1671.285315690
5.447971377,1669.634622805
5.447973956,1667.985787716
5.447976536,1666.338808198
5.447979117,1664.693682030
5.447981699,1663.050406991
5.447984281,1661.408980866
5.447986863,1659.769401441
5.447989447,1658.131666505
5.447992031,1656.495773850
5.447994615,1654.861721272
5.447997201,1653.229506568
5.447999787,1651.599127540
5.448002374,1649.970581990
5.448004961,1648.343867725
5.448007549,1646.718982555
5.448010138,1645.095924292
5.448012728,1643.474690749
5.448015318,1641.855279747
5.448017909,1640.237689103
5.448020500,1638.621916644
5.448023093,1637.007960193
5.448025686,1635.395817581
5.448028279,1633.785486639
5.448030874,1632.176965202
5.448033469,1630.570251107
5.448036065,1628.965342195
5.448038662,1627.362236307
5.448041259,1625.760931291
5.448043857,1624.161424995
5.448046456,1622.563715269
5.448049055,1620.967799969
5.448051655,1619.373676950
5.448054256,1617.781344073
5.448056858,1616.190799199
5.448059461,1614.602040194
5.448062064,1613.015064926
5.448064668,1611.429871265
5.448067273,1609.846457084
5.448069878,1608.264820260
5.448072484,1606.684958672
5.448075091,1605.106870200
5.448077699,1603.530552729
5.448080307,1601.956004147
5.448082917,1600.383222342
5.448085527,1598.812205207
5.448088138,1597.242950638
5.448090749,1595.675456531
5.448093362,1594.109720788
5.448095975,1592.545741312
5.448098589,1590.983516007
5.448101203,1589.423042784
5.448103819,1587.864319553
5.448106435,1586.307344229
5.448109052,1584.752114727
5.448111670,1583.198628966
5.448114289,1581.646884870
5.448116908,1580.096880362
5.448119529,1578.548613370
5.448122150,1577.002081824
5.448124772,1575.457283655
5.448127394,1573.914216800
5.448130018,1572.372879196
5.448132642,1570.833268783
5.448135267,1569.295383505
5.448137893,1567.759221307
5.448140520,1566.224780139
5.448143148,1564.692057949
5.448145776,1563.161052693
5.448148406,1561.631762327
5.448151036,1560.104184809
5.448153667,1558.578318101
5.448156299,1557.054160166
5.448158931,1555.531708972
5.448161565,1554.010962487
5.448164199,1552.491918684
5.448166834,1550.974575536
5.448169470,1549.458931022
5.448172107,1547.944983119
5.448174745,1546.432729812
5.448177384,1544.922169083
5.448180023,1543.413298921
5.448182664,1541.906117315
5.448185305,1540.400622259
5.448187947,1538.896811745
5.448190590,1537.394683773
5.448193234,1535.894236343
5.448195879,1534.395467456
5.448198524,1532.898375118
5.448201171,1531.402957338
5.448203818,1529.909212124
5.448206466,1528.417137490
5.448209116,1526.926731451
5.448211766,1525.437992025
5.448214417,1523.950917232
5.448217068,1522.465505095
5.448219721,1520.981753640
5.448222375,1519.499660894
5.448225029,1518.019224888
5.448227685,1516.540443654
5.448230341,1515.063315229
5.448232999,1513.587837649
5.448235657,1512.114008956
5.448238316,1510.641827191
5.448240976,1509.171290401
5.448243637,1507.702396634
5.448246299,1506.235143939
5.448248962,1504.769530369
5.448251626,1503.305553980
5.448254290,1501.843212829
5.448256956,1500.382504977
5.448259623,1498.923428485
5.448262290,1497.465981420
5.448264958,1496.010161849
5.448267628,1494.555967842
5.448270298,1493.103397470
5.448272970,1491.652448810
5.448275642,1490.203119938
5.448278315,1488.755408935
5.448280989,1487.309313881
5.448283664,1485.864832863
5.448286340,1484.421963966
5.448289018,1482.980705281
5.448291696,1481.541054899
5.448294375,1480.103010915
5.448297055,1478.666571425
5.448299735,1477.231734528
5.448302417,1475.798498327
5.448305100,1474.366860924
5.448307784,1472.936820426
5.448310469,1471.508374942
5.448313155,1470.081522583
5.448315842,1468.656261462
5.448318530,1467.232589696
5.448321218,1465.810505402
5.448323908,1464.390006701
5.448326599,1462.971091717
5.448329291,1461.553758574
5.448331984,1460.138005400
5.448334678,1458.723830325
5.448337373,1457.311231482
5.448340068,1455.900207006
5.448342765,1454.490755033
5.448345463,1453.082873704
5.448348162,1451.676561159
5.448350862,1450.271815544
5.448353563,1448.868635005
5.448356265,1447.467017691
5.448358968,1446.066961752
5.448361672,1444.668465343
5.448364377,1443.271526620
5.448367083,1441.876143740
5.448369790,1440.482314864
5.448372499,1439.090038154
5.448375208,1437.699311777
5.448377918,1436.310133900
5.448380629,1434.922502692
5.448383342,1433.536416325
5.448386055,1432.151872973
5.448388770,1430.768870815
5.448391485,1429.387408027
5.448394202,1428.007482792
5.448396920,1426.629093294
5.448399638,1425.252237717
5.448402358,1423.876914251
5.448405079,1422.503121085
5.448407801,1421.130856412
5.448410524,1419.760118427
5.448413248,1418.390905327
5.448415973,1417.023215313
5.448418699,1415.657046585
5.448421427,1414.292397347
5.448424155,1412.929265807
5.448426885,1411.567650171
5.448429615,1410.207548652
5.448432347,1408.848959462
5.448435080,1407.491880816
5.448437814,1406.136310932
5.448440549,1404.782248029
5.448443285,1403.429690330
5.448446022,1402.078636059
5.448448760,1400.729083442
5.448451500,1399.381030708
5.448454240,1398.034476088
5.448456982,1396.689417814
5.448459724,1395.345854123
5.448462468,1394.003783251
5.448465213,1392.663203439
5.448467959,1391.324112928
5.448470707,1389.986509962
5.448473455,1388.650392789
5.448476204,1387.315759656
5.448478955,1385.982608814
5.448481707,1384.650938516
5.448484460,1383.320747018
5.448487214,1381.992032576
5.448489969,1380.664793451
5.448492725,1379.339027903
5.448495483,1378.014734197
5.448498241,1376.691910598
5.448501001,1375.370555376
5.448503762,1374.050666800
5.448506524,1372.732243143
5.448509288,1371.415282679
5.448512052,1370.099783686
5.448514818,1368.785744442
5.448517584,1367.473163229
5.448520352,1366.162038331
5.448523121,1364.852368031
5.448525892,1363.544150619
5.448528663,1362.237384384
5.448531436,1360.932067617
5.448534209,1359.628198614
5.448536984,1358.325775670
5.448539761,1357.024797083
5.448542538,1355.725261154
5.448545316,1354.427166185
5.448548096,1353.130510482
5.448550877,1351.835292350
5.448553659,1350.541510100
5.448556443,1349.249162041
5.448559227,1347.958246487
5.448562013,1346.668761754
5.448564800,1345.380706159
5.448567588,1344.094078021
5.448570377,1342.808875661
5.448573168,1341.525097405
5.448575960,1340.242741576
5.448578753,1338.961806504
5.448581547,1337.682290517
5.448584342,1336.404191949
5.448587139,1335.127509133
5.448589937,1333.852240406
5.448592736,1332.578384105
5.448595537,1331.305938572
5.448598338,1330.034902148
5.448601141,1328.765273178
5.448603945,1327.497050008
5.448606750,1326.230230988
5.448609557,1324.964814468
5.448612365,1323.700798800
5.448615174,1322.438182340
5.448617984,1321.176963445
5.448620796,1319.917140472
5.448623609,1318.658711784
5.448626423,1317.401675743
5.448629238,1316.146030714
5.448632055,1314.891775065
5.448634873,1313.638907164
5.448637692,1312.387425383
5.448640512,1311.137328095
5.448643334,1309.888613674
5.448646157,1308.641280499
5.448648981,1307.395326949
5.448651807,1306.150751404
5.448654634,1304.907552249
5.448657462,1303.665727868
5.448660291,1302.425276649
5.448663122,1301.186196981
5.448665954,1299.948487256
5.448668787,1298.712145867
5.448671622,1297.477171209
5.448674458,1296.243561679
5.448677295,1295.011315678
5.448680133,1293.780431606
5.448682973,1292.550907866
5.448685814,1291.322742865
5.448688657,1290.095935009
5.448691500,1288.870482708
5.448694345,1287.646384372
5.448697192,1286.423638416
5.448700040,1285.202243255
5.448702889,1283.982197305
5.448705739,1282.763498986
5.448708591,1281.546146719
5.448711444,1280.330138927
5.448714298,1279.115474036
5.448717154,1277.902150472
5.448720011,1276.690166664
5.448722869,1275.479521043
5.448725729,1274.270212043
5.448728590,1273.062238098
5.448731452,1271.855597645
5.448734316,1270.650289122
5.448737181,1269.446310971
5.448740048,1268.243661634
5.448742915,1267.042339555
5.448745785,1265.842343182
5.448748655,1264.643670962
5.448751527,1263.446321347
5.448754400,1262.250292787
5.448757275,1261.055583738
5.448760151,1259.862192656
5.448763028,1258.670117998
5.448765907,1257.479358226
5.448768787,1256.289911800
5.448771669,1255.101777185
5.448774552,1253.914952845
5.448777436,1252.729437250
5.448780322,1251.545228869
5.448783209,1250.362326172
5.448786097,1249.180727633
5.448788987,1248.000431729
5.448791879,1246.821436934
5.448794771,1245.643741730
5.448797665,1244.467344597
5.448800561,1243.292244017
5.448803458,1242.118438475
5.448806356,1240.945926458
5.448809256,1239.774706454
5.448812157,1238.604776954
5.448815060,1237.436136450
5.448817964,1236.268783437
5.448820869,1235.102716409
5.448823776,1233.937933865
5.448826684,1232.774434305
5.448829594,1231.612216229
5.448832505,1230.451278143
5.448835418,1229.291618550
5.448838332,1228.133235959
5.448841247,1226.976128878
5.448844164,1225.820295818
5.448847082,1224.665735291
5.448850002,1223.512445813
5.448852923,1222.360425899
5.448855846,1221.209674069
5.448858770,1220.060188841
5.448861696,1218.911968739
5.448864623,1217.765012285
5.448867552,1216.619318006
5.448870482,1215.474884428
5.448873413,1214.331710082
5.448876346,1213.189793497
5.448879281,1212.049133208
5.448882216,1210.909727749
5.448885154,1209.771575656
5.448888093,1208.634675468
5.448891033,1207.499025725
5.448893975,1206.364624969
5.448896918,1205.231471744
5.448899863,1204.099564595
5.448902810,1202.968902070
5.448905757,1201.839482718
5.448908707,1200.711305091
5.448911657,1199.584367740
5.448914610,1198.458669221
5.448917564,1197.334208090
5.448920519,1196.210982905
5.448923476,1195.088992226
5.448926434,1193.968234616
5.448929394,1192.848708637
5.448932356,1191.730412855
5.448935319,1190.613345838
5.448938283,1189.497506153
5.448941249,1188.382892373
5.448944216,1187.269503068
5.448947186,1186.157336814
5.448950156,1185.046392187
5.448953128,1183.936667763
5.448956102,1182.828162124
5.448959077,1181.720873850
5.448962054,1180.614801524
5.448965032,1179.509943731
5.448968012,1178.406299058
5.448970993,1177.303866093
5.448973976,1176.202643426
5.448976961,1175.102629649
5.448979947,1174.003823355
5.448982935,1172.906223140
5.448985924,1171.809827602
5.448988915,1170.714635338
5.448991907,1169.620644949
5.448994901,1168.527855038
5.448997896,1167.436264208
5.449000893,1166.345871066
5.449003892,1165.256674218
5.449006892,1164.168672275
5.449009894,1163.081863847
5.449012898,1161.996247546
5.449015903,1160.911821988
5.449018909,1159.828585787
5.449021917,1158.746537563
5.449024927,1157.665675934
5.449027939,1156.585999522
5.449030952,1155.507506950
5.449033966,1154.430196842
5.449036982,1153.354067824
5.449040000,1152.279118526
5.449043020,1151.205347576
5.449046041,1150.132753606
5.449049064,1149.061335250
5.449052088,1147.991091141
5.449055114,1146.922019917
5.449058141,1145.854120217
5.449061171,1144.787390678
5.449064201,1143.721829945
5.449067234,1142.657436659
5.449070268,1141.594209466
5.449073304,1140.532147012
5.449076341,1139.471247946
5.449079380,1138.411510918
5.449082421,1137.352934579
5.449085463,1136.295517583
5.449088507,1135.239258586
5.449091553,1134.184156242
5.449094600,1133.130209212
5.449097649,1132.077416154
5.449100700,1131.025775732
5.449103752,1129.975286607
5.449106806,1128.925947445
5.449109862,1127.877756914
5.449112919,1126.830713680
5.449115978,1125.784816414
5.449119039,1124.740063788
5.449122101,1123.696454474
5.449125165,1122.653987148
5.449128231,1121.612660487
5.449131298,1120.572473168
5.449134368,1119.533423872
5.449137438,1118.495511279
5.449140511,1117.458734073
5.449143585,1116.423090939
5.449146661,1115.388580563
5.449149739,1114.355201633
5.449152818,1113.322952838
5.449155899,1112.291832870
5.449158982,1111.261840422
5.449162066,1110.232974188
5.449165153,1109.205232865
5.449168241,1108.178615149
5.449171330,1107.153119740
5.449174422,1106.128745340
5.449177515,1105.105490650
5.449180610,1104.083354375
5.449183706,1103.062335221
5.449186805,1102.042431895
5.449189905,1101.023643106
5.449193007,1100.005967564
5.449196110,1098.989403982
5.449199216,1097.973951074
5.449202323,1096.959607554
5.449205432,1095.946372140
5.449208542,1094.934243550
5.449211655,1093.923220505
5.449214769,1092.913301725
5.449217885,1091.904485935
5.449221003,1090.896771859
5.449224122,1089.890158224
5.449227243,1088.884643757
5.449230366,1087.880227189
5.449233491,1086.876907250
5.449236618,1085.874682673
5.449239746,1084.873552192
5.449242876,1083.873514544
5.449246008,1082.874568465
5.449249142,1081.876712696
5.449252278,1080.879945975
5.449255415,1079.884267046
5.449258554,1078.889674652
5.449261695,1077.896167538
5.449264838,1076.903744452
5.449267982,1075.912404141
5.449271129,1074.922145355
5.449274277,1073.932966846
5.449277427,1072.944867367
5.449280579,1071.957845672
5.449283733,1070.971900518
5.449286888,1069.987030661
5.449290046,1069.003234862
5.449293205,1068.020511880
5.449296366,1067.038860479
5.449299529,1066.058279421
5.449302694,1065.078767472
5.449305860,1064.100323398
5.449309029,1063.122945969
5.449312199,1062.146633954
5.449315371,1061.171386125
5.449318545,1060.197201253
5.449321721,1059.224078115
5.449324899,1058.252015484
5.449328078,1057.281012140
5.449331260,1056.311066861
5.449334443,1055.342178427
5.449337628,1054.374345621
5.449340815,1053.407567226
5.449344004,1052.441842026
5.449347195,1051.477168809
5.449350388,1050.513546363
5.449353583,1049.550973476
5.449356779,1048.589448940
5.449359978,1047.628971547
5.449363178,1046.669540092
5.449366380,1045.711153369
5.449369584,1044.753810176
5.449372790,1043.797509312
5.449375998,1042.842249575
5.449379208,1041.888029768
5.449382420,1040.934848693
5.449385634,1039.982705155
5.449388849,1039.031597960
5.449392067,1038.081525915
5.449395286,1037.132487828
5.449398508,1036.184482511
5.449401731,1035.237508774
5.449404956,1034.291565431
5.449408184,1033.346651297
5.449411413,1032.402765188
5.449414644,1031.459905921
5.449417877,1030.518072316
5.449421112,1029.577263193
5.449424349,1028.637477374
5.449427588,1027.698713682
5.449430829,1026.760970942
5.449434072,1025.824247982
5.449437316,1024.888543628
5.449440563,1023.953856709
5.449443812,1023.020186057
5.449447063,1022.087530504
5.449450315,1021.155888883
5.449453570,1020.225260029
5.449456827,1019.295642779
5.449460086,1018.367035970
5.449463346,1017.439438443
5.449466609,1016.512849037
5.449469874,1015.587266595
5.449473140,1014.662689960
5.449476409,1013.739117978
5.449479680,1012.816549495
5.449482952,1011.894983359
5.449486227,1010.974418419
5.449489504,1010.054853526
5.449492782,1009.136287533
5.449496063,1008.218719292
5.449499346,1007.302147659
5.449502631,1006.386571490
5.449505918,1005.471989643
5.449509206,1004.558400978
5.449512497,1003.645804354
5.449515790,1002.734198635
5.449519085,1001.823582683
5.449522382,1000.913955363
5.449525681,1000.005315541
5.449528983,999.097662086
5.449532286,998.190993866
5.449535591,997.285309752
5.449538898,996.380608615
5.449542208,995.476889330
5.449545519,994.574150769
5.449548833,993.672391810
5.449552148,992.771611330
5.449555466,991.871808207
5.449558786,990.972981322
5.449562108,990.075129557
5.449565431,989.178251793
5.449568757,988.282346917
5.449572086,987.387413812
5.449575416,986.493451367
5.449578748,985.600458469
5.449582082,984.708434009
5.449585419,983.817376877
5.449588758,982.927285967
5.449592098,982.038160172
5.449595441,981.149998387
5.449598786,980.262799509
5.449602133,979.376562436
5.449605482,978.491286067
5.449608834,977.606969303
5.449612187,976.723611047
5.449615543,975.841210200
5.449618901,974.959765669
5.449622261,974.079276359
5.449625623,973.199741178
5.449628987,972.321159034
5.449632353,971.443528838
5.449635722,970.566849501
5.449639092,969.691119936
5.449642465,968.816339057
5.449645840,967.942505779
5.449649217,967.069619020
5.449652596,966.197677698
5.449655978,965.326680732
5.449659362,964.456627042
5.449662747,963.587515552
5.449666135,962.719345184
5.449669526,961.852114863
5.449672918,960.985823516
5.449676313,960.120470070
5.449679709,959.256053453
5.449683108,958.392572596
5.449686510,957.530026430
5.449689913,956.668413888
5.449693319,955.807733904
5.449696726,954.947985413
5.449700136,954.089167353
5.449703549,953.231278659
5.449706963,952.374318273
5.449710380,951.518285135
5.449713799,950.663178186
5.449717220,949.808996370
5.449720643,948.955738631
5.449724069,948.103403914
5.449727497,947.251991168
5.449730927,946.401499340
5.449734359,945.551927380
5.449737794,944.703274239
5.449741231,943.855538869
5.449744670,943.008720223
5.449748112,942.162817257
5.449751555,941.317828927
5.449755001,940.473754189
5.449758449,939.630592003
5.449761900,938.788341328
5.449765353,937.947001126
5.449768808,937.106570359
5.449772265,936.267047991
5.449775725,935.428432986
5.449779187,934.590724312
5.449782651,933.753920935
5.449786117,932.918021825
5.449789586,932.083025952
5.449793057,931.248932286
5.449796531,930.415739801
5.449800007,929.583447470
5.449803485,928.752054269
5.449806965,927.921559174
5.449810448,927.091961162
5.449813933,926.263259213
5.449817420,925.435452306
5.449820910,924.608539423
5.449824402,923.782519548
5.449827897,922.957391662
5.449831393,922.133154752
5.449834893,921.309807805
5.449838394,920.487349807
5.449841898,919.665779747
5.449845404,918.845096617
5.449848913,918.025299406
5.449852423,917.206387107
5.449855937,916.388358716
5.449859452,915.571213225
5.449862970,914.754949632
5.449866491,913.939566935
5.449870014,913.125064131
5.449873539,912.311440221
5.449877066,911.498694206
5.449880596,910.686825089
5.449884129,909.875831872
5.449887664,909.065713562
5.449891201,908.256469163
5.449894740,907.448097684
5.449898282,906.640598132
5.449901827,905.833969517
5.449905374,905.028210851
5.449908923,904.223321146
5.449912475,903.419299413
5.449916029,902.616144670
5.449919585,901.813855930
5.449923144,901.012432211
5.449926706,900.211872531
5.449930270,899.412175909
5.449933836,898.613341367
5.449937405,897.815367925
5.449940976,897.018254607
5.449944550,896.222000436
5.449948126,895.426604438
5.449951705,894.632065640
5.449955286,893.838383069
5.449958869,893.045555754
5.449962455,892.253582725
5.449966044,891.462463014
5.449969635,890.672195652
5.449973229,889.882779674
5.449976825,889.094214114
5.449980423,888.306498008
5.449984024,887.519630393
5.449987628,886.733610308
5.449991234,885.948436792
5.449994842,885.164108886
5.449998453,884.380625631
5.450002067,883.597986071
5.450005683,882.816189250
5.450009302,882.035234212
5.450012923,881.255120005
5.450016547,880.475845677
5.450020173,879.697410275
5.450023802,878.919812850
5.450027433,878.143052454
5.450031067,877.367128137
5.450034703,876.592038955
5.450038342,875.817783960
5.450041984,875.044362210
5.450045628,874.271772761
5.450049275,873.500014671
5.450052924,872.729086999
5.450056576,871.958988806
5.450060230,871.189719152
5.450063887,870.421277102
5.450067547,869.653661717
5.450071209,868.886872064
5.450074874,868.120907208
5.450078542,867.355766216
5.450082212,866.591448157
5.450085884,865.827952101
5.450089559,865.065277117
5.450093237,864.303422277
5.450096918,863.542386654
5.450100601,862.782169323
5.450104287,862.022769357
5.450107975,861.264185834
5.450111666,860.506417831
5.450115359,859.749464426
5.450119056,858.993324698
5.450122755,858.237997729
5.450126456,857.483482599
5.450130160,856.729778393
5.450133867,855.976884194
5.450137577,855.224799086
5.450141289,854.473522157
5.450145004,853.723052494
5.450148722,852.973389184
5.450152442,852.224531319
5.450156165,851.476477987
5.450159890,850.729228282
5.450163619,849.982781295
5.450167350,849.237136121
5.450171083,848.492291855
5.450174820,847.748247593
5.450178559,847.005002432
5.450182301,846.262555471
5.450186045,845.520905808
5.450189793,844.780052545
5.450193543,844.039994784
5.450197295,843.300731626
5.450201051,842.562262175
5.450204809,841.824585537
5.450208570,841.087700817
5.450212334,840.351607123
5.450216100,839.616303562
5.450219869,838.881789243
5.450223641,838.148063278
5.450227416,837.415124777
5.450231193,836.682972852
5.450234973,835.951606617
5.450238756,835.221025188
5.450242542,834.491227678
5.450246331,833.762213205
5.450250122,833.033980887
5.450253916,832.306529843
5.450257713,831.579859192
5.450261513,830.853968055
5.450265316,830.128855555
5.450269121,829.404520814
5.450272929,828.680962957
5.450276740,827.958181108
5.450280554,827.236174395
5.450284370,826.514941943
5.450288190,825.794482882
5.450292012,825.074796342
5.450295837,824.355881451
5.450299665,823.637737343
5.450303496,822.920363149
5.450307330,822.203758003
5.450311166,821.487921040
5.450315006,820.772851395
5.450318848,820.058548205
5.450322693,819.345010608
5.450326541,818.632237742
5.450330392,817.920228748
5.450334245,817.208982766
5.450338102,816.498498939
5.450341962,815.788776408
5.450345824,815.079814318
5.450349689,814.371611815
5.450353557,813.664168043
5.450357429,812.957482151
5.450361303,812.251553286
5.450365180,811.546380597
5.450369059,810.841963234
5.450372942,810.138300349
5.450376828,809.435391094
5.450380716,808.733234621
5.450384608,808.031830086
5.450388503,807.331176642
5.450392400,806.631273448
5.450396300,805.932119658
5.450400204,805.233714433
5.450404110,804.536056931
5.450408019,803.839146313
5.450411932,803.142981739
5.450415847,802.447562373
5.450419765,801.752887376
5.450423686,801.058955915
5.450427610,800.365767153
5.450431538,799.673320257
5.450435468,798.981614395
5.450439401,798.290648735
5.450443337,797.600422446
5.450447276,796.910934698
5.450451218,796.222184663
5.450455164,795.534171513
5.450459112,794.846894421
5.450463063,794.160352561
5.450467017,793.474545110
5.450470975,792.789471242
5.450474935,792.105130135
5.450478899,791.421520968
5.450482865,790.738642919
5.450486835,790.056495169
5.450490807,789.375076898
5.450494783,788.694387290
5.450498761,788.014425527
5.450502743,787.335190793
5.450506728,786.656682273
5.450510716,785.978899154
5.450514707,785.301840622
5.450518701,784.625505865
5.450522698,783.949894072
5.450526699,783.275004434
5.450530702,782.600836140
5.450534709,781.927388384
5.450538718,781.254660357
5.450542731,780.582651253
5.450546747,779.911360268
5.450550766,779.240786597
5.450554788,778.570929436
5.450558814,777.901787984
5.450562842,777.233361439
5.450566874,776.565648999
5.450570909,775.898649867
5.450574946,775.232363243
5.450578988,774.566788330
5.450583032,773.901924331
5.450587079,773.237770450
5.450591130,772.574325893
5.450595184,771.911589865
5.450599241,771.249561575
5.450603301,770.588240230
5.450607364,769.927625039
5.450611431,769.267715211
5.450615501,768.608509959
5.450619574,767.950008494
5.450623650,767.292210029
5.450627729,766.635113776
5.450631812,765.978718952
5.450635898,765.323024772
5.450639987,764.668030452
5.450644079,764.013735209
5.450648175,763.360138263
5.450652274,762.707238832
5.450656376,762.055036136
5.450660481,761.403529398
5.450664590,760.752717838
5.450668702,760.102600681
5.450672817,759.453177150
5.450676936,758.804446469
5.450681058,758.156407865
5.450685183,757.509060565
5.450689311,756.862403795
5.450693443,756.216436786
5.450697578,755.571158765
5.450701716,754.926568964
5.450705858,754.282666614
5.450710003,753.639450947
5.450714151,752.996921196
5.450718303,752.355076595
5.450722458,751.713916380
5.450726616,751.073439785
5.450730777,750.433646049
5.450734942,749.794534408
5.450739111,749.156104101
5.450743283,748.518354368
5.450747458,747.881284449
5.450751636,747.244893585
5.450755818,746.609181018
5.450760003,745.974145992
5.450764192,745.339787751
5.450768384,744.706105539
5.450772579,744.073098602
5.450776778,743.440766187
5.450780980,742.809107542
5.450785186,742.178121915
5.450789395,741.547808554
5.450793608,740.918166712
5.450797824,740.289195638
5.450802043,739.660894584
5.450806266,739.033262805
5.450810492,738.406299552
5.450814722,737.780004082
5.450818955,737.154375649
5.450823192,736.529413510
5.450827432,735.905116922
5.450831675,735.281485144
5.450835923,734.658517435
5.450840173,734.036213054
5.450844427,733.414571262
5.450848685,732.793591322
5.450852946,732.173272495
5.450857210,731.553614045
5.450861478,730.934615236
5.450865750,730.316275335
5.450870025,729.698593605
5.450874304,729.081569316
5.450878586,728.465201733
5.450882872,727.849490127
5.450887161,727.234433766
5.450891454,726.620031921
5.450895750,726.006283863
5.450900050,725.393188865
5.450904354,724.780746199
5.450908661,724.168955138
5.450912972,723.557814959
5.450917286,722.947324936
5.450921604,722.337484346
5.450925925,721.728292465
5.450930250,721.119748573
5.450934579,720.511851948
5.450938911,719.904601869
5.450943247,719.297997618
5.450947587,718.692038476
5.450951930,718.086723726
5.450956277,717.482052650
5.450960627,716.878024533
5.450964981,716.274638660
5.450969339,715.671894315
5.450973700,715.069790787
5.450978066,714.468327362
5.450982434,713.867503329
5.450986807,713.267317976
5.450991183,712.667770595
5.450995563,712.068860474
5.450999946,711.470586907
5.451004333,710.872949185
5.451008724,710.275946603
5.451013119,709.679578453
5.451017517,709.083844031
5.451021919,708.488742633
5.451026325,707.894273556
5.451030735,707.300436096
5.451035148,706.707229553
5.451039565,706.114653225
5.451043986,705.522706412
5.451048410,704.931388415
5.451052838,704.340698536
5.451057271,703.750636076
5.451061706,703.161200340
5.451066146,702.572390632
5.451070589,701.984206255
5.451075037,701.396646517
5.451079488,700.809710722
5.451083942,700.223398180
5.451088401,699.637708198
5.451092864,699.052640084
5.451097330,698.468193149
5.451101800,697.884366704
5.451106274,697.301160059
5.451110752,696.718572527
5.451115233,696.136603421
5.451119719,695.555252055
5.451124208,694.974517743
5.451128701,694.394399801
5.451133199,693.814897546
5.451137700,693.236010294
5.451142204,692.657737363
5.451146713,692.080078071
5.451151226,691.503031740
5.451155742,690.926597687
5.451160263,690.350775236
5.451164787,689.775563707
5.451169316,689.200962424
5.451173848,688.626970709
5.451178384,688.053587887
5.451182924,687.480813284
5.451187468,686.908646224
5.451192016,686.337086036
5.451196568,685.766132045
5.451201124,685.195783581
5.451205684,684.626039973
5.451210248,684.056900550
5.451214816,683.488364643
5.451219388,682.920431583
5.451223964,682.353100704
5.451228544,681.786371336
5.451233128,681.220242816
5.451237716,680.654714476
5.451242308,680.089785652
5.451246904,679.525455682
5.451251504,678.961723900
5.451256108,678.398589646
5.451260716,677.836052257
5.451265328,677.274111074
5.451269945,676.712765435
5.451274565,676.152014682
5.451279190,675.591858156
5.451283818,675.032295201
5.451288451,674.473325158
5.451293087,673.914947372
5.451297728,673.357161187
5.451302373,672.799965950
5.451307022,672.243361006
5.451311675,671.687345702
5.451316333,671.131919386
5.451320994,670.577081407
5.451325660,670.022831114
5.451330330,669.469167857
5.451335003,668.916090987
5.451339682,668.363599855
5.451344364,667.811693815
5.451349050,667.260372219
5.451353741,666.709634420
5.451358436,666.159479775
5.451363135,665.609907637
5.451367838,665.060917364
5.451372545,664.512508313
5.451377257,663.964679840
5.451381973,663.417431306
5.451386693,662.870762068
5.451391417,662.324671487
5.451396146,661.779158923
5.451400879,661.234223739
5.451405616,660.689865296
5.451410357,660.146082957
5.451415103,659.602876087
5.451419853,659.060244049
5.451424607,658.518186209
5.451429366,657.976701934
5.451434128,657.435790589
5.451438896,656.895451543
5.451443667,656.355684163
5.451448443,655.816487818
5.451453223,655.277861880
5.451458007,654.739805717
5.451462796,654.202318701
5.451467589,653.665400205
5.451472387,653.129049600
5.451477189,652.593266261
5.451481995,652.058049561
5.451486806,651.523398877
5.451491621,650.989313582
5.451496440,650.455793054
5.451501264,649.922836671
5.451506092,649.390443809
5.451510925,648.858613848
5.451515762,648.327346166
5.451520604,647.796640145
5.451525450,647.266495165
5.451530300,646.736910607
5.451535155,646.207885855
5.451540014,645.679420290
5.451544878,645.151513297
5.451549747,644.624164260
5.451554619,644.097372565
5.451559497,643.571137598
5.451564378,643.045458745
5.451569265,642.520335394
5.451574156,641.995766932
5.451579051,641.471752750
5.451583951,640.948292236
5.451588855,640.425384781
5.451593764,639.903029775
5.451598678,639.381226612
5.451603596,638.859974682
5.451608518,638.339273380
5.451613445,637.819122100
5.451618377,637.299520235
5.451623314,636.780467182
5.451628255,636.261962337
5.451633200,635.744005097
5.451638150,635.226594858
5.451643105,634.709731020
5.451648065,634.193412981
5.451653029,633.677640141
5.451657998,633.162411901
5.451662971,632.647727661
5.451667949,632.133586824
5.451672932,631.619988791
5.451677919,631.106932967
5.451682911,630.594418756
5.451687908,630.082445561
5.451692909,629.571012789
5.451697916,629.060119846
5.451702927,628.549766138
5.451707942,628.039951073
5.451712963,627.530674059
5.451717988,627.021934505
5.451723017,626.513731821
5.451728052,626.006065417
5.451733091,625.498934704
5.451738136,624.992339095
5.451743185,624.486278000
5.451748238,623.980750835
5.451753297,623.475757012
5.451758360,622.971295946
5.451763428,622.467367052
5.451768501,621.963969747
5.451773579,621.461103447
5.451778662,620.958767570
5.451783749,620.456961533
5.451788841,619.955684755
5.451793939,619.454936656
5.451799041,618.954716656
5.451804148,618.455024176
5.451809259,617.955858637
5.451814376,617.457219462
5.451819498,616.959106073
5.451824624,616.461517895
5.451829756,615.964454351
5.451834892,615.467914867
5.451840034,614.971898868
5.451845180,614.476405781
5.451850331,613.981435033
5.451855487,613.486986051
5.451860648,612.993058264
5.451865815,612.499651102
5.451870986,612.006763993
5.451876162,611.514396370
5.451881343,611.022547662
5.451886529,610.531217301
5.451891720,610.040404722
5.451896917,609.550109355
5.451902118,609.060330637
5.451907324,608.571068000
5.451912536,608.082320882
5.451917752,607.594088716
5.451922974,607.106370941
5.451928200,606.619166994
5.451933432,606.132476313
5.451938669,605.646298335
5.451943911,605.160632502
5.451949158,604.675478253
5.451954410,604.190835028
5.451959667,603.706702269
5.451964930,603.223079419
5.451970197,602.739965920
5.451975470,602.257361215
5.451980748,601.775264749
5.451986031,601.293675967
5.451991319,600.812594313
5.451996613,600.332019235
5.452001912,599.851950179
5.452007215,599.372386592
5.452012525,598.893327923
5.452017839,598.414773621
5.452023159,597.936723134
5.452028484,597.459175915
5.452033814,596.982131412
5.452039149,596.505589078
5.452044490,596.029548365
5.452049836,595.554008726
5.452055187,595.078969614
5.452060544,594.604430483
5.452065906,594.130390790
5.452071273,593.656849988
5.452076646,593.183807534
5.452082024,592.711262885
5.452087407,592.239215499
5.452092796,591.767664834
5.452098190,591.296610349
5.452103590,590.826051502
5.452108994,590.355987755
5.452114405,589.886418569
5.452119820,589.417343403
5.452125242,588.948761722
5.452130668,588.480672988
5.452136100,588.013076664
5.452141538,587.545972214
5.452146980,587.079359103
5.452152429,586.613236797
5.452157883,586.147604762
5.452163342,585.682462464
5.452168807,585.217809371
5.452174277,584.753644951
5.452179753,584.289968673
5.452185235,583.826780006
5.452190722,583.364078421
5.452196214,582.901863387
5.452201712,582.440134377
5.452207216,581.978890862
5.452212725,581.518132315
5.452218240,581.057858209
5.452223760,580.598068019
5.452229286,580.138761219
5.452234818,579.679937283
5.452240355,579.221595689
5.452245898,578.763735913
5.452251447,578.306357432
5.452257001,577.849459723
5.452262561,577.393042265
5.452268127,576.937104538
5.452273698,576.481646022
5.452279275,576.026666196
5.452284858,575.572164542
5.452290446,575.118140541
5.452296040,574.664593677
5.452301640,574.211523431
5.452307246,573.758929288
5.452312858,573.306810733
5.452318475,572.855167249
5.452324098,572.403998323
5.452329727,571.953303441
5.452335361,571.503082089
5.452341002,571.053333756
5.452346648,570.604057930
5.452352300,570.155254099
5.452357958,569.706921752
5.452363622,569.259060381
5.452369291,568.811669475
5.452374967,568.364748526
5.452380648,567.918297026
5.452386336,567.472314469
5.452392029,567.026800346
5.452397728,566.581754152
5.452403433,566.137175381
5.452409144,565.693063529
5.452414861,565.249418092
5.452420584,564.806238566
5.452426313,564.363524448
5.452432048,563.921275236
5.452437789,563.479490429
5.452443536,563.038169525
5.452449289,562.597312023
5.452455048,562.156917425
5.452460813,561.716985231
5.452466584,561.277514943
5.452472362,560.838506063
5.452478145,560.399958094
5.452483934,559.961870538
5.452489730,559.524242901
5.452495531,559.087074687
5.452501339,558.650365401
5.452507153,558.214114550
5.452512973,557.778321639
5.452518799,557.342986176
5.452524631,556.908107670
5.452530470,556.473685627
5.452536314,556.039719558
5.452542165,555.606208973
5.452548022,555.173153381
5.452553886,554.740552293
5.452559755,554.308405222
5.452565631,553.876711679
5.452571513,553.445471177
5.452577401,553.014683230
5.452583296,552.584347352
5.452589197,552.154463058
5.452595104,551.725029862
5.452601018,551.296047282
5.452606938,550.867514833
5.452612864,550.439432032
5.452618796,550.011798399
5.452624735,549.584613450
5.452630681,549.157876706
5.452636632,548.731587685
5.452642590,548.305745908
5.452648555,547.880350897
5.452654526,547.455402173
5.452660503,547.030899257
5.452666487,546.606841673
5.452672478,546.183228944
5.452678474,545.760060595
5.452684478,545.337336149
5.452690487,544.915055132
5.452696504,544.493217071
5.452702527,544.071821491
5.452708556,543.650867919
5.452714592,543.230355884
5.452720634,542.810284914
5.452726683,542.390654537
5.452732739,541.971464284
5.452738801,541.552713685
5.452744870,541.134402270
5.452750945,540.716529570
5.452757028,540.299095119
5.452763116,539.882098448
5.452769212,539.465539091
5.452775314,539.049416581
5.452781423,538.633730454
5.452787538,538.218480244
5.452793660,537.803665487
5.452799789,537.389285720
5.452805925,536.975340479
5.452812067,536.561829301
5.452818216,536.148751726
5.452824372,535.736107291
5.452830535,535.323895537
5.452836705,534.912116003
5.452842881,534.500768230
5.452849064,534.089851759
5.452855254,533.679366131
5.452861451,533.269310890
5.452867655,532.859685578
5.452873866,532.450489739
5.452880083,532.041722918
5.452886308,531.633384658
5.452892539,531.225474506
5.452898777,530.817992008
5.452905023,530.410936710
5.452911275,530.004308159
5.452917534,529.598105904
5.452923800,529.192329493
5.452930074,528.786978474
5.452936354,528.382052399
5.452942641,527.977550817
5.452948935,527.573473278
5.452955237,527.169819335
5.452961545,526.766588540
5.452967861,526.363780445
5.452974183,525.961394603
5.452980513,525.559430569
5.452986850,525.157887897
5.452993194,524.756766143
5.452999545,524.356064861
5.453005903,523.955783608
5.453012269,523.555921942
5.453018642,523.156479419
5.453025022,522.757455598
5.453031409,522.358850038
5.453037803,521.960662297
5.453044205,521.562891936
5.453050614,521.165538516
5.453057030,520.768601597
5.453063454,520.372080741
5.453069884,519.975975510
5.453076323,519.580285468
5.453082768,519.185010178
5.453089221,518.790149204
5.453095681,518.395702110
5.453102149,518.001668463
5.453108624,517.608047827
5.453115106,517.214839770
5.453121596,516.822043859
5.453128093,516.429659660
5.453134598,516.037686743
5.453141110,515.646124676
5.453147630,515.254973030
5.453154157,514.864231372
5.453160692,514.473899276
5.453167234,514.083976311
5.453173784,513.694462050
5.453180342,513.305356065
5.453186907,512.916657929
5.453193479,512.528367216
5.453200059,512.140483499
5.453206647,511.753006355
5.453213243,511.365935357
5.453219846,510.979270083
5.453226456,510.593010108
5.453233075,510.207155010
5.453239701,509.821704367
5.453246335,509.436657757
5.453252977,509.052014758
5.453259626,508.667774952
5.453266283,508.283937916
5.453272948,507.900503233
5.453279621,507.517470484
5.453286301,507.134839250
5.453292990,506.752609114
5.453299686,506.370779659
5.453306390,505.989350469
5.453313102,505.608321128
5.453319822,505.227691220
5.453326549,504.847460332
5.453333285,504.467628049
5.453340029,504.088193957
5.453346780,503.709157645
5.453353540,503.330518699
5.453360307,502.952276708
5.453367083,502.574431262
5.453373866,502.196981949
5.453380658,501.819928359
5.453387458,501.443270084
5.453394265,501.067006715
5.453401081,500.691137842
5.453407905,500.315663060
5.453414737,499.940581961
5.453421577,499.565894138
5.453428426,499.191599186
5.453435282,498.817696700
5.453442147,498.444186274
5.453449020,498.071067506
5.453455901,497.698339990
5.453462790,497.326003326
5.453469688,496.954057109
5.453476594,496.582500939
5.453483508,496.211334414
5.453490430,495.840557134
5.453497361,495.470168699
5.453504300,495.100168709
5.453511248,494.730556765
5.453518204,494.361332470
5.453525168,493.992495426
5.453532141,493.624045235
5.453539122,493.255981501
5.453546111,492.888303829
5.453553110,492.521011822
5.453560116,492.154105087
5.453567131,491.787583228
5.453574155,491.421445853
5.453581187,491.055692568
5.453588227,490.690322980
5.453595277,490.325336699
5.453602334,489.960733332
5.453609401,489.596512490
5.453616476,489.232673781
5.453623560,488.869216817
5.453630652,488.506141208
5.453637753,488.143446565
5.453644863,487.781132502
5.453651981,487.419198631
5.453659109,487.057644565
5.453666244,486.696469918
5.453673389,486.335674304
5.453680543,485.975257339
5.453687705,485.615218639
5.453694876,485.255557819
5.453702056,484.896274496
5.453709245,484.537368287
5.453716443,484.178838811
5.453723650,483.820685686
5.453730865,483.462908532
5.453738090,483.105506967
5.453745323,482.748480612
5.453752566,482.391829087
5.453759817,482.035552015
5.453767078,481.679649017
5.453774348,481.324119716
5.453781626,480.968963734
5.453788914,480.614180696
5.453796211,480.259770225
5.453803517,479.905731947
5.453810832,479.552065486
5.453818156,479.198770469
5.453825489,478.845846523
5.453832832,478.493293273
5.453840184,478.141110349
5.453847545,477.789297378
5.453854915,477.437853989
5.453862295,477.086779812
5.453869684,476.736074476
5.453877082,476.385737612
5.453884490,476.035768850
5.453891907,475.686167824
5.453899333,475.336934164
5.453906769,474.988067504
5.453914214,474.639567477
5.453921668,474.291433717
5.453929132,473.943665859
5.453936606,473.596263537
5.453944089,473.249226387
5.453951581,472.902554046
5.453959084,472.556246149
5.453966595,472.210302336
5.453974117,471.864722242
5.453981647,471.519505508
5.453989188,471.174651771
5.453996738,470.830160672
5.454004298,470.486031851
5.454011867,470.142264948
5.454019447,469.798859606
5.454027036,469.455815464
5.454034634,469.113132167
5.454042243,468.770809357
5.454049861,468.428846678
5.454057489,468.087243773
5.454065127,467.746000289
5.454072775,467.405115869
5.454080433,467.064590159
5.454088101,466.724422807
5.454095778,466.384613459
5.454103466,466.045161762
5.454111163,465.706067365
5.454118871,465.367329917
5.454126588,465.028949066
5.454134316,464.690924462
5.454142054,464.353255756
5.454149802,464.015942599
5.454157559,463.678984641
5.454165327,463.342381536
5.454173106,463.006132936
5.454180894,462.670238494
5.454188693,462.334697863
5.454196501,461.999510698
5.454204320,461.664676654
5.454212150,461.330195387
5.454219989,460.996066552
5.454227839,460.662289805
5.454235700,460.328864804
5.454243570,459.995791207
5.454251451,459.663068672
5.454259343,459.330696857
5.454267245,458.998675422
5.454275157,458.667004027
5.454283080,458.335682332
5.454291013,458.004709999
5.454298957,457.674086689
5.454306912,457.343812063
5.454314877,457.013885786
5.454322853,456.684307520
5.454330839,456.355076928
5.454338836,456.026193676
5.454346843,455.697657428
5.454354862,455.369467850
5.454362891,455.041624608
5.454370931,454.714127369
5.454378981,454.386975799
5.454387043,454.060169566
5.454395115,453.733708340
5.454403198,453.407591788
5.454411292,453.081819580
5.454419397,452.756391386
5.454427513,452.431306877
5.454435640,452.106565723
5.454443778,451.782167597
5.454451926,451.458112170
5.454460086,451.134399116
5.454468257,450.811028108
5.454476439,450.487998819
5.454484632,450.165310924
5.454492836,449.842964098
5.454501052,449.520958017
5.454509278,449.199292356
5.454517516,448.877966793
5.454525765,448.556981004
5.454534025,448.236334668
5.454542297,447.916027463
5.454550580,447.596059067
5.454558874,447.276429161
5.454567180,446.957137424
5.454575497,446.638183536
5.454583825,446.319567179
5.454592165,446.001288035
5.454600517,445.683345785
5.454608880,445.365740114
5.454617254,445.048470702
5.454625640,444.731537236
5.454634038,444.414939399
5.454642447,444.098676876
5.454650868,443.782749353
5.454659300,443.467156516
5.454667745,443.151898052
5.454676201,442.836973648
5.454684669,442.522382991
5.454693148,442.208125770
5.454701639,441.894201674
5.454710143,441.580610392
5.454718658,441.267351615
5.454727185,440.954425032
5.454735724,440.641830335
5.454744275,440.329567217
5.454752838,440.017635367
5.454761412,439.706034481
5.454769999,439.394764250
5.454778598,439.083824370
5.454787210,438.773214533
5.454795833,438.462934436
5.454804468,438.152983773
5.454813116,437.843362241
5.454821776,437.534069537
5.454830448,437.225105357
5.454839132,436.916469400
5.454847829,436.608161363
5.454856538,436.300180946
5.454865260,435.992527848
5.454873993,435.685201768
5.454882740,435.378202408
5.454891498,435.071529468
5.454900270,434.765182651
5.454909053,434.459161657
5.454917850,434.153466191
5.454926659,433.848095954
5.454935480,433.543050652
5.454944314,433.238329987
5.454953161,432.933933666
5.454962021,432.629861394
5.454970893,432.326112876
5.454979778,432.022687819
5.454988676,431.719585931
5.454997587,431.416806919
5.455006510,431.114350491
5.455015447,430.812216356
5.455024396,430.510404224
5.455033359,430.208913803
5.455042334,429.907744805
5.455051323,429.606896941
5.455060324,429.306369922
5.455069339,429.006163459
5.455078366,428.706277267
5.455087407,428.406711057
5.455096461,428.107464544
5.455105529,427.808537442
5.455114609,427.509929466
5.455123703,427.211640331
5.455132811,426.913669753
5.455141931,426.616017448
5.455151065,426.318683133
5.455160213,426.021666527
5.455169373,425.724967346
5.455178548,425.428585311
5.455187736,425.132520139
5.455196937,424.836771552
5.455206152,424.541339268
5.455215381,424.246223009
5.455224624,423.951422496
5.455233880,423.656937452
5.455243150,423.362767598
5.455252433,423.068912658
5.455261731,422.775372356
5.455271042,422.482146415
5.455280367,422.189234561
5.455289706,421.896636517
5.455299059,421.604352011
5.455308426,421.312380769
5.455317808,421.020722517
5.455327203,420.729376983
5.455336612,420.438343895
5.455346035,420.147622982
5.455355473,419.857213972
5.455364925,419.567116595
5.455374391,419.277330582
5.455383871,418.987855662
5.455393366,418.698691568
5.455402875,418.409838031
5.455412398,418.121294784
5.455421936,417.833061559
5.455431488,417.545138090
5.455441055,417.257524110
5.455450636,416.970219356
5.455460232,416.683223561
5.455469843,416.396536461
5.455479468,416.110157792
5.455489108,415.824087292
5.455498763,415.538324697
5.455508432,415.252869746
5.455518117,414.967722176
5.455527816,414.682881727
5.455537530,414.398348138
5.455547259,414.114121149
5.455557003,413.830200501
5.455566762,413.546585935
5.455576536,413.263277193
5.455586325,412.980274016
5.455596129,412.697576148
5.455605948,412.415183332
5.455615783,412.133095312
5.455625633,411.851311832
5.455635498,411.569832637
5.455645379,411.288657472
5.455655274,411.007786085
5.455665186,410.727218221
5.455675113,410.446953627
5.455685055,410.166992052
5.455695013,409.887333243
5.455704986,409.607976949
5.455714975,409.328922920
5.455724980,409.050170905
5.455735000,408.771720655
5.455745037,408.493571921
5.455755089,408.215724455
5.455765156,407.938178008
5.455775240,407.660932334
5.455785340,407.383987185
5.455795456,407.107342314
5.455805587,406.830997478
5.455815735,406.554952429
5.455825899,406.279206924
5.455836079,406.003760718
5.455846275,405.728613569
5.455856487,405.453765232
5.455866716,405.179215466
5.455876961,404.904964029
5.455887222,404.631010678
5.455897500,404.357355175
5.455907794,404.083997277
5.455918105,403.810936747
5.455928432,403.538173343
5.455938776,403.265706829
5.455949137,402.993536965
5.455959514,402.721663515
5.455969908,402.450086240
5.455980319,402.178804906
5.455990746,401.907819276
5.456001191,401.637129115
5.456011652,401.366734187
5.456022131,401.096634260
5.456032626,400.826829099
5.456043139,400.557318470
5.456053668,400.288102142
5.456064215,400.019179883
5.456074779,399.750551460
5.456085360,399.482216644
5.456095959,399.214175204
5.456106574,398.946426909
5.456117208,398.678971531
5.456127859,398.411808841
5.456138527,398.144938611
5.456149213,397.878360613
5.456159916,397.612074620
5.456170637,397.346080405
5.456181376,397.080377744
5.456192132,396.814966409
5.456202907,396.549846177
5.456213699,396.285016823
5.456224509,396.020478123
5.456235337,395.756229854
5.456246183,395.492271794
5.456257047,395.228603720
5.456267930,394.965225411
5.456278830,394.702136645
5.456289749,394.439337203
5.456300686,394.176826864
5.456311641,393.914605409
5.456322614,393.652672620
5.456333606,393.391028278
5.456344617,393.129672164
5.456355646,392.868604064
5.456366694,392.607823758
5.456377760,392.347331032
5.456388845,392.087125671
5.456399949,391.827207458
5.456411071,391.567576181
5.456422213,391.308231624
5.456433373,391.049173575
5.456444553,390.790401820
5.456455751,390.531916149
5.456466968,390.273716349
5.456478205,390.015802209
5.456489461,389.758173519
5.456500736,389.500830068
5.456512030,389.243771648
5.456523344,388.986998049
5.456534677,388.730509063
5.456546030,388.474304483
5.456557402,388.218384101
5.456568794,387.962747711
5.456580206,387.707395107
5.456591637,387.452326082
5.456603088,387.197540433
5.456614559,386.943037955
5.456626049,386.688818444
5.456637560,386.434881696
5.456649091,386.181227509
5.456660642,385.927855681
5.456672213,385.674766011
5.456683804,385.421958296
5.456695415,385.169432338
5.456707047,384.917187935
5.456718699,384.665224888
5.456730372,384.413542999
5.456742065,384.162142069
5.456753778,383.911021901
5.456765513,383.660182298
5.456777268,383.409623062
5.456789043,383.159343998
5.456800840,382.909344911
5.456812657,382.659625606
5.456824496,382.410185887
5.456836355,382.161025563
5.456848235,381.912144438
5.456860137,381.663542321
5.456872060,381.415219020
5.456884004,381.167174342
5.456895969,380.919408098
5.456907956,380.671920097
5.456919965,380.424710148
5.456931994,380.177778063
5.456944046,379.931123652
5.456956119,379.684746729
5.456968214,379.438647104
5.456980331,379.192824592
5.456992469,378.947279005
5.457004630,378.702010159
5.457016812,378.457017866
5.457029017,378.212301944
5.457041244,377.967862207
5.457053493,377.723698472
5.457065764,377.479810556
5.457078058,377.236198276
5.457090374,376.992861451
5.457102712,376.749799899
5.457115073,376.507013440
5.457127457,376.264501893
5.457139864,376.022265078
5.457152293,375.780302816
5.457164745,375.538614930
5.457177221,375.297201241
5.457189719,375.056061571
5.457202240,374.815195745
5.457214784,374.574603585
5.457227352,374.334284916
5.457239943,374.094239563
5.457252557,373.854467352
5.457265195,373.614968108
5.457277856,373.375741659
5.457290541,373.136787831
5.457303250,372.898106452
5.457315982,372.659697351
5.457328738,372.421560357
5.457341518,372.183695299
5.457354323,371.946102007
5.457367151,371.708780312
5.457380003,371.471730045
5.457392880,371.234951038
5.457405781,370.998443123
5.457418706,370.762206134
5.457431656,370.526239904
5.457444630,370.290544268
5.457457629,370.055119059
5.457470653,369.819964113
5.457483701,369.585079266
5.457496774,369.350464355
5.457509873,369.116119217
5.457522996,368.882043689
5.457536144,368.648237610
5.457549318,368.414700818
5.457562517,368.181433152
5.457575741,367.948434454
5.457588991,367.715704562
5.457602267,367.483243319
5.457615568,367.251050567
5.457628894,367.019126146
5.457642247,366.787469902
5.457655625,366.556081676
5.457669030,366.324961313
5.457682460,366.094108658
5.457695917,365.863523556
5.457709399,365.633205853
5.457722909,365.403155395
5.457736444,365.173372029
5.457750006,364.943855604
5.457763595,364.714605967
5.457777211,364.485622967
5.457790853,364.256906453
5.457804522,364.028456276
5.457818218,363.800272286
5.457831941,363.572354334
5.457845692,363.344702273
5.457859469,363.117315954
5.457873274,362.890195231
5.457887106,362.663339957
5.457900966,362.436749986
5.457914854,362.210425174
5.457928769,361.984365375
5.457942712,361.758570445
5.457956683,361.533040243
5.457970682,361.307774623
5.457984709,361.082773445
5.457998765,360.858036566
5.458012848,360.633563846
5.458026960,360.409355145
5.458041101,360.185410322
5.458055270,359.961729239
5.458069468,359.738311757
5.458083695,359.515157738
5.458097950,359.292267044
5.458112235,359.069639540
5.458126549,358.847275088
5.458140892,358.625173554
5.458155264,358.403334803
5.458169666,358.181758700
5.458184097,357.960445111
5.458198558,357.739393905
5.458213049,357.518604947
5.458227570,357.298078108
5.458242120,357.077813254
5.458256701,356.857810257
5.458271312,356.638068985
5.458285953,356.418589310
5.458300625,356.199371103
5.458315327,355.980414236
5.458330059,355.761718582
5.458344823,355.543284013
5.458359617,355.325110404
5.458374442,355.107197628
5.458389299,354.889545562
5.458404186,354.672154081
5.458419105,354.455023061
5.458434055,354.238152378
5.458449037,354.021541912
5.458464050,353.805191540
5.458479096,353.589101140
5.458494173,353.373270593
5.458509282,353.157699778
5.458524423,352.942388577
5.458539597,352.727336870
5.458554803,352.512544540
5.458570041,352.298011470
5.458585312,352.083737542
5.458600616,351.869722642
5.458615952,351.655966652
5.458631322,351.442469460
5.458646724,351.229230951
5.458662160,351.016251010
5.458677629,350.803529526
5.458693132,350.591066387
5.458708668,350.378861481
5.458724238,350.166914696
5.458739842,349.955225924
5.458755480,349.743795054
5.458771152,349.532621978
5.458786859,349.321706587
5.458802599,349.111048774
5.458818374,348.900648432
5.458834184,348.690505455
5.458850029,348.480619737
5.458865908,348.270991173
5.458881823,348.061619660
5.458897773,347.852505093
5.458913758,347.643647370
5.458929779,347.435046388
5.458945835,347.226702046
5.458961927,347.018614243
5.458978055,346.810782880
5.458994218,346.603207855
5.459010419,346.395889071
5.459026655,346.188826429
5.459042928,345.982019832
5.459059237,345.775469183
5.459075583,345.569174386
5.459091966,345.363135345
5.459108386,345.157351966
5.459124844,344.951824155
5.459141338,344.746551818
5.459157870,344.541534862
5.459174440,344.336773196
5.459191047,344.132266728
5.459207693,343.928015368
5.459224376,343.724019025
5.459241098,343.520277610
5.459257858,343.316791036
5.459274657,343.113559214
5.459291494,342.910582056
5.459308370,342.707859477
5.459325286,342.505391391
5.459342240,342.303177713
5.459359234,342.101218359
5.459376267,341.899513244
5.459393340,341.698062286
5.459410453,341.496865404
5.459427606,341.295922515
5.459444799,341.095233538
5.459462032,340.894798395
5.459479306,340.694617005
5.459496621,340.494689289
5.459513976,340.295015171
5.459531372,340.095594573
5.459548810,339.896427419
5.459566288,339.697513633
5.459583809,339.498853139
5.459601371,339.300445865
5.459618975,339.102291736
5.459636621,338.904390680
5.459654309,338.706742625
5.459672039,338.509347499
5.459689813,338.312205233
5.459707628,338.115315756
5.459725487,337.918678999
5.459743389,337.722294895
5.459761335,337.526163376
5.459779324,337.330284375
5.459797356,337.134657826
5.459815433,336.939283664
5.459833553,336.744161824
5.459851718,336.549292244
5.459869927,336.354674859
5.459888181,336.160309608
5.459906479,335.966196430
5.459924823,335.772335264
5.459943212,335.578726050
5.459961647,335.385368730
5.459980127,335.192263244
5.459998652,334.999409535
5.460017224,334.806807548
5.460035842,334.614457225
5.460054507,334.422358512
5.460073218,334.230511355
5.460091976,334.038915699
5.460110781,333.847571493
5.460129634,333.656478685
5.460148534,333.465637223
5.460167481,333.275047057
5.460186477,333.084708137
5.460205521,332.894620415
5.460224613,332.704783844
5.460243753,332.515198375
5.460262943,332.325863964
5.460282181,332.136780563
5.460301469,331.947948130
5.460320806,331.759366620
5.460340193,331.571035989
5.460359629,331.382956197
5.460379116,331.195127202
5.460398653,331.007548964
5.460418241,330.820221442
5.460437880,330.633144599
5.460457570,330.446318396
5.460477311,330.259742797
5.460497103,330.073417764
5.460516948,329.887343264
5.460536844,329.701519262
5.460556793,329.515945723
5.460576794,329.330622616
5.460596849,329.145549908
5.460616956,328.960727568
5.460637116,328.776155567
5.460657330,328.591833876
5.460677598,328.407762465
5.460697920,328.223941308
5.460718296,328.040370378
5.460738726,327.857049649
5.460759212,327.673979098
5.460779752,327.491158699
5.460800348,327.308588430
5.460821000,327.126268268
5.460841707,326.944198194
5.460862471,326.762378187
5.460883291,326.580808227
5.460904168,326.399488295
5.460925102,326.218418376
5.460946093,326.037598452
5.460967141,325.857028508
5.460988248,325.676708528
5.461009413,325.496638500
5.461030636,325.316818411
5.461051917,325.137248249
5.461073258,324.957928003
5.461094658,324.778857663
5.461116118,324.600037221
5.461137637,324.421466668
5.461159217,324.243145998
5.461180857,324.065075205
5.461202559,323.887254284
5.461224321,323.709683230
5.461246144,323.532362041
5.461268030,323.355290715
5.461289977,323.178469251
5.461311987,323.001897648
5.461334059,322.825575909
5.461356195,322.649504034
5.461378394,322.473682027
5.461400656,322.298109892
5.461422983,322.122787634
5.461445374,321.947715259
5.461467829,321.772892775
5.461490350,321.598320190
5.461512935,321.423997512
5.461535587,321.249924752
5.461558305,321.076101922
5.461581089,320.902529034
5.461603939,320.729206102
5.461626857,320.556133139
5.461649843,320.383310163
5.461672896,320.210737189
5.461696017,320.038414235
5.461719207,319.866341321
5.461742466,319.694518465
5.461765794,319.522945691
5.461789192,319.351623019
5.461812659,319.180550473
5.461836198,319.009728078
5.461859807,318.839155859
5.461883487,318.668833843
5.461907239,318.498762057
5.461931063,318.328940532
5.461954959,318.159369297
5.461978928,317.990048384
5.462002970,317.820977824
5.462027086,317.652157653
5.462051275,317.483587904
5.462075540,317.315268613
5.462099879,317.147199819
5.462124293,316.979381560
5.462148783,316.811813874
5.462173349,316.644496804
5.462197992,316.477430391
5.462222711,316.310614679
5.462247509,316.144049712
5.462272384,315.977735535
5.462297337,315.811672197
5.462322369,315.645859745
5.462347480,315.480298229
5.462372671,315.314987700
5.462397942,315.149928210
5.462423294,314.985119813
5.462448727,314.820562562
5.462474241,314.656256515
5.462499838,314.492201728
5.462525517,314.328398261
5.462551279,314.164846172
5.462577124,314.001545525
5.462603054,313.838496380
5.462629068,313.675698802
5.462655167,313.513152857
5.462681351,313.350858611
5.462707622,313.188816133
5.462733979,313.027025491
5.462760423,312.865486757
5.462786955,312.704200004
5.462813576,312.543165304
5.462840284,312.382382733
5.462867082,312.221852367
5.462893970,312.061574285
5.462920949,311.901548566
5.462948018,311.741775291
5.462975178,311.582254542
5.463002431,311.422986404
5.463029776,311.263970961
5.463057215,311.105208300
5.463084747,310.946698510
5.463112374,310.788441681
5.463140096,310.630437904
5.463167913,310.472687272
5.463195826,310.315189879
5.463223837,310.157945822
5.463251945,310.000955199
5.463280150,309.844218108
5.463308455,309.687734651
5.463336859,309.531504929
5.463365363,309.375529047
5.463393968,309.219807111
5.463422674,309.064339228
5.463451481,308.909125508
5.463480392,308.754166059
5.463509406,308.599460996
5.463538524,308.445010432
5.463567747,308.290814483
5.463597075,308.136873267
5.463626509,307.983186902
5.463656050,307.829755509
5.463685699,307.676579212
5.463715456,307.523658135
5.463745322,307.370992403
5.463775298,307.218582146
5.463805384,307.066427493
5.463835582,306.914528576
5.463865892,306.762885528
5.463896314,306.611498485
5.463926851,306.460367584
5.463957502,306.309492964
5.463988267,306.158874767
5.464019150,306.008513135
5.464050148,305.858408214
5.464081265,305.708560150
5.464112500,305.558969092
5.464143855,305.409635191
5.464175330,305.260558600
5.464206925,305.111739474
5.464238643,304.963177970
5.464270484,304.814874246
5.464302449,304.666828464
5.464334538,304.519040787
5.464366753,304.371511380
5.464399094,304.224240410
5.464431563,304.077228048
5.464464160,303.930474464
5.464496886,303.783979832
5.464529743,303.637744329
5.464562731,303.491768133
5.464595852,303.346051424
5.464629106,303.200594385
5.464662494,303.055397201
5.464696017,302.910460060
5.464729677,302.765783151
5.464763474,302.621366666
5.464797410,302.477210799
5.464831485,302.333315748
5.464865701,302.189681712
5.464900058,302.046308891
5.464934559,301.903197491
5.464969203,301.760347717
5.465003992,301.617759780
5.465038928,301.475433889
5.465074012,301.333370261
5.465109243,301.191569111
5.465144625,301.050030658
5.465180158,300.908755125
5.465215843,300.767742736
5.465251681,300.626993719
5.465287675,300.486508303
5.465323824,300.346286722
5.465360130,300.206329210
5.465396596,300.066636007
5.465433221,299.927207353
5.465470007,299.788043492
5.465506956,299.649144672
5.465544069,299.510511141
5.465581348,299.372143153
5.465618793,299.234040963
5.465656407,299.096204830
5.465694190,298.958635016
5.465732144,298.821331786
5.465770271,298.684295407
5.465808573,298.547526150
5.465847049,298.411024290
5.465885703,298.274790105
5.465924536,298.138823874
5.465963549,298.003125882
5.466002745,297.867696417
5.466042123,297.732535767
5.466081687,297.597644229
5.466121438,297.463022099
5.466161378,297.328669677
5.466201508,297.194587269
5.466241830,297.060775183
5.466282346,296.927233729
5.466323057,296.793963224
5.466363966,296.660963986
5.466405074,296.528236337
5.466446384,296.395780604
5.466487897,296.263597118
5.466529614,296.131686211
5.466571539,296.000048223
5.466613673,295.868683494
5.466656017,295.737592371
5.466698575,295.606775204
5.466741348,295.476232347
5.466784338,295.345964157
5.466827548,295.215970998
5.466870979,295.086253236
5.466914633,294.956811242
5.466958514,294.827645390
5.467002623,294.698756062
5.467046962,294.570143641
5.467091535,294.441808516
5.467136342,294.313751080
5.467181388,294.185971731
5.467226673,294.058470872
5.467272201,293.931248911
5.467317974,293.804306260
5.467363995,293.677643336
5.467410267,293.551260562
5.467456791,293.425158364
5.467503571,293.299337176
5.467550610,293.173797434
5.467597909,293.048539583
5.467645473,292.923564069
5.467693304,292.798871348
5.467741405,292.674461877
5.467789778,292.550336122
5.467838428,292.426494553
5.467887356,292.302937647
5.467936567,292.179665885
5.467986063,292.056679755
5.468035847,291.933979751
5.468085923,291.811566373
5.468136295,291.689440128
5.468186965,291.567601526
5.468237938,291.446051089
5.468289216,291.324789339
5.468340803,291.203816810
5.468392703,291.083134040
5.468444920,290.962741575
5.468497458,290.842639965
5.468550319,290.722829771
5.468603509,290.603311558
5.468657032,290.484085900
5.468710891,290.365153379
5.468765091,290.246514581
5.468819635,290.128170103
5.468874529,290.010120549
5.468929776,289.892366529
5.468985382,289.774908663
5.469041350,289.657747579
5.469097686,289.540883911
5.469154394,289.424318305
5.469211479,289.308051413
5.469268946,289.192083895
5.469326801,289.076416422
5.469385047,288.961049673
5.469443692,288.845984336
5.469502739,288.731221108
5.469562195,288.616760697
5.469622065,288.502603819
5.469682355,288.388751200
5.469743071,288.275203577
5.469804219,288.161961697
5.469865804,288.049026316
5.469927834,287.936398202
5.469990315,287.824078133
5.470053252,287.712066899
5.470116653,287.600365300
5.470180525,287.488974149
5.470244874,287.377894268
5.470309708,287.267126494
5.470375034,287.156671674
5.470440860,287.046530668
5.470507193,286.936704348
5.470574041,286.827193601
5.470641412,286.717999324
5.470709314,286.609122431
5.470777756,286.500563845
5.470846746,286.392324508
5.470916293,286.284405374
5.470986407,286.176807410
5.471057095,286.069531601
5.471128369,285.962578945
5.471200238,285.855950457
5.471272711,285.749647167
5.471345799,285.643670121
5.471419512,285.538020384
5.471493862,285.432699034
5.471568859,285.327707171
5.471644515,285.223045909
5.471720841,285.118716383
5.471797850,285.014719744
5.471875554,284.911057166
5.471953965,284.807729839
5.472033096,284.704738974
5.472112961,284.602085804
5.472193574,284.499771583
5.472274949,284.397797584
5.472357101,284.296165105
5.472440044,284.194875466
5.472523794,284.093930010
5.472608367,283.993330105
5.472693780,283.893077142
5.472780049,283.793172538
5.472867191,283.693617737
5.472955226,283.594414208
5.473044171,283.495563449
5.473134045,283.397066984
5.473224870,283.298926369
5.473316663,283.201143188
5.473409448,283.103719055
5.473503246,283.006655618
5.473598080,282.909954555
5.473693972,282.813617579
5.473790947,282.717646436
5.473889030,282.622042911
5.473988247,282.526808821
5.474088624,282.431946024
5.474190191,282.337456416
5.474292974,282.243341934
5.474397005,282.149604556
5.474502314,282.056246302
5.474608934,281.963269239
5.474716898,281.870675477
5.474826241,281.778467176
5.474936999,281.686646543
5.475049209,281.595215837
5.475162912,281.504177370
5.475278147,281.413533507
5.475394958,281.323286672
5.475513388,281.233439346
5.475633485,281.143994070
5.475755295,281.054953451
5.475878871,280.966320159
5.476004264,280.878096934
5.476131530,280.790286586
5.476260726,280.702891999
5.476391914,280.615916135
5.476525156,280.529362035
5.476660520,280.443232824
5.476798075,280.357531713
5.476937894,280.272262005
5.477080056,280.187427099
5.477224641,280.103030493
5.477371735,280.019075786
5.477521428,279.935566690
5.477673816,279.852507029
5.477829000,279.769900747
5.477987087,279.687751913
5.478148189,279.606064728
5.478312426,279.524843534
5.478479925,279.444092815
5.478650821,279.363817211
5.478825259,279.284021526
5.479003391,279.204710733
5.479185380,279.125889985
5.479371401,279.047564631
5.479561642,278.969740218
5.479756301,278.892422512
5.479955595,278.815617505
5.480159754,278.739331437
5.480369027,278.663570801
5.480583684,278.588342373
5.480804015,278.513653219
5.481030335,278.439510725
5.481262987,278.365922615
5.481502345,278.292896977
5.481748814,278.220442293
5.482002842,278.148567465
5.482264917,278.077281853
5.482535579,278.006595313
5.482815423,277.936518237
5.483105108,277.867061600
5.483405371,277.798237018
5.483717030,277.730056803
5.484041007,277.662534031
5.484378339,277.595682623
5.484730201,277.529517430
5.485097931,277.464054333
5.485483064,277.399310362
5.485887368,277.335303826
5.486312897,277.272054471
5.486762058,277.209583657
5.487237691,277.147914575
5.487743187,277.087072489
5.488282635,277.027085035
5.488861031,276.967982561
5.489484566,276.909798538
5.490161044,276.852570032
5.490900493,276.796338249
5.491716102,276.741149132
5.492625703,276.687053945
5.493654252,276.634109641
5.494838195,276.582378507
5.496233809,276.531925553
5.497934770,276.482809122
5.500114652,276.435048937
5.503153537,276.388504329
5.508177393,276.342245263
5.522571633,276.287019308
5.541074991,276.280072723
5.550222001,276.226796036
5.575507307,276.205961617
5.594086325,276.084437220
5.603928314,276.140004286
5.630051435,275.972699316
5.635936259,276.032384338
5.652677917,276.013188852
5.679665540,275.902031624
5.685208988,275.921042228
5.701175768,275.897556402
5.725611444,275.811423186
5.731109566,275.817184493
5.749360795,275.784353879
5.771862874,275.711314814
5.777382246,275.711171528
5.797926829,275.670589095
5.815512642,275.616591909
5.822563740,275.609221799
5.886692295,275.453189495
5.892182320,275.444727661
5.911162222,275.402706109
5.934143206,275.343564221
5.940709906,275.332006534
5.965424930,275.273944206
5.984478878,275.229269381
5.991113956,275.213600249
6.056222445,275.060681761
6.061822065,275.046305502
6.084083545,274.993049653
6.102874929,274.949791033
6.110279154,274.931276255
6.143802166,274.852479077
6.151954040,274.832102259
6.172112698,274.784818639
6.195693024,274.726895907
6.200766207,274.715720519
6.217598329,274.676239598
6.239892817,274.621464847
6.245112405,274.609766917
6.263629536,274.566005365
6.283753088,274.516511221
6.289556629,274.503282860
6.317830750,274.435775637
6.329537238,274.406742038
6.341909266,274.377664859
6.367611623,274.314353161
6.372398054,274.303429567
6.386502513,274.269847460
6.411283152,274.208858323
6.416227689,274.197363209
6.431330551,274.161106866
6.455971124,274.100480627
6.460940252,274.088757468
6.476138588,274.052045661
6.501078534,273.990681214
6.506010678,273.978889664
6.520819164,273.942916359
6.546406600,273.879950063
6.551271007,273.868165075
6.565413740,273.833609349
6.592215662,273.767650664
6.596969332,273.755965020
6.610104156,273.723664678
6.639473917,273.651403469
6.644017941,273.640023005
6.655532366,273.611468547
6.692757999,273.519943930
6.696772851,273.509527137
6.705298698,273.488002579
6.763110155,273.345672781
6.767986737,273.331973535
6.779412718,273.302554555
6.808421266,273.232046572
6.814537227,273.215150550
6.834863648,273.163939403
6.866093131,273.086430508
6.870429819,273.074928636
6.880671681,273.048690136
6.934767279,272.914210523
6.937935357,272.904993300
6.943380835,272.890140954
6.960957335,272.845080344
6.990138661,272.772588266
6.994582134,272.760354910
7.005511179,272.731827662
7.049538946,272.621957066
7.053064307,272.611605800
7.059700941,272.593471482
7.098266501,272.495016739
7.108386871,272.468099953
7.128062542,272.418597044
7.139459184,272.387931721
7.150808148,272.359688908
7.185531321,272.267963732
7.189400262,272.258790475
7.197655658,272.238152508
7.323354075,271.910383125
7.325329029,271.903818967
7.328013922,271.895453800
7.332185936,271.883289446
7.341252119,271.858539358
7.398872995,271.709972914
7.403062247,271.696554743
7.411540556,271.672432473
7.446238690,271.582973546
7.452490009,271.564251772
7.474623335,271.505182295
7.523187597,271.377066893
7.526381536,271.367641945
7.531933581,271.351999079
7.550569544,271.301746514
7.584836401,271.210954114
7.588605975,271.200091326
7.596433899,271.178390273
7.709290018,270.876715069
7.711950553,270.866162779
7.716006545,270.852101113
7.724317579,270.827081285
7.771749522,270.701447821
7.777317315,270.682564083
7.794076477,270.634921215
7.827853793,270.547083062
7.832876415,270.529755091
7.844909439,270.494572514
7.879332351,270.404160400
7.884794555,270.385368041
7.899058549,270.344158947
7.944639765,270.223364611
7.948135744,270.210345928
7.954340126,270.190284555
7.977335846,270.125378570
8.003780117,270.051980927
8.009542637,270.034980089
8.033692382,269.966564220
8.047994071,269.926297390
8.058387035,269.896695750
8.092467892,269.800472954
8.096616462,269.788173589
8.106101396,269.760755863
8.193723587,269.513001071
8.195704677,269.505484139
8.198438291,269.495855202
8.202806802,269.481621679
8.213081575,269.450696781
8.295518647,269.218828920
