time_s,pc_Pa
0.000000000,101325.000000000
0.000000200,101391.683447418
0.000000406,101457.503028915
0.000000614,101522.993418637
0.000000824,101588.241491975
0.000001036,101653.292154019
0.000001249,101718.174058510
0.000001464,101782.907528803
0.000001681,101847.507942583
0.000001898,101911.987457225
0.000002117,101976.355994778
0.000002337,102040.621850885
0.000002559,102104.792094257
0.000002781,102168.872841083
0.000003004,102232.869450611
0.000003229,102296.786668817
0.000003455,102360.628736628
0.000003681,102424.399473203
0.000003909,102488.102341203
0.000004138,102551.740498775
0.000004367,102615.365623167
0.000004597,102679.055456347
0.000004827,102742.810063237
0.000005057,102806.629508828
0.000005288,102870.513858173
0.000005518,102934.463176389
0.000005749,102998.477528662
0.000005981,103062.556980240
0.000006212,103126.701596438
0.000006444,103190.911442636
0.000006676,103255.186584279
0.000006908,103319.527086878
0.000007141,103383.933016009
0.000007373,103448.404437314
0.000007606,103512.941416502
0.000007840,103577.544019345
0.000008073,103642.212311684
0.000008307,103706.946359423
0.000008541,103771.746228533
0.000008775,103836.611985053
0.000009010,103901.543695084
0.000009245,103966.541424798
0.000009480,104031.605240430
0.000009715,104096.735208281
0.000009951,104161.931394721
0.000010186,104227.193866184
0.000010422,104292.522689173
0.000010659,104357.917930254
0.000010895,104423.379656062
0.000011132,104488.907933300
0.000011369,104554.502828735
0.000011607,104620.164409202
0.000011844,104685.892741602
0.000012082,104751.687892906
0.000012321,104817.549930149
0.000012559,104883.478920433
0.000012798,104949.474930929
0.000013037,105015.538028875
0.000013276,105081.668281575
0.000013515,105147.865756401
0.000013755,105214.130520793
0.000013995,105280.462642259
0.000014235,105346.862188372
0.000014476,105413.329226775
0.000014717,105479.863825178
0.000014958,105546.466051359
0.000015199,105613.135973164
0.000015441,105679.873658506
0.000015683,105746.679175367
0.000015925,105813.552591797
0.000016167,105880.493975913
0.000016410,105947.503395901
0.000016653,106014.580920016
0.000016896,106081.726616580
0.000017139,106148.940553984
0.000017383,106216.222800688
0.000017627,106283.573425219
0.000017871,106350.992496175
0.000018116,106418.480082220
0.000018361,106486.036252089
0.000018606,106553.661074584
0.000018851,106621.354618577
0.000019097,106689.116953009
0.000019343,106756.948146889
0.000019589,106824.848269297
0.000019835,106892.817389379
0.000020082,106960.855576355
0.000020329,107028.962899509
0.000020576,107097.139428197
0.000020824,107165.385231846
0.000021071,107233.700379950
0.000021320,107302.084942072
0.000021568,107370.538987848
0.000021816,107439.062586981
0.000022065,107507.655809244
0.000022315,107576.318724481
0.000022564,107645.051402605
0.000022814,107713.853913600
0.000023064,107782.726327519
0.000023314,107851.668714484
0.000023564,107920.681144691
0.000023815,107989.763688403
0.000024066,108058.916415955
0.000024318,108128.139397751
0.000024569,108197.432704266
0.000024821,108266.796406046
0.000025073,108336.230573709
0.000025326,108405.735277940
0.000025579,108475.310589498
0.000025832,108544.956579212
0.000026085,108614.673317981
0.000026339,108684.460876777
0.000026593,108754.319326640
0.000026847,108824.248738684
0.000027101,108894.249184093
0.000027356,108964.320734122
0.000027611,109034.463460098
0.000027866,109104.677433419
0.000028122,109174.962725555
0.000028378,109245.319408047
0.000028634,109315.747552507
0.000028890,109386.247230621
0.000029147,109456.818514144
0.000029404,109527.461474905
0.000029661,109598.176184803
0.000029919,109668.962715811
0.000030176,109739.821139973
0.000030435,109810.751529406
0.000030693,109881.753956296
0.000030952,109952.828492907
0.000031211,110023.975211569
0.000031470,110095.194184690
0.000031729,110166.485484747
0.000031989,110237.849184290
0.000032249,110309.285355943
0.000032510,110380.794072402
0.000032771,110452.375406436
0.000033032,110524.029430886
0.000033293,110595.756218668
0.000033554,110667.555842767
0.000033816,110739.428376246
0.000034078,110811.373892237
0.000034341,110883.392463949
0.000034604,110955.484164661
0.000034867,111027.649067727
0.000035130,111099.887246574
0.000035393,111172.198774703
0.000035657,111244.583725689
0.000035922,111317.042173179
0.000036186,111389.574190896
0.000036451,111462.179852634
0.000036716,111534.859232263
0.000036981,111607.612403726
0.000037247,111680.439441042
0.000037513,111753.340418302
0.000037779,111826.315409670
0.000038046,111899.364489389
0.000038313,111972.487731771
0.000038580,112045.685211206
0.000038847,112118.957002158
0.000039115,112192.303179163
0.000039383,112265.723816834
0.000039651,112339.218989860
0.000039920,112412.788773001
0.000040189,112486.433241095
0.000040458,112560.152469053
0.000040727,112633.946531863
0.000040997,112707.815504586
0.000041267,112781.759462359
0.000041538,112855.778480395
0.000041809,112929.872633982
0.000042080,113004.041998482
0.000042351,113078.286649334
0.000042622,113152.606662053
0.000042894,113227.002112228
0.000043167,113301.473075523
0.000043439,113376.019627682
0.000043712,113450.641844520
0.000043985,113525.339801931
0.000044259,113600.113575883
0.000044532,113674.963242421
0.000044806,113749.888877668
0.000045081,113824.890557819
0.000045355,113899.968359150
0.000045630,113975.122358010
0.000045906,114050.352630825
0.000046181,114125.659254100
0.000046457,114201.042304412
0.000046733,114276.501858420
0.000047010,114352.037992856
0.000047287,114427.650784531
0.000047564,114503.340310330
0.000047841,114579.106647219
0.000048119,114654.949872238
0.000048397,114730.870062506
0.000048675,114806.867295218
0.000048954,114882.941647646
0.000049233,114959.093197142
0.000049512,115035.322021132
0.000049792,115111.628197121
0.000050072,115188.011802693
0.000050352,115264.472915508
0.000050632,115341.011613304
0.000050913,115417.627973897
0.000051194,115494.322075182
0.000051476,115571.093995130
0.000051758,115647.943811792
0.000052040,115724.871603296
0.000052322,115801.877447848
0.000052605,115878.961423733
0.000052888,115956.123609315
0.000053171,116033.364083036
0.000053455,116110.682923416
0.000053739,116188.080209053
0.000054023,116265.556018626
0.000054308,116343.110430890
0.000054593,116420.743524683
0.000054878,116498.455378917
0.000055164,116576.246072586
0.000055450,116654.115684763
0.000055736,116732.064294599
0.000056022,116810.091981325
0.000056309,116888.198824253
0.000056596,116966.384902770
0.000056884,117044.650296348
0.000057172,117122.995084534
0.000057460,117201.419346957
0.000057748,117279.923163325
0.000058037,117358.506613428
0.000058326,117437.169777131
0.000058616,117515.912734385
0.000058906,117594.735565216
0.000059196,117673.638349734
0.000059486,117752.621168126
0.000059777,117831.684100662
0.000060068,117910.827227690
0.000060359,117990.050629641
0.000060651,118069.354387025
0.000060943,118148.738580432
0.000061235,118228.203290534
0.000061528,118307.748598084
0.000061821,118387.374583915
0.000062114,118467.081328942
0.000062408,118546.868914159
0.000062702,118626.737420643
0.000062997,118706.686929552
0.000063291,118786.717522125
0.000063586,118866.829279682
0.000063882,118947.022283625
0.000064177,119027.296615437
0.000064473,119107.652356683
0.000064770,119188.089589010
0.000065066,119268.608394146
0.000065363,119349.208853902
0.000065660,119429.891050169
0.000065958,119510.655064923
0.000066256,119591.500980219
0.000066554,119672.428878195
0.000066853,119753.438841074
0.000067152,119834.530951158
0.000067451,119915.705290832
0.000067751,119996.961942565
0.000068051,120078.300988908
0.000068352,120159.722512494
0.000068652,120241.226596040
0.000068953,120322.813322343
0.000069255,120404.482774288
0.000069556,120486.235034838
0.000069858,120568.070187041
0.000070161,120649.988314030
0.000070463,120731.989499018
0.000070766,120814.073825305
0.000071070,120896.241376270
0.000071374,120978.492235379
0.000071678,121060.826486182
0.000071982,121143.244212309
0.000072287,121225.745497477
0.000072592,121308.330425486
0.000072897,121390.999080220
0.000073203,121473.751545646
0.000073509,121556.587905817
0.000073816,121639.508244869
0.000074123,121722.512647022
0.000074430,121805.601196581
0.000074737,121888.773977935
0.000075045,121972.031075559
0.000075353,122055.372574011
0.000075662,122138.798557933
0.000075971,122222.309112054
0.000076280,122305.904321187
0.000076590,122389.584270229
0.000076900,122473.349044163
0.000077210,122557.198728058
0.000077521,122641.133407066
0.000077832,122725.153166426
0.000078143,122809.258091462
0.000078455,122893.448267583
0.000078767,122977.723780285
0.000079079,123062.084715147
0.000079392,123146.531157836
0.000079705,123231.063194104
0.000080019,123315.680909789
0.000080332,123400.384390816
0.000080647,123485.173723194
0.000080961,123570.048993020
0.000081276,123655.010286476
0.000081591,123740.057689830
0.000081907,123825.191289440
0.000082223,123910.411171745
0.000082539,123995.717423275
0.000082856,124081.110130645
0.000083173,124166.589380556
0.000083490,124252.155259798
0.000083808,124337.807855246
0.000084126,124423.547253862
0.000084444,124509.373542697
0.000084763,124595.286808887
0.000085082,124681.287139658
0.000085402,124767.374622320
0.000085722,124853.549344273
0.000086042,124939.811393004
0.000086363,125026.160856087
0.000086684,125112.597821184
0.000087005,125199.122376046
0.000087327,125285.734608510
0.000087649,125372.434606502
0.000087971,125459.222458036
0.000088294,125546.098251214
0.000088617,125633.062074227
0.000088941,125720.114015353
0.000089265,125807.254162961
0.000089589,125894.482605505
0.000089914,125981.799431530
0.000090239,126069.204729669
0.000090564,126156.698588644
0.000090890,126244.281097267
0.000091216,126331.952344435
0.000091543,126419.712419140
0.000091869,126507.561410457
0.000092197,126595.499407556
0.000092524,126683.526499692
0.000092852,126771.642776212
0.000093181,126859.848326551
0.000093509,126948.143240234
0.000093838,127036.527606876
0.000094168,127125.001516182
0.000094498,127213.565057947
0.000094828,127302.218322054
0.000095158,127390.961398479
0.000095489,127479.794377286
0.000095821,127568.717348629
0.000096152,127657.730402756
0.000096485,127746.833630000
0.000096817,127836.027120789
0.000097150,127925.310965639
0.000097483,128014.685255157
0.000097817,128104.150080043
0.000098151,128193.705531084
0.000098485,128283.351699163
0.000098820,128373.088675248
0.000099155,128462.916550404
0.000099490,128552.835415783
0.000099826,128642.845362631
0.000100163,128732.946482284
0.000100499,128823.138866169
0.000100836,128913.422605807
0.000101174,129003.797792808
0.000101512,129094.264518876
0.000101850,129184.822875805
0.000102188,129275.472955483
0.000102527,129366.214849888
0.000102867,129457.048651091
0.000103206,129547.974451256
0.000103546,129638.992342638
0.000103887,129730.102417586
0.000104228,129821.304768541
0.000104569,129912.599488035
0.000104911,130003.986668694
0.000105253,130095.466403239
0.000105595,130187.038784479
0.000105938,130278.703905321
0.000106281,130370.461858762
0.000106625,130462.312737892
0.000106969,130554.256635898
0.000107313,130646.293646055
0.000107658,130738.423861736
0.000108003,130830.647376404
0.000108349,130922.964283620
0.000108695,131015.374677033
0.000109041,131107.878650392
0.000109388,131200.476297535
0.000109735,131293.167712397
0.000110083,131385.952989005
0.000110431,131478.832221483
0.000110779,131571.805504046
0.000111128,131664.872931007
0.000111477,131758.034596769
0.000111827,131851.290595834
0.000112177,131944.641022797
0.000112527,132038.085972347
0.000112878,132131.625539269
0.000113229,132225.259818442
0.000113581,132318.988904841
0.000113933,132412.812893536
0.000114285,132506.731879692
0.000114638,132600.745958569
0.000114991,132694.855225523
0.000115344,132789.059776006
0.000115698,132883.359705566
0.000116053,132977.755109843
0.000116408,133072.246084579
0.000116763,133166.832725606
0.000117118,133261.515128857
0.000117474,133356.293390357
0.000117831,133451.167606231
0.000118188,133546.137872696
0.000118545,133641.204286070
0.000118903,133736.366942764
0.000119261,133831.625939288
0.000119619,133926.981372247
0.000119978,134022.433338344
0.000120337,134117.981934378
0.000120697,134213.627257246
0.000121057,134309.369403942
0.000121418,134405.208471555
0.000121779,134501.144557274
0.000122140,134597.177758385
0.000122502,134693.308172271
0.000122864,134789.535896412
0.000123227,134885.861028386
0.000123590,134982.283665870
0.000123953,135078.803906638
0.000124317,135175.421848561
0.000124681,135272.137589609
0.000125046,135368.951227851
0.000125411,135465.862861453
0.000125776,135562.872588681
0.000126142,135659.980507897
0.000126509,135757.186717563
0.000126876,135854.491316241
0.000127243,135951.894402589
0.000127610,136049.396075366
0.000127979,136146.996433429
0.000128347,136244.695575735
0.000128716,136342.493601339
0.000129085,136440.390609395
0.000129455,136538.386699159
0.000129825,136636.481969984
0.000130196,136734.676521323
0.000130567,136832.970452729
0.000130938,136931.363863855
0.000131310,137029.856854453
0.000131683,137128.449524376
0.000132055,137227.141973577
0.000132429,137325.934302108
0.000132802,137424.826610124
0.000133176,137523.818997876
0.000133551,137622.911565719
0.000133926,137722.104414109
0.000134301,137821.397643599
0.000134677,137920.791354846
0.000135053,138020.285648608
0.000135430,138119.880625741
0.000135807,138219.576387206
0.000136184,138319.373034061
0.000136562,138419.270667470
0.000136940,138519.269388694
0.000137319,138619.369299099
0.000137699,138719.570500149
0.000138078,138819.873093413
0.000138458,138920.277180561
0.000138839,139020.782863364
0.000139220,139121.390243695
0.000139601,139222.099423529
0.000139983,139322.910504946
0.000140366,139423.823590124
0.000140748,139524.838781346
0.000141132,139625.956180998
0.000141515,139727.175891566
0.000141899,139828.498015642
0.000142284,139929.922655918
0.000142669,140031.449915192
0.000143054,140133.079896361
0.000143440,140234.812702428
0.000143827,140336.648436500
0.000144214,140438.587201784
0.000144601,140540.629101594
0.000144988,140642.774239345
0.000145377,140745.022718557
0.000145765,140847.374642853
0.000146154,140949.830115961
0.000146544,141052.389241711
0.000146934,141155.052124040
0.000147324,141257.818866987
0.000147715,141360.689574695
0.000148106,141463.664351413
0.000148498,141566.743301494
0.000148890,141669.926529394
0.000149283,141773.214139677
0.000149676,141876.606237008
0.000150069,141980.102926159
0.000150463,142083.704312008
0.000150858,142187.410499537
0.000151253,142291.221593831
0.000151648,142395.137700085
0.000152044,142499.158923596
0.000152440,142603.285369767
0.000152837,142707.517144108
0.000153234,142811.854352233
0.000153632,142916.297099864
0.000154030,143020.845492828
0.000154429,143125.499637056
0.000154828,143230.259638589
0.000155228,143335.125603572
0.000155628,143440.097638257
0.000156028,143545.175849001
0.000156429,143650.360342271
0.000156831,143755.651224637
0.000157232,143861.048602778
0.000157635,143966.552583480
0.000158038,144072.163273636
0.000158441,144177.880780244
0.000158845,144283.705210412
0.000159249,144389.636671355
0.000159654,144495.675270393
0.000160059,144601.821114957
0.000160464,144708.074312584
0.000160871,144814.434970918
0.000161277,144920.903197713
0.000161684,145027.479100829
0.000162092,145134.162788236
0.000162500,145240.954368010
0.000162908,145347.853948337
0.000163317,145454.861637512
0.000163727,145561.977543937
0.000164137,145669.201776123
0.000164547,145776.534442691
0.000164958,145883.975652369
0.000165369,145991.525513996
0.000165781,146099.184136518
0.000166194,146206.951628993
0.000166606,146314.828100585
0.000167020,146422.813660570
0.000167433,146530.908418333
0.000167848,146639.112483369
0.000168262,146747.425965280
0.000168678,146855.848973782
0.000169093,146964.381618698
0.000169510,147073.024009963
0.000169926,147181.776257621
0.000170344,147290.638471827
0.000170761,147399.610762846
0.000171179,147508.693241053
0.000171598,147617.886016935
0.000172017,147727.189201090
0.000172437,147836.602904225
0.000172857,147946.127237160
0.000173277,148055.762310824
0.000173699,148165.508236259
0.000174120,148275.365124617
0.000174542,148385.333087164
0.000174965,148495.412235274
0.000175388,148605.602680436
0.000175812,148715.904534247
0.000176236,148826.317908420
0.000176660,148936.842914778
0.000177085,149047.479665255
0.000177511,149158.228271900
0.000177937,149269.088846871
0.000178364,149380.061502442
0.000178791,149491.146350997
0.000179218,149602.343505034
0.000179646,149713.653077163
0.000180075,149825.075180107
0.000180504,149936.609926703
0.000180934,150048.257429900
0.000181364,150160.017802761
0.000181794,150271.891158461
0.000182225,150383.877610291
0.000182657,150495.977271653
0.000183089,150608.190256065
0.000183522,150720.516677157
0.000183955,150832.956648673
0.000184388,150945.510284473
0.000184823,151058.177698529
0.000185257,151170.959004928
0.000185692,151283.854317872
0.000186128,151396.863751677
0.000186564,151509.987420774
0.000187001,151623.225439707
0.000187438,151736.577923138
0.000187876,151850.044985841
0.000188314,151963.626742708
0.000188753,152077.323308743
0.000189192,152191.134799067
0.000189632,152305.061328917
0.000190073,152419.103013645
0.000190514,152533.259968718
0.000190955,152647.532309720
0.000191397,152761.920152350
0.000191839,152876.423612423
0.000192282,152991.042805870
0.000192726,153105.777848740
0.000193170,153220.628857196
0.000193614,153335.595947520
0.000194059,153450.679236107
0.000194505,153565.878839472
0.000194951,153681.194874246
0.000195398,153796.627457177
0.000195845,153912.176705129
0.000196292,154027.842735084
0.000196741,154143.625664141
0.000197189,154259.525609518
0.000197639,154375.542688548
0.000198088,154491.677018684
0.000198539,154607.928717495
0.000198990,154724.297902669
0.000199441,154840.784692011
0.000199893,154957.389203446
0.000200345,155074.111555015
0.000200798,155190.951864879
0.000201252,155307.910251316
0.000201706,155424.986832725
0.000202161,155542.181727622
0.000202616,155659.495054642
0.000203072,155776.926932538
0.000203528,155894.477480185
0.000203985,156012.146816575
0.000204442,156129.935060819
0.000204900,156247.842332149
0.000205358,156365.868749916
0.000205817,156484.014433590
0.000206277,156602.279502762
0.000206737,156720.664077141
0.000207197,156839.168276559
0.000207658,156957.792220966
0.000208120,157076.536030432
0.000208582,157195.399825149
0.000209045,157314.383725430
0.000209509,157433.487851705
0.000209972,157552.712324529
0.000210437,157672.057264576
0.000210902,157791.522792641
0.000211367,157911.109029641
0.000211834,158030.816096612
0.000212300,158150.644114715
0.000212767,158270.593205229
0.000213235,158390.663489557
0.000213704,158510.855089224
0.000214172,158631.168125874
0.000214642,158751.602721275
0.000215112,158872.158997318
0.000215582,158992.837076016
0.000216054,159113.637079502
0.000216525,159234.559130033
0.000216998,159355.603349990
0.000217470,159476.769861876
0.000217944,159598.058788314
0.000218418,159719.470252055
0.000218892,159841.004375969
0.000219367,159962.661283051
0.000219843,160084.441096419
0.000220319,160206.343939316
0.000220796,160328.369935105
0.000221273,160450.519207277
0.000221751,160572.791879444
0.000222230,160695.188075342
0.000222709,160817.707918833
0.000223188,160940.351533903
0.000223669,161063.119044660
0.000224149,161186.010575338
0.000224631,161309.026250297
0.000225113,161432.166194020
0.000225595,161555.430531114
0.000226078,161678.819386314
0.000226562,161802.332884478
0.000227046,161925.971150589
0.000227531,162049.734309757
0.000228016,162173.622487215
0.000228502,162297.635808324
0.000228989,162421.774398570
0.000229476,162546.038383565
0.000229964,162670.427889047
0.000230452,162794.943040878
0.000230941,162919.583965050
0.000231431,163044.350787680
0.000231921,163169.243635009
0.000232411,163294.262633409
0.000232903,163419.407909374
0.000233395,163544.679589529
0.000233887,163670.077800625
0.000234380,163795.602669538
0.000234874,163921.254323273
0.000235368,164047.032888963
0.000235863,164172.938493867
0.000236358,164298.971265374
0.000236854,164425.131330997
0.000237351,164551.418818380
0.000237848,164677.833855295
0.000238346,164804.376569641
0.000238844,164931.047089445
0.000239343,165057.845542864
0.000239843,165184.772058182
0.000240343,165311.826763812
0.000240844,165439.009788298
0.000241345,165566.321260309
0.000241847,165693.761308647
0.000242350,165821.330062240
0.000242853,165949.027650148
0.000243357,166076.854201559
0.000243861,166204.809845791
0.000244366,166332.894712291
0.000244872,166461.108930637
0.000245378,166589.452630536
0.000245885,166717.925941826
0.000246393,166846.528994475
0.000246901,166975.261918582
0.000247410,167104.124844374
0.000247919,167233.117902212
0.000248429,167362.241222586
0.000248939,167491.494936116
0.000249451,167620.879173556
0.000249962,167750.394065788
0.000250475,167880.039743828
0.000250988,168009.816338821
0.000251501,168139.723982045
0.000252016,168269.762804910
0.000252531,168399.932938957
0.000253046,168530.234515859
0.000253562,168660.667667422
0.000254079,168791.232525583
0.000254596,168921.929222413
0.000255115,169052.757890113
0.000255633,169183.718661020
0.000256152,169314.811667600
0.000256672,169446.037042455
0.000257193,169577.394918319
0.000257714,169708.885428059
0.000258236,169840.508704675
0.000258758,169972.264881302
0.000259281,170104.154091205
0.000259805,170236.176467788
0.000260329,170368.332144584
0.000260854,170500.621255263
0.000261380,170633.043933628
0.000261906,170765.600313615
0.000262433,170898.290529298
0.000262961,171031.114714882
0.000263489,171164.073004708
0.000264018,171297.165533252
0.000264547,171430.392435125
0.000265077,171563.753845072
0.000265608,171697.249897975
0.000266139,171830.880728849
0.000266672,171964.646472846
0.000267204,172098.547265255
0.000267738,172232.583241497
0.000268272,172366.754537133
0.000268806,172501.061287856
0.000269342,172635.503629500
0.000269877,172770.081698030
0.000270414,172904.795629550
0.000270951,173039.645560303
0.000271489,173174.631626664
0.000272028,173309.753965148
0.000272567,173445.012712406
0.000273107,173580.408005226
0.000273647,173715.939980534
0.000274189,173851.608775393
0.000274730,173987.414527003
0.000275273,174123.357372702
0.000275816,174259.437449966
0.000276360,174395.654896409
0.000276905,174532.009849784
0.000277450,174668.502447980
0.000277996,174805.132829025
0.000278542,174941.901131088
0.000279089,175078.807492474
0.000279637,175215.852051628
0.000280186,175353.034947132
0.000280735,175490.356317711
0.000281285,175627.816302225
0.000281835,175765.415039675
0.000282386,175903.152669203
0.000282938,176041.029330089
0.000283491,176179.045161752
0.000284044,176317.200303753
0.000284598,176455.494895792
0.000285153,176593.929077709
0.000285708,176732.502989485
0.000286264,176871.216771241
0.000286821,177010.070563238
0.000287378,177149.064505879
0.000287936,177288.198739708
0.000288495,177427.473405409
0.000289054,177566.888643808
0.000289614,177706.444595871
0.000290175,177846.141402707
0.000290736,177985.979205566
0.000291298,178125.958145840
0.000291861,178266.078365063
0.000292425,178406.340004910
0.000292989,178546.743207200
0.000293554,178687.288113893
0.000294120,178827.974867092
0.000294686,178968.803609041
0.000295253,179109.774482131
0.000295821,179250.887628890
0.000296389,179392.143191995
0.000296958,179533.541314261
0.000297528,179675.082138650
0.000298098,179816.765808267
0.000298670,179958.592466358
0.000299241,180100.562256315
0.000299814,180242.675321675
0.000300387,180384.931806116
0.000300961,180527.331853463
0.000301536,180669.875607684
0.000302112,180812.563212891
0.000302688,180955.394813341
0.000303265,181098.370553438
0.000303842,181241.490577728
0.000304421,181384.755030903
0.000305000,181528.164057800
0.000305579,181671.717803403
0.000306160,181815.416412839
0.000306741,181959.260031384
0.000307323,182103.248804456
0.000307905,182247.382877621
0.000308489,182391.662396592
0.000309073,182536.087507226
0.000309658,182680.658355528
0.000310243,182825.375087649
0.000310829,182970.237849888
0.000311416,183115.246788688
0.000312004,183260.402050642
0.000312592,183405.703782488
0.000313181,183551.152131113
0.000313771,183696.747243549
0.000314362,183842.489266980
0.000314953,183988.378348732
0.000315545,184134.414636284
0.000316138,184280.598277260
0.000316732,184426.929419433
0.000317326,184573.408210725
0.000317921,184720.034799205
0.000318517,184866.809333093
0.000319113,185013.731960755
0.000319710,185160.802830708
0.000320308,185308.022091617
0.000320907,185455.389892297
0.000321507,185602.906381712
0.000322107,185750.571708975
0.000322708,185898.386023350
0.000323309,186046.349474251
0.000323912,186194.462211239
0.000324515,186342.724384029
0.000325119,186491.136142484
0.000325724,186639.697636618
0.000326329,186788.409016595
0.000326935,186937.270432731
0.000327542,187086.282035493
0.000328150,187235.443975498
0.000328759,187384.756403514
0.000329368,187534.219470461
0.000329978,187683.833327410
0.000330589,187833.598125586
0.000331200,187983.514016362
0.000331813,188133.581151266
0.000332426,188283.799681977
0.000333040,188434.169760326
0.000333654,188584.691538298
0.000334270,188735.365168027
0.000334886,188886.190801804
0.000335503,189037.168592071
0.000336120,189188.298691422
0.000336739,189339.581252606
0.000337358,189491.016428525
0.000337978,189642.604372233
0.000338599,189794.345236941
0.000339220,189946.239176009
0.000339843,190098.286342956
0.000340466,190250.486891451
0.000341090,190402.840975320
0.000341714,190555.348748543
0.000342340,190708.010365253
0.000342966,190860.825979740
0.000343593,191013.795746447
0.000344221,191166.919819974
0.000344850,191320.198355074
0.000345479,191473.631506657
0.000346109,191627.219429789
0.000346740,191780.962279689
0.000347372,191934.860211735
0.000348005,192088.913381459
0.000348638,192243.121944550
0.000349272,192397.486056853
0.000349907,192552.005874371
0.000350543,192706.681553260
0.000351180,192861.513249837
0.000351817,193016.501120573
0.000352455,193171.645322098
0.000353094,193326.946011199
0.000353734,193482.403344818
0.000354375,193638.017480058
0.000355016,193793.788574177
0.000355658,193949.716784594
0.000356301,194105.802268883
0.000356945,194262.045184778
0.000357590,194418.445690171
0.000358235,194575.003943113
0.000358882,194731.720101812
0.000359529,194888.594324636
0.000360177,195045.626770113
0.000360825,195202.817596929
0.000361475,195360.166963929
0.000362125,195517.675030120
0.000362777,195675.341954665
0.000363429,195833.167896890
0.000364081,195991.153016278
0.000364735,196149.297472476
0.000365390,196307.601425288
0.000366045,196466.065034680
0.000366701,196624.688460778
0.000367358,196783.471863869
0.000368016,196942.415404402
0.000368675,197101.519242986
0.000369334,197260.783540391
0.000369995,197420.208457550
0.000370656,197579.794155556
0.000371318,197739.540795664
0.000371981,197899.448539292
0.000372644,198059.517548020
0.000373309,198219.747983589
0.000373974,198380.140007903
0.000374641,198540.693783030
0.000375308,198701.409471199
0.000375976,198862.287234802
0.000376644,199023.327236396
0.000377314,199184.529638699
0.000377985,199345.894604594
0.000378656,199507.422297126
0.000379328,199669.112879505
0.000380001,199830.966515106
0.000380675,199992.983367465
0.000381350,200155.163600284
0.000382025,200317.507377431
0.000382702,200480.014862936
0.000383379,200642.686220995
0.000384058,200805.521615969
0.000384737,200968.521212384
0.000385417,201131.685174929
0.000386098,201295.013668463
0.000386779,201458.506858007
0.000387462,201622.164908749
0.000388145,201785.987986043
0.000388830,201949.976255408
0.000389515,202114.129882531
0.000390201,202278.449033264
0.000390888,202442.933873627
0.000391576,202607.584569805
0.000392264,202772.401288151
0.000392954,202937.384195185
0.000393644,203102.533457594
0.000394336,203267.849242234
0.000395028,203433.331716125
0.000395721,203598.981046459
0.000396415,203764.797400594
0.000397110,203930.780946054
0.000397806,204096.931850536
0.000398503,204263.250281902
0.000399200,204429.736408182
0.000399899,204596.390397579
0.000400598,204763.212418460
0.000401299,204930.202639364
0.000402000,205097.361228999
0.000402702,205264.688356243
0.000403405,205432.184190142
0.000404109,205599.848899912
0.000404814,205767.682654941
0.000405519,205935.685624785
0.000406226,206103.857979172
0.000406933,206272.199887999
0.000407642,206440.711521335
0.000408351,206609.393049418
0.000409062,206778.244642660
0.000409773,206947.266471642
0.000410485,207116.458707116
0.000411198,207285.821520007
0.000411912,207455.355081412
0.000412627,207625.059562598
0.000413343,207794.935135005
0.000414059,207964.981970246
0.000414777,208135.200240106
0.000415496,208305.590116541
0.000416215,208476.151771683
0.000416936,208646.885377834
0.000417657,208817.791107470
0.000418379,208988.869133241
0.000419102,209160.119627971
0.000419827,209331.542764654
0.000420552,209503.138716463
0.000421278,209674.907656742
0.000422005,209846.849759008
0.000422733,210018.965196956
0.000423462,210191.254144452
0.000424192,210363.716775538
0.000424922,210536.353264433
0.000425654,210709.163785527
0.000426387,210882.148513389
0.000427120,211055.307622760
0.000427855,211228.641288560
0.000428591,211402.149685883
0.000429327,211575.832989998
0.000430065,211749.691376351
0.000430803,211923.725020566
0.000431542,212097.934098441
0.000432283,212272.318785952
0.000433024,212446.879259251
0.000433766,212621.615694667
0.000434509,212796.528268707
0.000435254,212971.617158056
0.000435999,213146.882539574
0.000436745,213322.324590302
0.000437492,213497.943487455
0.000438240,213673.739408430
0.000438989,213849.712530801
0.000439739,214025.863032318
0.000440490,214202.191090912
0.000441242,214378.696884694
0.000441995,214555.380591952
0.000442749,214732.242391152
0.000443504,214909.282460943
0.000444260,215086.500980150
0.000445017,215263.898127780
0.000445775,215441.474083018
0.000446534,215619.229025232
0.000447294,215797.163133967
0.000448055,215975.276588951
0.000448817,216153.569570091
0.000449580,216332.042257475
0.000450344,216510.694831372
0.000451109,216689.527472233
0.000451875,216868.540360691
0.000452642,217047.733677558
0.000453410,217227.107603829
0.000454179,217406.662320682
0.000454948,217586.398009475
0.000455719,217766.314851751
0.000456491,217946.413029233
0.000457264,218126.692723827
0.000458038,218307.154117623
0.000458814,218487.797392894
0.000459590,218668.622732094
0.000460367,218849.630317863
0.000461145,219030.820333024
0.000461924,219212.192960582
0.000462704,219393.748383729
0.000463485,219575.486785838
0.000464267,219757.408350468
0.000465051,219939.513261363
0.000465835,220121.801702450
0.000466620,220304.273857842
0.000467407,220486.929911837
0.000468194,220669.770048918
0.000468983,220852.794453754
0.000469772,221036.003311199
0.000470563,221219.396806293
0.000471354,221402.975124262
0.000472147,221586.738450518
0.000472940,221770.686970659
0.000473735,221954.820870472
0.000474531,222139.140335928
0.000475328,222323.645553185
0.000476126,222508.336708590
0.000476925,222693.213988676
0.000477725,222878.277580165
0.000478526,223063.527669963
0.000479328,223248.964445169
0.000480131,223434.588093067
0.000480935,223620.398801129
0.000481740,223806.396757017
0.000482547,223992.582148581
0.000483354,224178.955163860
0.000484163,224365.515991081
0.000484973,224552.264818661
0.000485783,224739.201835208
0.000486595,224926.327229517
0.000487408,225113.641190574
0.000488222,225301.143907556
0.000489037,225488.835569828
0.000489853,225676.716366946
0.000490670,225864.786488660
0.000491488,226053.046124904
0.000492308,226241.495465810
0.000493128,226430.134701697
0.000493950,226618.964023076
0.000494772,226807.983620650
0.000495596,226997.193685314
0.000496421,227186.594408155
0.000497247,227376.185980451
0.000498074,227565.968593673
0.000498902,227755.942439485
0.000499732,227946.107709744
0.000500562,228136.464596497
0.000501394,228327.013291989
0.000502226,228517.753988654
0.000503060,228708.686879121
0.000503895,228899.812156214
0.000504731,229091.130012949
0.000505568,229282.640642537
0.000506406,229474.344238382
0.000507245,229666.240994085
0.000508086,229858.331103440
0.000508928,230050.614760436
0.000509770,230243.092159256
0.000510614,230435.763494281
0.000511459,230628.628960086
0.000512305,230821.688751440
0.000513153,231014.943063311
0.000514001,231208.392090861
0.000514851,231402.036029449
0.000515701,231595.875074630
0.000516553,231789.909422155
0.000517406,231984.139267974
0.000518260,232178.564808233
0.000519116,232373.186239274
0.000519972,232568.003757638
0.000520830,232763.017560064
0.000521688,232958.227843486
0.000522548,233153.634805041
0.000523409,233349.238642059
0.000524272,233545.039552072
0.000525135,233741.037732809
0.000526000,233937.233382198
0.000526866,234133.626698367
0.000527732,234330.217879643
0.000528601,234527.007124552
0.000529470,234723.994631820
0.000530340,234921.180600372
0.000531212,235118.565229334
0.000532085,235316.148718033
0.000532959,235513.931265994
0.000533834,235711.913072945
0.000534710,235910.094338815
0.000535588,236108.475263732
0.000536467,236307.056048027
0.000537347,236505.836892232
0.000538228,236704.817997081
0.000539110,236903.999563510
0.000539994,237103.381792655
0.000540879,237302.964885858
0.000541765,237502.749044661
0.000542652,237702.734470809
0.000543540,237902.921366251
0.000544430,238103.309933138
0.000545320,238303.900373824
0.000546213,238504.692890869
0.000547106,238705.687687034
0.000548000,238906.884965285
0.000548896,239108.284928793
0.000549793,239309.887780932
0.000550691,239511.693725281
0.000551590,239713.702965625
0.000552491,239915.915705953
0.000553393,240118.332150458
0.000554296,240320.952503541
0.000555200,240523.776969806
0.000556106,240726.805754065
0.000557012,240930.039061336
0.000557920,241133.477096841
0.000558830,241337.120066010
0.000559740,241540.968174480
0.000560652,241745.021628095
0.000561565,241949.280632906
0.000562479,242153.745395169
0.000563395,242358.416121350
0.000564311,242563.293018124
0.000565229,242768.376292370
0.000566149,242973.666151177
0.000567069,243179.162801844
0.000567991,243384.866451877
0.000568914,243590.777308991
0.000569839,243796.895581109
0.000570764,244003.221476365
0.000571691,244209.755203101
0.000572619,244416.496969869
0.000573549,244623.446985432
0.000574480,244830.605458762
0.000575412,245037.972599041
0.000576345,245245.548615662
0.000577280,245453.333718229
0.000578216,245661.328116555
0.000579153,245869.532020667
0.000580091,246077.945640802
0.000581031,246286.569187408
0.000581972,246495.402871146
0.000582915,246704.446902888
0.000583858,246913.701493717
0.000584803,247123.166854933
0.000585750,247332.843198043
0.000586697,247542.730734770
0.000587646,247752.829677050
0.000588597,247963.140237031
0.000589548,248173.662627076
0.000590501,248384.397059761
0.000591455,248595.343747876
0.000592411,248806.502904424
0.000593368,249017.874742624
0.000594326,249229.459475910
0.000595286,249441.257317929
0.000596246,249653.268482543
0.000597209,249865.493183832
0.000598172,250077.931636088
0.000599137,250290.584053821
0.000600103,250503.450651756
0.000601071,250716.531644834
0.000602040,250929.827248214
0.000603010,251143.337677268
0.000603982,251357.063147588
0.000604955,251571.003874982
0.000605929,251785.160075475
0.000606905,251999.531965309
0.000607882,252214.119760946
0.000608861,252428.923679063
0.000609841,252643.943936556
0.000610822,252859.180750540
0.000611804,253074.634338348
0.000612788,253290.304917532
0.000613774,253506.192705863
0.000614761,253722.297921331
0.000615749,253938.620782146
0.000616738,254155.161506736
0.000617729,254371.920313751
0.000618721,254588.897422060
0.000619715,254806.093050753
0.000620710,255023.507419140
0.000621707,255241.140746751
0.000622705,255458.993253338
0.000623704,255677.065158876
0.000624705,255895.356683557
0.000625707,256113.868047799
0.000626710,256332.599472239
0.000627715,256551.551177739
0.000628721,256770.723385380
0.000629729,256990.116316467
0.000630738,257209.730192530
0.000631749,257429.565235318
0.000632761,257649.621666807
0.000633775,257869.899709194
0.000634790,258090.399584900
0.000635806,258311.121516572
0.000636824,258532.065727079
0.000637843,258753.232439514
0.000638864,258974.621877198
0.000639886,259196.234263673
0.000640909,259418.069822707
0.000641934,259640.128778296
0.000642961,259862.411354658
0.000643989,260084.917776239
0.000645018,260307.648267710
0.000646049,260530.603053969
0.000647081,260753.782360140
0.000648115,260977.186411573
0.000649150,261200.815433846
0.000650187,261424.669652764
0.000651225,261648.749294359
0.000652265,261873.054584892
0.000653306,262097.585750848
0.000654349,262322.343018946
0.000655393,262547.326616128
0.000656439,262772.536769567
0.000657486,262997.973706664
0.000658535,263223.637655051
0.000659585,263449.528842586
0.000660636,263675.647497359
0.000661689,263901.993847690
0.000662744,264128.568122125
0.000663800,264355.370549446
0.000664858,264582.401358660
0.000665917,264809.660779009
0.000666978,265037.149039963
0.000668040,265264.866371224
0.000669104,265492.813002727
0.000670169,265720.989164635
0.000671236,265949.395087346
0.000672304,266178.031001489
0.000673374,266406.897137925
0.000674445,266635.993727748
0.000675518,266865.321002284
0.000676593,267094.879193094
0.000677669,267324.668531969
0.000678746,267554.689250937
0.000679826,267784.941582258
0.000680906,268015.425758425
0.000681989,268246.142012167
0.000683072,268477.090576447
0.000684158,268708.271684462
0.000685245,268939.685569644
0.000686333,269171.332465661
0.000687423,269403.212606415
0.000688515,269635.326226046
0.000689608,269867.673558927
0.000690703,270100.254839670
0.000691799,270333.070303121
0.000692897,270566.120184363
0.000693997,270799.404718718
0.000695098,271032.924141741
0.000696201,271266.678689229
0.000697305,271500.668597214
0.000698411,271734.894101965
0.000699519,271969.355439991
0.000700628,272204.052848038
0.000701739,272438.986563092
0.000702851,272674.156822377
0.000703965,272909.563863354
0.000705081,273145.207923727
0.000706198,273381.089241437
0.000707317,273617.208054665
0.000708438,273853.564601834
0.000709560,274090.159121604
0.000710684,274326.991852877
0.000711809,274564.063034798
0.000712936,274801.372906748
0.000714065,275038.921708355
0.000715196,275276.709679484
0.000716328,275514.737060244
0.000717461,275753.004090985
0.000718597,275991.511012299
0.000719734,276230.258065022
0.000720872,276469.245490232
0.000722013,276708.473529248
0.000723155,276947.942423636
0.000724299,277187.652415201
0.000725444,277427.603745997
0.000726591,277667.796658316
0.000727740,277908.231394700
0.000728890,278148.908197930
0.000730042,278389.827311037
0.000731196,278630.988977292
0.000732352,278872.393440215
0.000733509,279114.040943570
0.000734668,279355.931731367
0.000735829,279598.066047860
0.000736991,279840.444137552
0.000738155,280083.066245192
0.000739321,280325.932615774
0.000740488,280569.043494540
0.000741658,280812.399126980
0.000742829,281055.999758830
0.000744001,281299.845636074
0.000745176,281543.937004946
0.000746352,281788.274111926
0.000747530,282032.857203743
0.000748709,282277.686527374
0.000749891,282522.762330047
0.000751074,282768.084859237
0.000752259,283013.654362671
0.000753446,283259.471088323
0.000754634,283505.535284420
0.000755824,283751.847199435
0.000757016,283998.407082097
0.000758210,284245.215181381
0.000759406,284492.271746515
0.000760603,284739.577026979
0.000761802,284987.131272504
0.000763003,285234.934733072
0.000764206,285482.987658918
0.000765410,285731.290300528
0.000766616,285979.842908643
0.000767824,286228.645734254
0.000769034,286477.699028607
0.000770246,286727.003043202
0.000771460,286976.558029789
0.000772675,287226.364240377
0.000773892,287476.421927225
0.000775111,287726.731342847
0.000776332,287977.292740015
0.000777554,288228.106371751
0.000778779,288479.172491336
0.000780005,288730.491352304
0.000781233,288982.063208447
0.000782463,289233.888313810
0.000783695,289485.966922698
0.000784929,289738.299289669
0.000786164,289990.885669539
0.000787402,290243.726317381
0.000788641,290496.821488527
0.000789882,290750.171438563
0.000791125,291003.776423336
0.000792370,291257.636698950
0.000793617,291511.752521766
0.000794865,291766.124148405
0.000796116,292020.751835747
0.000797368,292275.635840931
0.000798623,292530.776421354
0.000799879,292786.173834674
0.000801137,293041.828338810
0.000802397,293297.740191938
0.000803659,293553.909652498
0.000804923,293810.336979187
0.000806188,294067.022430967
0.000807456,294323.966267058
0.000808726,294581.168746944
0.000809997,294838.630130368
0.000811271,295096.350677338
0.000812546,295354.330648121
0.000813823,295612.570303251
0.000815103,295871.069903521
0.000816384,296129.829709988
0.000817667,296388.849983975
0.000818952,296648.130987064
0.000820239,296907.672981106
0.000821529,297167.476228212
0.000822820,297427.540990760
0.000824113,297687.867531391
0.000825408,297948.456113014
0.000826705,298209.306998800
0.000828004,298470.420452187
0.000829304,298731.796736879
0.000830607,298993.436116846
0.000831912,299255.338856323
0.000833219,299517.505219815
0.000834528,299779.935472090
0.000835839,300042.629878186
0.000837152,300305.588703408
0.000838467,300568.812213327
0.000839784,300832.300673784
0.000841103,301096.054350888
0.000842424,301360.073511016
0.000843747,301624.358420813
0.000845073,301888.909347196
0.000846400,302153.726557349
0.000847729,302418.810318726
0.000849060,302684.160899051
0.000850394,302949.778566319
0.000851729,303215.663588796
0.000853067,303481.816235016
0.000854406,303748.236773787
0.000855748,304014.925474187
0.000857092,304281.882605566
0.000858437,304549.108437546
0.000859785,304816.603240021
0.000861135,305084.367283157
0.000862487,305352.400837394
0.000863841,305620.704173444
0.000865198,305889.277562292
0.000866556,306158.121275198
0.000867917,306427.235583695
0.000869279,306696.620759589
0.000870644,306966.277074964
0.000872011,307236.204802174
0.000873380,307506.404213851
0.000874751,307776.875582902
0.000876124,308047.619182510
0.000877500,308318.635286132
0.000878877,308589.924167502
0.000880257,308861.486100631
0.000881639,309133.321359807
0.000883023,309405.430219593
0.000884409,309677.812954832
0.000885797,309950.469840642
0.000887188,310223.401152420
0.000888581,310496.607165842
0.000889976,310770.088156861
0.000891373,311043.844401710
0.000892772,311317.876176899
0.000894174,311592.183759219
0.000895577,311866.767425740
0.000896983,312141.627453812
0.000898391,312416.764121065
0.000899802,312692.177705409
0.000901214,312967.868485036
0.000902629,313243.836738418
0.000904046,313520.082744309
0.000905466,313796.606781742
0.000906887,314073.409130037
0.000908311,314350.490068790
0.000909737,314627.849877885
0.000911165,314905.488837485
0.000912596,315183.407228037
0.000914029,315461.605330274
0.000915464,315740.083425207
0.000916901,316018.841794136
0.000918341,316297.880718644
0.000919783,316577.200480597
0.000921227,316856.801362146
0.000922674,317136.683645730
0.000924123,317416.847614069
0.000925574,317697.293550171
0.000927027,317978.021737331
0.000928483,318259.032459129
0.000929941,318540.325999430
0.000931402,318821.902642389
0.000932865,319103.762672446
0.000934330,319385.906374329
0.000935797,319668.334033055
0.000937267,319951.045933926
0.000938739,320234.042362535
0.000940214,320517.323604763
0.000941691,320800.889946779
0.000943170,321084.741675043
0.000944652,321368.879076302
0.000946136,321653.302437596
0.000947622,321938.012046253
0.000949111,322223.008189891
0.000950602,322508.291156420
0.000952096,322793.861234041
0.000953592,323079.718711246
0.000955090,323365.863876818
0.000956591,323652.297019832
0.000958094,323939.018429657
0.000959600,324226.028395953
0.000961108,324513.327208672
0.000962619,324800.915158061
0.000964132,325088.792534660
0.000965647,325376.959629301
0.000967165,325665.416733113
0.000968686,325954.164137517
0.000970209,326243.202134229
0.000971734,326532.531015262
0.000973262,326822.151072920
0.000974792,327112.062599808
0.000976325,327402.265888822
0.000977860,327692.761233157
0.000979398,327983.548926304
0.000980938,328274.629262050
0.000982481,328566.002534480
0.000984026,328857.669037976
0.000985574,329149.629067217
0.000987125,329441.882917182
0.000988677,329734.430883147
0.000990233,330027.273260685
0.000991791,330320.410345672
0.000993351,330613.842434279
0.000994915,330907.569822979
0.000996480,331201.592808545
0.000998049,331495.911688049
0.000999619,331790.526758865
0.001001193,332085.438318665
0.001002769,332380.646665425
0.001004347,332676.152097422
0.001005929,332971.954913233
0.001007512,333268.055411739
0.001009099,333564.453892122
0.001010688,333861.150653868
0.001012279,334158.145996764
0.001013874,334455.440220903
0.001015471,334753.033626679
0.001017070,335050.926514792
0.001018672,335349.119186245
0.001020277,335647.611942346
0.001021885,335946.405084707
0.001023495,336245.498915247
0.001025108,336544.893736189
0.001026723,336844.589850063
0.001028342,337144.587559705
0.001029963,337444.887168255
0.001031586,337745.488979163
0.001033213,338046.393296184
0.001034842,338347.600423383
0.001036473,338649.110665130
0.001038108,338950.924326104
0.001039745,339253.041711293
0.001041385,339555.463125992
0.001043028,339858.188875808
0.001044673,340161.219266654
0.001046321,340464.554604755
0.001047972,340768.195196645
0.001049626,341072.141349168
0.001051282,341376.393369480
0.001052942,341680.951565046
0.001054604,341985.816243645
0.001056269,342290.987713364
0.001057936,342596.466282606
0.001059607,342902.252260082
0.001061280,343208.345954819
0.001062956,343514.747676155
0.001064635,343821.457733743
0.001066317,344128.476437546
0.001068001,344435.804097846
0.001069689,344743.441025234
0.001071379,345051.387530620
0.001073072,345359.643925225
0.001074768,345668.210520588
0.001076467,345977.087628563
0.001078169,346286.275561318
0.001079874,346595.774631339
0.001081581,346905.585151428
0.001083292,347215.707434705
0.001085005,347526.141794604
0.001086722,347836.888544880
0.001088441,348147.947999603
0.001090163,348459.320473163
0.001091888,348771.006280268
0.001093616,349083.005735945
0.001095347,349395.319155540
0.001097081,349707.946854717
0.001098818,350020.889149462
0.001100558,350334.146356081
0.001102301,350647.718791198
0.001104047,350961.606771760
0.001105796,351275.810615036
0.001107548,351590.330638614
0.001109302,351905.167160406
0.001111060,352220.320498643
0.001112821,352535.790971883
0.001114585,352851.578899003
0.001116352,353167.684599205
0.001118122,353484.108392015
0.001119895,353800.850597280
0.001121672,354117.911535174
0.001123451,354435.291526195
0.001125233,354752.990891164
0.001127019,355071.009951231
0.001128807,355389.349027867
0.001130599,355708.008442872
0.001132393,356026.988518371
0.001134191,356346.289576816
0.001135992,356665.911940985
0.001137796,356985.855933984
0.001139604,357306.121879247
0.001141414,357626.710100535
0.001143227,357947.620921938
0.001145044,358268.854667874
0.001146864,358590.411663089
0.001148687,358912.292232661
0.001150513,359234.496701996
0.001152343,359557.025396829
0.001154175,359879.878643228
0.001156011,360203.056767588
0.001157850,360526.560096639
0.001159692,360850.388957439
0.001161538,361174.543677379
0.001163387,361499.024584184
0.001165239,361823.832005908
0.001167094,362148.966270940
0.001168953,362474.427708000
0.001170814,362800.216646145
0.001172679,363126.333414763
0.001174548,363452.778343576
0.001176419,363779.551762642
0.001178294,364106.654002353
0.001180173,364434.085393436
0.001182054,364761.846266955
0.001183939,365089.936954308
0.001185828,365418.357787230
0.001187719,365747.109097792
0.001189614,366076.191218405
0.001191513,366405.604481813
0.001193415,366735.349221100
0.001195320,367065.425769687
0.001197228,367395.834461336
0.001199140,367726.575630144
0.001201056,368057.649610549
0.001202974,368389.056737329
0.001204897,368720.797345601
0.001206822,369052.871770822
0.001208751,369385.280348790
0.001210684,369718.023415643
0.001212620,370051.101307861
0.001214560,370384.514362266
0.001216503,370718.262916022
0.001218449,371052.347306633
0.001220399,371386.767871948
0.001222353,371721.524950160
0.001224310,372056.618879801
0.001226270,372392.049999752
0.001228234,372727.818649235
0.001230202,373063.925167817
0.001232173,373400.369895409
0.001234148,373737.153172270
0.001236126,374074.275339002
0.001238108,374411.736736553
0.001240094,374749.537706219
0.001242083,375087.678589641
0.001244075,375426.159728808
0.001246072,375764.981466056
0.001248072,376104.144144069
0.001250075,376443.648105878
0.001252083,376783.493694865
0.001254094,377123.681254758
0.001256108,377464.211129636
0.001258127,377805.083663928
0.001260149,378146.299202410
0.001262174,378487.858090213
0.001264204,378829.760672814
0.001266237,379172.007296044
0.001268274,379514.598306084
0.001270314,379857.534049469
0.001272359,380200.814873084
0.001274407,380544.441124166
0.001276459,380888.413150308
0.001278514,381232.731299453
0.001280574,381577.395919899
0.001282637,381922.407360300
0.001284704,382267.765969661
0.001286775,382613.472097344
0.001288850,382959.526093065
0.001290928,383305.928306897
0.001293011,383652.679089268
0.001295097,383999.778790962
0.001297187,384347.227763119
0.001299281,384695.026357239
0.001301379,385043.174925177
0.001303481,385391.673819146
0.001305586,385740.523391718
0.001307696,386089.723995823
0.001309810,386439.275984750
0.001311927,386789.179712147
0.001314049,387139.435532024
0.001316174,387490.043798748
0.001318304,387841.004867047
0.001320437,388192.319092012
0.001322575,388543.986829094
0.001324716,388896.008434104
0.001326862,389248.384263218
0.001329011,389601.114672973
0.001331165,389954.200020268
0.001333323,390307.640662366
0.001335484,390661.436956894
0.001337650,391015.589261842
0.001339820,391370.097935565
0.001341994,391724.963336782
0.001344172,392080.185824579
0.001346354,392435.765758404
0.001348541,392791.703498074
0.001350731,393147.999403772
0.001352926,393504.653836046
0.001355125,393861.667155812
0.001357328,394219.039724354
0.001359535,394576.771903323
0.001361747,394934.864054738
0.001363962,395293.316540988
0.001366182,395652.129724830
0.001368406,396011.303969390
0.001370635,396370.839638164
0.001372868,396730.737095020
0.001375105,397090.996704195
0.001377346,397451.618830295
0.001379591,397812.603838302
0.001381841,398173.952093566
0.001384095,398535.663961811
0.001386354,398897.739809133
0.001388617,399260.180002001
0.001390884,399622.984907257
0.001393156,399986.154892118
0.001395432,400349.690324174
0.001397712,400713.591571390
0.001399997,401077.859002105
0.001402287,401442.492985036
0.001404580,401807.493889273
0.001406879,402172.862084284
0.001409181,402538.597939912
0.001411488,402904.701826379
0.001413800,403271.174114281
0.001416116,403638.015174597
0.001418437,404005.225378678
0.001420762,404372.805098260
0.001423092,404740.754705452
0.001425426,405109.074572748
0.001427765,405477.765073017
0.001430109,405846.826579511
0.001432457,406216.259465862
0.001434810,406586.064106084
0.001437167,406956.240874570
0.001439529,407326.790146096
0.001441896,407697.712295823
0.001444267,408069.007699290
0.001446643,408440.676732422
0.001449024,408812.719771527
0.001451409,409185.137193298
0.001453799,409557.929374810
0.001456194,409931.096693524
0.001458594,410304.639527287
0.001460998,410678.558254330
0.001463407,411052.853253271
0.001465821,411427.524903114
0.001468240,411802.573583250
0.001470664,412177.999673458
0.001473092,412553.803553903
0.001475525,412929.985605140
0.001477964,413306.546208110
0.001480407,413683.485744145
0.001482855,414060.804594967
0.001485307,414438.503142685
0.001487765,414816.581769801
0.001490228,415195.040859205
0.001492696,415573.880794180
0.001495168,415953.101958401
0.001497646,416332.704735932
0.001500129,416712.689511232
0.001502616,417093.056669152
0.001505109,417473.806594936
0.001507607,417854.939674220
0.001510110,418236.456293037
0.001512617,418618.356837812
0.001515130,419000.641695366
0.001517649,419383.311252916
0.001520172,419766.365898073
0.001522700,420149.806018845
0.001525234,420533.632003637
0.001527772,420917.844241251
0.001530316,421302.443120884
0.001532865,421687.429032135
0.001535420,422072.802364998
0.001537979,422458.563509868
0.001540544,422844.712857537
0.001543114,423231.250799198
0.001545690,423618.177726443
0.001548270,424005.494031267
0.001550856,424393.200106064
0.001553448,424781.296343628
0.001556044,425169.783137157
0.001558647,425558.660880250
0.001561254,425947.929966911
0.001563867,426337.590791543
0.001566485,426727.643748956
0.001569109,427118.089234364
0.001571738,427508.927643382
0.001574373,427900.159372033
0.001577013,428291.784816745
0.001579659,428683.804374350
0.001582310,429076.218442089
0.001584967,429469.027417608
0.001587629,429862.231698958
0.001590297,430255.831684602
0.001592970,430649.827773407
0.001595649,431044.220364651
0.001598334,431439.009858020
0.001601024,431834.196653609
0.001603721,432229.781151923
0.001606422,432625.763753878
0.001609130,433022.144860799
0.001611843,433418.924874424
0.001614562,433816.104196901
0.001617286,434213.683230791
0.001620017,434611.662379068
0.001622753,435010.042045116
0.001625495,435408.822632737
0.001628243,435808.004546142
0.001630997,436207.588189961
0.001633757,436607.573969235
0.001636522,437007.962289422
0.001639294,437408.753556396
0.001642071,437809.948176446
0.001644854,438211.546556278
0.001647644,438613.549103015
0.001650439,439015.956224198
0.001653240,439418.768327785
0.001656048,439821.985822154
0.001658861,440225.609116100
0.001661681,440629.638618840
0.001664506,441034.074740007
0.001667338,441438.917889658
0.001670176,441844.168478270
0.001673020,442249.826916738
0.001675870,442655.893616383
0.001678726,443062.368988945
0.001681589,443469.253446589
0.001684458,443876.547401902
0.001687333,444284.251267895
0.001690214,444692.365458001
0.001693102,445100.890386081
0.001695996,445509.826466418
0.001698896,445919.174113723
0.001701803,446328.933743130
0.001704716,446739.105770201
0.001707636,447149.690610927
0.001710562,447560.688681722
0.001713494,447972.100399430
0.001716433,448383.926181325
0.001719378,448796.166445107
0.001722330,449208.821608907
0.001725289,449621.892091285
0.001728254,450035.378311231
0.001731225,450449.280688167
0.001734203,450863.599641944
0.001737188,451278.335592847
0.001740180,451693.488961592
0.001743178,452109.060169328
0.001746183,452525.049637637
0.001749194,452941.457788534
0.001752213,453358.285044469
0.001755238,453775.531828325
0.001758270,454193.198563424
0.001761308,454611.285673519
0.001764354,455029.793582801
0.001767406,455448.722715898
0.001770466,455868.073497874
0.001773532,456287.846354232
0.001776605,456708.041710912
0.001779685,457128.659994292
0.001782772,457549.701631190
0.001785867,457971.167048863
0.001788968,458393.056675008
0.001792076,458815.370937764
0.001795191,459238.110265708
0.001798314,459661.275087861
0.001801444,460084.865833685
0.001804580,460508.882933084
0.001807724,460933.326816408
0.001810876,461358.197914446
0.001814034,461783.496658434
0.001817200,462209.223480052
0.001820373,462635.378811425
0.001823553,463061.963085122
0.001826741,463488.976734161
0.001829936,463916.420192004
0.001833139,464344.293892561
0.001836348,464772.598270189
0.001839566,465201.333759695
0.001842791,465630.500796332
0.001846023,466060.099815803
0.001849263,466490.131254262
0.001852511,466920.595548311
0.001855766,467351.493135005
0.001859028,467782.824451847
0.001862299,468214.589936795
0.001865577,468646.790028256
0.001868863,469079.425165093
0.001872156,469512.495786619
0.001875457,469946.002332604
0.001878767,470379.945243269
0.001882083,470814.324959292
0.001885408,471249.141921807
0.001888741,471684.396572400
0.001892081,472120.089353117
0.001895430,472556.220706461
0.001898787,472992.791075389
0.001902151,473429.800903320
0.001905524,473867.250634128
0.001908904,474305.140712149
0.001912293,474743.471582176
0.001915690,475182.243689464
0.001919095,475621.457479728
0.001922508,476061.113399142
0.001925929,476501.211894346
0.001929359,476941.753412439
0.001932797,477382.738400982
0.001936243,477824.167308003
0.001939698,478266.040581991
0.001943161,478708.358671899
0.001946632,479151.122027147
0.001950112,479594.331097618
0.001953600,480037.986333664
0.001957097,480482.088186100
0.001960602,480926.637106211
0.001964116,481371.633545749
0.001967639,481817.077956932
0.001971170,482262.970792450
0.001974710,482709.312505459
0.001978259,483156.103549588
0.001981816,483603.344378934
0.001985382,484051.035448065
0.001988957,484499.177212023
0.001992541,484947.770126319
0.001996134,485396.814646937
0.001999735,485846.311230337
0.002003346,486296.260333448
0.002006966,486746.662413678
0.002010594,487197.517928908
0.002014232,487648.827337492
0.002017879,488100.591098263
0.002021535,488552.809670529
0.002025200,489005.483514076
0.002028874,489458.613089168
0.002032558,489912.198856544
0.002036250,490366.241277426
0.002039953,490820.740813514
0.002043664,491275.697926985
0.002047385,491731.113080501
0.002051115,492186.986737201
0.002054855,492643.319360710
0.002058605,493100.111415130
0.002062364,493557.363365050
0.002066132,494015.075675541
0.002069910,494473.248812156
0.002073698,494931.883240937
0.002077496,495390.979428406
0.002081303,495850.537841574
0.002085120,496310.558947937
0.002088947,496771.043215478
0.002092784,497231.991112668
0.002096631,497693.403108465
0.002100488,498155.279672317
0.002104354,498617.621274160
0.002108231,499080.428384420
0.002112118,499543.701474013
0.002116015,500007.441014347
0.002119922,500471.647477322
0.002123840,500936.321335327
0.002127767,501401.463061248
0.002131705,501867.073128461
0.002135654,502333.152010839
0.002139612,502799.700182746
0.002143582,503266.718119044
0.002147561,503734.206295089
0.002151551,504202.165186736
0.002155552,504670.595270333
0.002159564,505139.497022729
0.002163586,505608.870921269
0.002167618,506078.717443799
0.002171662,506549.037068662
0.002175716,507019.830274703
0.002179781,507491.097541266
0.002183857,507962.839348199
0.002187944,508435.056175848
0.002192042,508907.748505064
0.002196151,509380.916817202
0.002200272,509854.561594118
0.002204403,510328.683318174
0.002208545,510803.282472237
0.002212699,511278.359539680
0.002216864,511753.915004381
0.002221040,512229.949350726
0.002225228,512706.463063607
0.002229427,513183.456628427
0.002233638,513660.930531095
0.002237860,514138.885258031
0.002242094,514617.321296164
0.002246340,515096.239132934
0.002250597,515575.639256294
0.002254866,516055.522154706
0.002259147,516535.888317147
0.002263439,517016.738233107
0.002267744,517498.072392588
0.002272060,517979.891286109
0.002276389,518462.195404704
0.002280730,518944.985239920
0.002285082,519428.261283823
0.002289447,519912.024028998
0.002293825,520396.273968543
0.002298214,520881.011596079
0.002302616,521366.237405743
0.002307030,521851.951892193
0.002311457,522338.155550610
0.002315896,522824.848876691
0.002320348,523312.032366659
0.002324813,523799.706517257
0.002329290,524287.871825754
0.002333780,524776.528789940
0.002338283,525265.677908131
0.002342799,525755.319679167
0.002347328,526245.454602416
0.002351870,526736.083177769
0.002356425,527227.205905649
0.002360993,527718.823287003
0.002365574,528210.935823308
0.002370169,528703.544016570
0.002374777,529196.648369325
0.002379398,529690.249384642
0.002384033,530184.347566116
0.002388681,530678.943417880
0.002393343,531174.037444595
0.002398019,531669.630151459
0.002402708,532165.722044202
0.002407411,532662.313629089
0.002412128,533159.405412922
0.002416859,533656.997903038
0.002421604,534155.091607311
0.002426363,534653.687034153
0.002431136,535152.784692515
0.002435923,535652.385091885
0.002440725,536152.488742294
0.002445541,536653.096154311
0.002450371,537154.207839048
0.002455216,537655.824308157
0.002460076,538157.946073835
0.002464950,538660.573648820
0.002469839,539163.707546397
0.002474743,539667.348280394
0.002479661,540171.496365184
0.002484595,540676.152315689
0.002489543,541181.316647375
0.002494507,541686.989876259
0.002499486,542193.172518904
0.002504480,542699.865092425
0.002509489,543207.068114484
0.002514514,543714.782103295
0.002519554,544223.007577626
0.002524610,544731.745056794
0.002529682,545240.995060671
0.002534769,545750.758109682
0.002539872,546261.034724807
0.002544992,546771.825427582
0.002550127,547283.130740098
0.002555278,547794.951185004
0.002560445,548307.287285507
0.002565628,548820.139565371
0.002570828,549333.508548919
0.002576045,549847.394761037
0.002581277,550361.798727169
0.002586527,550876.720973323
0.002591793,551392.162026066
0.002597076,551908.122412531
0.002602375,552424.602660414
0.002607692,552941.603297977
0.002613026,553459.124854046
0.002618377,553977.167858014
0.002623745,554495.732839840
0.002629130,555014.820330055
0.002634533,555534.430859753
0.002639953,556054.564960603
0.002645391,556575.223164840
0.002650847,557096.406005274
0.002656321,557618.114015285
0.002661812,558140.347728827
0.002667322,558663.107680425
0.002672849,559186.394405183
0.002678395,559710.208438776
0.002683959,560234.550317459
0.002689542,560759.420578062
0.002695143,561284.819757992
0.002700762,561810.748395237
0.002706401,562337.207028364
0.002712058,562864.196196520
0.002717734,563391.716439432
0.002723430,563919.768297413
0.002729144,564448.352311354
0.002734878,564977.469022735
0.002740631,565507.118973617
0.002746404,566037.302706648
0.002752196,566568.020765063
0.002758008,567099.273692683
0.002763840,567631.062033918
0.002769692,568163.386333769
0.002775564,568696.247137824
0.002781456,569229.644992263
0.002787368,569763.580443859
0.002793301,570298.054039976
0.002799255,570833.066328574
0.002805229,571368.617858205
0.002811224,571904.709178017
0.002817240,572441.340837755
0.002823277,572978.513387762
0.002829335,573516.227378978
0.002835415,574054.483362942
0.002841515,574593.281891794
0.002847638,575132.623518275
0.002853782,575672.508795726
0.002859948,576212.938278094
0.002866136,576753.912519927
0.002872347,577295.432076379
0.002878579,577837.497503210
0.002884834,578380.109356786
0.002891111,578923.268194081
0.002897411,579466.974572678
0.002903734,580011.229050769
0.002910080,580556.032187155
0.002916449,581101.384541252
0.002922841,581647.286673086
0.002929257,582193.739143296
0.002935696,582740.742513138
0.002942159,583288.297344482
0.002948646,583836.404199814
0.002955156,584385.063642237
0.002961691,584934.276235476
0.002968250,585484.042543870
0.002974834,586034.363132383
0.002981442,586585.238566599
0.002988075,587136.669412725
0.002994733,587688.656237589
0.003001417,588241.199608647
0.003008125,588794.300093980
0.003014859,589347.958262295
0.003021618,589902.174682926
0.003028404,590456.949925837
0.003035215,591012.284561622
0.003042052,591568.179161505
0.003048916,592124.634297342
0.003055806,592681.650541624
0.003062723,593239.228467474
0.003069667,593797.368648651
0.003076638,594356.071659550
0.003083636,594915.338075205
0.003090661,595475.168471287
0.003097714,596035.563424107
0.003104795,596596.523510616
0.003111904,597158.049308409
0.003119041,597720.141395723
0.003126206,598282.800351438
0.003133400,598846.026755080
0.003140623,599409.821186822
0.003147875,599974.184227485
0.003155155,600539.116458537
0.003162466,601104.618462098
0.003169806,601670.690820937
0.003177175,602237.334118476
0.003184575,602804.548938792
0.003192005,603372.335866614
0.003199465,603940.695487328
0.003206956,604509.628386978
0.003214478,605079.135152264
0.003222032,605649.216370548
0.003229616,606219.872629849
0.003237232,606791.104518853
0.003244880,607362.912626903
0.003252560,607935.297544012
0.003260272,608508.259860855
0.003268017,609081.800168774
0.003275795,609655.919059781
0.003283605,610230.617126557
0.003291449,610805.894962450
0.003299327,611381.753161486
0.003307238,611958.192318358
0.003315183,612535.213028438
0.003323163,613112.815887771
0.003331177,613691.001493080
0.003339226,614269.770441768
0.003347310,614849.123331914
0.003355430,615429.060762282
0.003363585,616009.583332315
0.003371776,616590.691642143
0.003380004,617172.386292577
0.003388268,617754.667885119
0.003396568,618337.537021955
0.003404906,618920.994305962
0.003413281,619505.040340707
0.003421694,620089.675730449
0.003430145,620674.901080141
0.003438634,621260.716995430
0.003447162,621847.124082658
0.003455729,622434.122948868
0.003464335,623021.714201798
0.003472981,623609.898449889
0.003481666,624198.676302284
0.003490392,624788.048368828
0.003499159,625378.015260071
0.003507966,625968.577587271
0.003516814,626559.735962390
0.003525705,627151.490998104
0.003534637,627743.843307797
0.003543611,628336.793505565
0.003552628,628930.342206220
0.003561689,629524.490025287
0.003570792,630119.237579009
0.003579940,630714.585484346
0.003589131,631310.534358982
0.003598367,631907.084821317
0.003607649,632504.237490478
0.003616975,633101.992986315
0.003626347,633700.351929405
0.003635766,634299.314941053
0.003645231,634898.882643292
0.003654743,635499.055658889
0.003664302,636099.834611341
0.003673909,636701.220124880
0.003683565,637303.212824475
0.003693269,637905.813335832
0.003703023,638509.022285396
0.003712826,639112.840300354
0.003722679,639717.268008635
0.003732583,640322.306038912
0.003742538,640927.955020605
0.003752544,641534.215583882
0.003762602,642141.088359660
0.003772713,642748.573979607
0.003782877,643356.673076144
0.003793094,643965.386282448
0.003803365,644574.714232452
0.003813691,645184.657560846
0.003824072,645795.216903082
0.003834509,646406.392895373
0.003845001,647018.186174695
0.003855551,647630.597378792
0.003866157,648243.627146172
0.003876822,648857.276116114
0.003887544,649471.544928668
0.003898326,650086.434224657
0.003909168,650701.944645678
0.003920070,651318.076834104
0.003931032,651934.831433088
0.003942056,652552.209086563
0.003953142,653170.210439242
0.003964291,653788.836136626
0.003975503,654408.086824998
0.003986779,655027.963151432
0.003998120,655648.465763789
0.004009527,656269.595310724
0.004020999,656891.352441685
0.004032538,657513.737806915
0.004044145,658136.752057455
0.004055820,658760.395845145
0.004067564,659384.669822628
0.004079378,660009.574643348
0.004091262,660635.110961555
0.004103218,661261.279432309
0.004115246,661888.080711475
0.004127346,662515.515455733
0.004139521,663143.584322573
0.004151770,663772.287970302
0.004164094,664401.627058045
0.004176495,665031.602245744
0.004188973,665662.214194163
0.004201529,666293.463564889
0.004214164,666925.351020334
0.004226878,667557.877223739
0.004239674,668191.042839169
0.004252551,668824.848531525
0.004265511,669459.294966538
0.004278555,670094.382810774
0.004291684,670730.112731637
0.004304898,671366.485397368
0.004318200,672003.501477051
0.004331589,672641.161640609
0.004345067,673279.466558812
0.004358635,673918.416903274
0.004372295,674558.013346460
0.004386047,675198.256561682
0.004399892,675839.147223104
0.004413833,676480.686005745
0.004427869,677122.873585477
0.004442002,677765.710639030
0.004456234,678409.197843994
0.004470566,679053.335878815
0.004484999,679698.125422804
0.004499534,680343.567156136
0.004514173,680989.661759847
0.004528917,681636.409915844
0.004543768,682283.812306899
0.004558727,682931.869616652
0.004573795,683580.582529617
0.004588975,684229.951731177
0.004604267,684879.977907588
0.004619673,685530.661745981
0.004635196,686182.003934361
0.004650835,686834.005161609
0.004666594,687486.666117484
0.004682474,688139.987492621
0.004698476,688793.969978533
0.004714603,689448.614267612
0.004730856,690103.921053131
0.004747237,690759.891029239
0.004763748,691416.524890966
0.004780391,692073.823334222
0.004797168,692731.787055797
0.004814081,693390.416753356
0.004831133,694049.713125448
0.004848325,694709.676871496
0.004865659,695370.308691800
0.004883138,696031.609287539
0.004900764,696693.579360763
0.004918540,697356.219614397
0.004936467,698019.530752236
0.004954549,698683.513478945
0.004972788,699348.168500053
0.004991186,700013.496521955
0.005009747,700679.498251908
0.005028472,701346.174398024
0.005047365,702013.525669268
0.005066429,702681.552775456
0.005085666,703350.256427250
0.005105080,704019.637336146
0.005124673,704689.696214480
0.005144450,705360.433775412
0.005164412,706031.850732924
0.005184564,706703.947801812
0.005204910,707376.725697676
0.005225451,708050.185136916
0.005246193,708724.326836716
0.005267139,709399.151515041
0.005288293,710074.659890618
0.005309659,710750.852682933
0.005331241,711427.730612209
0.005353043,712105.294399399
0.005375069,712783.544766167
0.005397325,713462.482434875
0.005419814,714142.108128560
0.005442541,714822.422570923
0.005465512,715503.426486299
0.005488731,716185.120599646
0.005512203,716867.505636510
0.005535935,717550.582323008
0.005559931,718234.351385798
0.005584197,718918.813552047
0.005608739,719603.969549404
0.005633564,720289.820105961
0.005658677,720976.365950219
0.005684085,721663.607811049
0.005709795,722351.546417646
0.005735814,723040.182499487
0.005762149,723729.516786280
0.005788808,724419.550007909
0.005815798,725110.282894379
0.005843127,725801.716175754
0.005870804,726493.850582089
0.005898838,727186.686843360
0.005927238,727880.225689385
0.005956012,728574.467849741
0.005985170,729269.414053675
0.006014724,729965.065030002
0.006044682,730661.421507008
0.006075057,731358.484212328
0.006105859,732056.253872825
0.006137101,732754.731214463
0.006168794,733453.916962152
0.006200952,734153.811839601
0.006233588,734854.416569144
0.006266715,735555.731871556
0.006300350,736257.758465855
0.006334507,736960.497069082
0.006369201,737663.948396068
0.006404451,738368.113159175
0.006440273,739072.992068015
0.006476687,739778.585829148
0.006513710,740484.895145742
0.006551364,741191.920717212
0.006589671,741899.663238824
0.006628652,742608.123401249
0.006668331,743317.301890092
0.006708733,744027.199385360
0.006749884,744737.816560887
0.006791813,745449.154083693
0.006834548,746161.212613282
0.006878121,746873.992800867
0.006922565,747587.495288513
0.006967914,748301.720708187
0.007014205,749016.669680696
0.007061477,749732.342814528
0.007109774,750448.740704537
0.007159138,751165.863930494
0.007209618,751883.713055454
0.007261265,752602.288623940
0.007314132,753321.591159895
0.007368279,754041.621164377
0.007423768,754762.379112968
0.007480665,755483.865452833
0.007539045,756206.080599393
0.007598984,756929.024932538
0.007660569,757652.698792307
0.007723890,758377.102473951
0.007789047,759102.236222257
0.007856149,759828.100225012
0.007925315,760554.694605449
0.007996674,761282.019413471
0.008070370,762010.074615417
0.008146558,762738.860082082
0.008225413,763468.375574613
0.008307126,764198.620727820
0.008391912,764929.595030334
0.008480009,765661.297800852
0.008571685,766393.728159533
0.008667242,767126.884993307
0.008767022,767860.766913500
0.008871413,768595.372203625
0.008980863,769330.698754512
0.009095885,770066.743982906
0.009217077,770803.504728237
0.009345137,771540.977120157
0.009480890,772279.156406337
0.009625320,773018.036725340
0.009779615,773757.610802124
0.009945222,774497.869532240
0.010123937,775238.801402010
0.010318019,775980.391660273
0.010530373,776722.621101666
0.010764815,777465.464219431
0.011026501,778208.886288651
0.011322644,778952.838535412
0.011663775,779697.249646788
0.012066158,780442.009674889
0.012556893,781186.936291079
0.013186349,781931.693340457
0.014065722,782675.547415589
0.015532535,783416.307835902
0.019153669,783986.891289211
0.024859804,783201.947264239
0.029027730,783933.330903837
0.033629145,783153.839659390
0.039261106,783873.894204502
0.043200563,783105.248468650
0.050348949,783657.799407668
0.053103656,783248.383141453
0.063076869,782827.967117911
0.066104017,783194.845675883
0.074623812,782342.327770156
0.077953324,783135.546055751
0.083741148,782300.975927606
0.088180450,783086.659067101
0.092849472,782254.154691064
0.097862857,782887.513697736
0.101135320,782426.705909980
0.107406032,782430.346938606
0.110767144,782413.092001833
0.118381767,782006.598564530
0.121766569,782365.647842682
0.129689750,781564.676665862
0.133133073,782305.538807036
0.138704467,781513.894696776
0.143267924,782249.900787488
0.147794602,781466.644348018
0.154211400,782184.981862080
0.157612062,781527.737447933
0.162986339,781616.672975477
0.166611244,781585.156072815
0.173159989,781174.602810116
0.176844084,781601.380885775
0.183135084,780764.312852725
0.186736061,781550.359914665
0.191717363,780724.761706162
0.196542720,781502.387448879
0.200714467,780679.113070007
0.207410666,781428.422962595
0.210124665,780845.920793447
0.219302953,780674.253911247
0.222245374,780770.254095227
0.234489141,780008.848858618
0.237556749,780680.090767991
0.244291535,779877.980472651
0.248262850,780622.998982756
0.253357437,779830.302140890
0.258732402,780564.932559812
0.263032815,779781.744982093
0.267323667,780134.334022537
0.271358434,779934.478030771
0.276560845,779762.716827614
0.280588880,779966.335096945
0.286869323,779316.227168732
0.290953129,780036.111675351
0.295074188,779220.825314256
0.300366740,779987.882655681
0.303968507,779176.388739496
0.311848566,779932.136451501
0.315022907,779119.633717763
0.321452621,779381.368712263
0.324554245,779151.344853108
0.332586218,778890.708452368
0.335764665,779094.913949704
0.346095985,778284.130368511
0.349268844,779031.972905062
0.355213826,778233.063377891
0.359479264,778977.740768513
0.364184598,778186.108627556
0.370061570,778919.557473988
0.374103435,778136.028189609
0.378318689,778429.118818788
0.382508745,778270.660949444
0.387580083,778073.332402645
0.391732287,778302.800818704
0.397837744,777632.876046080
0.402036626,778381.892443529
0.405932618,777572.432902076
0.411673260,778332.486035689
0.415097307,777526.205577080
0.424083599,778271.795014378
0.427104022,777464.543696696
0.433696435,777622.252464389
0.436839918,777473.620108271
0.445047848,777137.045212145
0.448259269,777416.263350759
0.457493094,776601.796505775
0.460757329,777351.140683858
0.466629483,776552.065449742
0.471000814,777296.889112235
0.475662825,776505.040531815
0.481761868,777238.110874013
0.485217413,776565.868120015
0.490436140,776700.938244792
0.494092620,776619.808803510
0.500398949,776291.497641113
0.500399151,777048.571845111
0.500399352,777806.337311560
0.500399554,778564.794533808
0.500399756,779323.944005874
0.500399959,780083.786222442
0.500400161,780844.321677434
0.500400364,781605.550865432
0.500400567,782367.474280251
0.500400770,783130.092415649
0.500400974,783893.405765326
0.500401177,784657.414822929
0.500401381,785422.120082758
0.500401585,786187.522038340
0.500401789,786953.621183853
0.500401994,787720.418011977
0.500402199,788487.913016764
0.500402404,789256.106691481
0.500402609,790024.999530043
0.500402814,790794.592025580
0.500403020,791564.884671151
0.500403226,792335.877959738
0.500403432,793107.572384972
0.500403638,793879.968439689
0.500403845,794653.066616647
0.500404051,795426.867408526
0.500404258,796201.371308642
0.500404466,796976.578809515
0.500404673,797752.490403578
0.500404881,798529.106583898
0.500405089,799306.427842739
0.500405297,800084.454672277
0.500405505,800863.187564600
0.500405714,801642.627012418
0.500405922,802422.773507635
0.500406131,803203.627542062
0.500406341,803985.189608124
0.500406550,804767.460197439
0.500406760,805550.439801525
0.500406970,806334.128911800
0.500407180,807118.528020292
0.500407390,807903.637618212
0.500407601,808689.458196669
0.500407812,809475.990247374
0.500408023,810263.234261218
0.500408234,811051.190728984
0.500408446,811839.860141341
0.500408657,812629.242989557
0.500408869,813419.339764074
0.500409081,814210.150955217
0.500409294,815001.677053192
0.500409507,815793.918548799
0.500409719,816586.875932001
0.500409933,817380.549693351
0.500410146,818174.940321858
0.500410360,818970.048307822
0.500410573,819765.874141414
0.500410787,820562.418311261
0.500411002,821359.681307271
0.500411216,822157.663618512
0.500411431,822956.365733921
0.500411646,823755.788142998
0.500411861,824555.931334404
0.500412077,825356.795796657
0.500412292,826158.382018841
0.500412508,826960.690489189
0.500412724,827763.721695789
0.500412941,828567.476126583
0.500413157,829371.954270067
0.500413374,830177.156613886
0.500413591,830983.083645529
0.500413809,831789.735853035
0.500414026,832597.113722884
0.500414244,833405.217743503
0.500414462,834214.048401054
0.500414680,835023.606182942
0.500414899,835833.891575709
0.500415118,836644.905065731
0.500415337,837456.647139916
0.500415556,838269.118283609
0.500415775,839082.318984080
0.500415995,839896.249726327
0.500416215,840710.910996579
0.500416435,841526.303280186
0.500416656,842342.427062321
0.500416876,843159.282828679
0.500417097,843976.871064072
0.500417318,844795.192253134
0.500417540,845614.246880311
0.500417761,846434.035430558
0.500417983,847254.558387951
0.500418205,848075.816236369
0.500418428,848897.809460200
0.500418650,849720.538542939
0.500418873,850544.003967889
0.500419096,851368.206218843
0.500419320,852193.145778709
0.500419543,853018.823130186
0.500419767,853845.238755775
0.500419991,854672.393138463
0.500420215,855500.286760335
0.500420440,856328.920103271
0.500420665,857158.293649625
0.500420890,857988.407880168
0.500421115,858819.263277512
0.500421340,859650.860321993
0.500421566,860483.199495103
0.500421792,861316.281277427
0.500422018,862150.106149325
0.500422245,862984.674591619
0.500422472,863819.987084220
0.500422699,864656.044106811
0.500422926,865492.846138842
0.500423153,866330.393660214
0.500423381,867168.687149913
0.500423609,868007.727087369
0.500423837,868847.513950411
0.500424066,869688.048217989
0.500424295,870529.330368808
0.500424524,871371.360879972
0.500424753,872214.140229697
0.500424982,873057.668895268
0.500425212,873901.947354399
0.500425442,874746.976083202
0.500425672,875592.755558879
0.500425903,876439.286258376
0.500426134,877286.568657037
0.500426365,878134.603231287
0.500426596,878983.390457288
0.500426827,879832.930809598
0.500427059,880683.224763842
0.500427291,881534.272794711
0.500427523,882386.075377293
0.500427756,883238.632985062
0.500427989,884091.946092557
0.500428222,884946.015174037
0.500428455,885800.840702146
0.500428688,886656.423150581
0.500428922,887512.762992088
0.500429156,888369.860699790
0.500429390,889227.716745860
0.500429625,890086.331602178
0.500429860,890945.705740333
0.500430095,891805.839632281
0.500430330,892666.733749018
0.500430566,893528.388561241
0.500430801,894390.804540006
0.500431038,895253.982155406
0.500431274,896117.921877227
0.500431510,896982.624174951
0.500431747,897848.089518402
0.500431984,898714.318376437
0.500432222,899581.311218251
0.500432459,900449.068511418
0.500432697,901317.590724497
0.500432935,902186.878325723
0.500433174,903056.931781711
0.500433413,903927.751560043
0.500433651,904799.338127330
0.500433891,905671.691950496
0.500434130,906544.813495486
0.500434370,907418.703227912
0.500434610,908293.361613010
0.500434850,909168.789116396
0.500435091,910044.986202663
0.500435331,910921.953336061
0.500435572,911799.690981130
0.500435814,912678.199601428
0.500436055,913557.479660154
0.500436297,914437.531620796
0.500436539,915318.355945848
0.500436781,916199.953097446
0.500437024,917082.323537367
0.500437267,917965.467727656
0.500437510,918849.386129361
0.500437753,919734.079203163
0.500437997,920619.547410003
0.500438241,921505.791209821
0.500438485,922392.811062180
0.500438730,923280.607426894
0.500438974,924169.180762771
0.500439219,925058.531528236
0.500439465,925948.660181335
0.500439710,926839.567180343
0.500439956,927731.252982527
0.500440202,928623.718044764
0.500440449,929516.962824153
0.500440695,930410.987776779
0.500440942,931305.793358328
0.500441189,932201.380024698
0.500441437,933097.748230773
0.500441684,933994.898431028
0.500441932,934892.831080138
0.500442181,935791.546631758
0.500442429,936691.045539131
0.500442678,937591.328255082
0.500442927,938492.395232623
0.500443176,939394.246923742
0.500443426,940296.883779999
0.500443676,941200.306253133
0.500443926,942104.514793849
0.500444176,943009.509852425
0.500444427,943915.291879298
0.500444678,944821.861323873
0.500444929,945729.218635116
0.500445181,946637.364261553
0.500445432,947546.298651857
0.500445685,948456.022253663
0.500445937,949366.535514742
0.500446190,950277.838881826
0.500446442,951189.932801193
0.500446696,952102.817718664
0.500446949,953016.494080183
0.500447203,953930.962330648
0.500447457,954846.222914493
0.500447711,955762.276276263
0.500447966,956679.122858875
0.500448220,957596.763106506
0.500448476,958515.197461125
0.500448731,959434.426365377
0.500448987,960354.450260846
0.500449243,961275.269589207
0.500449499,962196.884790508
0.500449755,963119.296305444
0.500450012,964042.504574219
0.500450269,964966.510035407
0.500450527,965891.313128219
0.500450784,966816.914291359
0.500451042,967743.313961906
0.500451301,968670.512577556
0.500451559,969598.510574938
0.500451818,970527.308390725
0.500452077,971456.906460515
0.500452336,972387.305219396
0.500452596,973318.505102486
0.500452856,974250.506543280
0.500453116,975183.309975848
0.500453376,976116.915833725
0.500453637,977051.324549373
0.500453898,977986.536554720
0.500454160,978922.552281158
0.500454421,979859.372160078
0.500454683,980796.996621794
0.500454945,981735.426096070
0.500455208,982674.661012126
0.500455471,983614.701799167
0.500455734,984555.548885304
0.500455997,985497.202698630
0.500456261,986439.663666139
0.500456525,987382.932214272
0.500456789,988327.008768902
0.500457053,989271.893755857
0.500457318,990217.587599873
0.500457583,991164.090725627
0.500457849,992111.403556188
0.500458114,993059.526515077
0.500458380,994008.460025228
0.500458647,994958.204507967
0.500458913,995908.760385055
0.500459180,996860.128077657
0.500459447,997812.308005327
0.500459715,998765.300588039
0.500459982,999719.106244658
0.500460250,1000673.725393946
0.500460519,1001629.158453556
0.500460787,1002585.405840539
0.500461056,1003542.467971329
0.500461326,1004500.345262237
0.500461595,1005459.038128467
0.500461865,1006418.546985084
0.500462135,1007378.872245556
0.500462405,1008340.014323699
0.500462676,1009301.973632691
0.500462947,1010264.750584112
0.500463218,1011228.345589870
0.500463490,1012192.759061228
0.500463762,1013157.991407853
0.500464034,1014124.043039715
0.500464306,1015090.914366134
0.500464579,1016058.605794834
0.500464852,1017027.117733824
0.500465126,1017996.450589985
0.500465399,1018966.604769998
0.500465673,1019937.580678960
0.500465948,1020909.378722672
0.500466222,1021881.999304896
0.500466497,1022855.442829623
0.500466772,1023829.709699719
0.500467048,1024804.800317366
0.500467324,1025780.715084511
0.500467600,1026757.454401963
0.500467876,1027735.018669845
0.500468153,1028713.408288023
0.500468430,1029692.623655229
0.500468707,1030672.665169491
0.500468985,1031653.533228568
0.500469263,1032635.228229081
0.500469541,1033617.750566936
0.500469819,1034601.100637759
0.500470098,1035585.278836026
0.500470377,1036570.285555500
0.500470657,1037556.121189217
0.500470937,1038542.786129906
0.500471217,1039530.280769146
0.500471497,1040518.605498196
0.500471778,1041507.760707166
0.500472059,1042497.746785425
0.500472340,1043488.564121602
0.500472622,1044480.213103982
0.500472904,1045472.694119693
0.500473186,1046466.007555116
0.500473468,1047460.153796266
0.500473751,1048455.133228005
0.500474034,1049450.946234431
0.500474318,1050447.593199260
0.500474602,1051445.074505053
0.500474886,1052443.390533596
0.500475170,1053442.541666278
0.500475455,1054442.528283326
0.500475740,1055443.350764184
0.500476025,1056445.009487512
0.500476311,1057447.504831545
0.500476597,1058450.837173719
0.500476883,1059455.006889942
0.500477170,1060460.014356046
0.500477457,1061465.859946702
0.500477744,1062472.544036119
0.500478032,1063480.066996990
0.500478320,1064488.429201900
0.500478608,1065497.631022606
0.500478896,1066507.672829694
0.500479185,1067518.554992924
0.500479474,1068530.277881230
0.500479764,1069542.841863047
0.500480054,1070556.247305637
0.500480344,1071570.494575422
0.500480634,1072585.584038305
0.500480925,1073601.516059017
0.500481216,1074618.291001434
0.500481507,1075635.909228898
0.500481799,1076654.371103571
0.500482091,1077673.676986754
0.500482383,1078693.827238887
0.500482676,1079714.822219842
0.500482969,1080736.662288615
0.500483263,1081759.347802720
0.500483556,1082782.879119389
0.500483850,1083807.256594671
0.500484144,1084832.480584022
0.500484439,1085858.551441422
0.500484734,1086885.469520817
0.500485029,1087913.235174399
0.500485325,1088941.848754019
0.500485621,1089971.310610343
0.500485917,1091001.621093125
0.500486214,1092032.780551478
0.500486511,1093064.789333323
0.500486808,1094097.647785922
0.500487105,1095131.356255092
0.500487403,1096165.915086234
0.500487702,1097201.324623811
0.500488000,1098237.585210846
0.500488299,1099274.697189921
0.500488598,1100312.660902668
0.500488898,1101351.476689283
0.500489198,1102391.144889495
0.500489498,1103431.665841833
0.500489798,1104473.039884097
0.500490099,1105515.267352892
0.500490401,1106558.348583854
0.500490702,1107602.283911873
0.500491004,1108647.073670632
0.500491306,1109692.718192842
0.500491609,1110739.217810228
0.500491912,1111786.572853739
0.500492215,1112834.783653120
0.500492518,1113883.850537323
0.500492822,1114933.773834092
0.500493126,1115984.553870173
0.500493431,1117036.190971309
0.500493736,1118088.685462414
0.500494041,1119142.037667199
0.500494347,1120196.247908531
0.500494653,1121251.316507906
0.500494959,1122307.243786136
0.500495265,1123364.030062998
0.500495572,1124421.675656898
0.500495880,1125480.180885691
0.500496187,1126539.546065704
0.500496495,1127599.771512531
0.500496803,1128660.857540560
0.500497112,1129722.804463122
0.500497421,1130785.612592491
0.500497730,1131849.282240015
0.500498040,1132913.813715963
0.500498350,1133979.207329270
0.500498660,1135045.463388050
0.500498971,1136112.582199211
0.500499282,1137180.564068695
0.500499593,1138249.409301229
0.500499905,1139319.118200452
0.500500217,1140389.691069012
0.500500529,1141461.128208341
0.500500842,1142533.429918772
0.500501155,1143606.596499527
0.500501469,1144680.628248805
0.500501783,1145755.525463594
0.500502097,1146831.288439838
0.500502411,1147907.917472195
0.500502726,1148985.412854420
0.500503041,1150063.774878903
0.500503357,1151143.003837043
0.500503673,1152223.100019020
0.500503989,1153304.063713868
0.500504305,1154385.895209522
0.500504622,1155468.594792703
0.500504940,1156552.162748972
0.500505257,1157636.599362765
0.500505575,1158721.904917302
0.500505894,1159808.079694631
0.500506212,1160895.123975649
0.500506531,1161983.038040038
0.500506851,1163071.822166290
0.500507170,1164161.476631728
0.500507491,1165252.001712450
0.500507811,1166343.397683361
0.500508132,1167435.664818161
0.500508453,1168528.803389334
0.500508774,1169622.813668147
0.500509096,1170717.695924646
0.500509419,1171813.450427666
0.500509741,1172910.077444775
0.500510064,1174007.577242357
0.500510387,1175105.950085513
0.500510711,1176205.196238129
0.500511035,1177305.315962806
0.500511360,1178406.309520927
0.500511684,1179508.177172622
0.500512009,1180610.919176766
0.500512335,1181714.535790911
0.500512661,1182819.027271392
0.500512987,1183924.393873207
0.500513314,1185030.635850207
0.500513640,1186137.753454822
0.500513968,1187245.746938185
0.500514295,1188354.616550298
0.500514623,1189464.362539608
0.500514952,1190574.985153524
0.500515280,1191686.484637962
0.500515610,1192798.861237623
0.500515939,1193912.115195895
0.500516269,1195026.246754730
0.500516599,1196141.256154868
0.500516930,1197257.143635720
0.500517261,1198373.909435367
0.500517592,1199491.553790413
0.500517924,1200610.076936109
0.500518256,1201729.479106641
0.500518588,1202849.760534551
0.500518921,1203970.921451168
0.500519254,1205092.962086302
0.500519587,1206215.882668548
0.500519921,1207339.683425130
0.500520256,1208464.364581721
0.500520590,1209589.926362965
0.500520925,1210716.368991575
0.500521261,1211843.692689416
0.500521596,1212971.897676589
0.500521933,1214100.984171974
0.500522269,1215230.952393052
0.500522606,1216361.802555682
0.500522943,1217493.534874513
0.500523281,1218626.149562548
0.500523619,1219759.646831812
0.500523957,1220894.026892215
0.500524296,1222029.289952918
0.500524635,1223165.436221172
0.500524974,1224302.465903018
0.500525314,1225440.379203050
0.500525655,1226579.176324147
0.500525995,1227718.857467981
0.500526336,1228859.422834761
0.500526678,1230000.872622949
0.500527019,1231143.207029799
0.500527362,1232286.426251093
0.500527704,1233430.530481126
0.500528047,1234575.519912402
0.500528390,1235721.394735917
0.500528734,1236868.155141779
0.500529078,1238015.801317967
0.500529423,1239164.333451264
0.500529767,1240313.751726608
0.500530113,1241464.056327735
0.500530458,1242615.247436858
0.500530804,1243767.325234664
0.500531151,1244920.289899948
0.500531497,1246074.141610311
0.500531844,1247228.880541441
0.500532192,1248384.506868204
0.500532540,1249541.020763172
0.500532888,1250698.422397340
0.500533237,1251856.711940901
0.500533586,1253015.889561303
0.500533935,1254175.955425594
0.500534285,1255336.909698436
0.500534636,1256498.752543311
0.500534986,1257661.484122100
0.500535337,1258825.104594663
0.500535689,1259989.614120110
0.500536040,1261155.012854638
0.500536393,1262321.300954135
0.500536745,1263488.478571984
0.500537098,1264656.545859927
0.500537452,1265825.502968987
0.500537805,1266995.350047628
0.500538160,1268166.087243138
0.500538514,1269337.714700670
0.500538869,1270510.232564697
0.500539224,1271683.640976554
0.500539580,1272857.940077397
0.500539936,1274033.130005707
0.500540293,1275209.210898797
0.500540650,1276386.182892299
0.500541007,1277564.046119633
0.500541365,1278742.800713046
0.500541723,1279922.446802549
0.500542082,1281102.984517537
0.500542441,1282284.413984605
0.500542800,1283466.735328616
0.500543160,1284649.948673840
0.500543520,1285834.054141689
0.500543880,1287019.051851829
0.500544241,1288204.941923361
0.500544603,1289391.724472465
0.500544964,1290579.399614166
0.500545327,1291767.967461125
0.500545689,1292957.428124849
0.500546052,1294147.781715083
0.500546415,1295339.028339813
0.500546779,1296531.168104602
0.500547143,1297724.201113872
0.500547508,1298918.127469599
0.500547873,1300112.947272619
0.500548238,1301308.660621969
0.500548604,1302505.267614890
0.500548970,1303702.768346130
0.500549337,1304901.162909298
0.500549704,1306100.451396188
0.500550072,1307300.633896058
0.500550439,1308501.710497036
0.500550808,1309703.681285413
0.500551176,1310906.546344912
0.500551546,1312110.305758125
0.500551915,1313314.959605790
0.500552285,1314520.507966042
0.500552655,1315726.950916646
0.500553026,1316934.288531215
0.500553397,1318142.520883773
0.500553769,1319351.648044917
0.500554141,1320561.670084127
0.500554513,1321772.587068192
0.500554886,1322984.399063595
0.500555259,1324197.106133305
0.500555633,1325410.708338359
0.500556007,1326625.205738687
0.500556382,1327840.598392296
0.500556756,1329056.886355265
0.500557132,1330274.069680885
0.500557508,1331492.148421348
0.500557884,1332711.122626899
0.500558260,1333930.992345832
0.500558637,1335151.757623597
0.500559015,1336373.418503654
0.500559393,1337595.975029276
0.500559771,1338819.427239966
0.500560150,1340043.775174138
0.500560529,1341269.018868219
0.500560908,1342495.158355702
0.500561288,1343722.193669007
0.500561669,1344950.124837588
0.500562050,1346178.951890792
0.500562431,1347408.674854029
0.500562813,1348639.293750659
0.500563195,1349870.808603964
0.500563577,1351103.219433219
0.500563960,1352336.526255636
0.500564344,1353570.729088377
0.500564728,1354805.827944528
0.500565112,1356041.822836123
0.500565496,1357278.713772087
0.500565882,1358516.500760295
0.500566267,1359755.183806541
0.500566653,1360994.762914533
0.500567040,1362235.238084816
0.500567426,1363476.609316885
0.500567814,1364718.876608140
0.500568201,1365962.039952765
0.500568590,1367206.099343908
0.500568978,1368451.054772596
0.500569367,1369696.906226596
0.500569757,1370943.653693225
0.500570147,1372191.297156497
0.500570537,1373439.836597707
0.500570928,1374689.271998296
0.500571319,1375939.603334052
0.500571711,1377190.830582086
0.500572103,1378442.953714981
0.500572495,1379695.972704310
0.500572888,1380949.887519462
0.500573282,1382204.698126407
0.500573676,1383460.404490121
0.500574070,1384717.006573371
0.500574465,1385974.504335464
0.500574860,1387232.897734718
0.500575255,1388492.186727220
0.500575651,1389752.371266834
0.500576048,1391013.451303888
0.500576445,1392275.426787737
0.500576842,1393538.297664177
0.500577240,1394802.063879351
0.500577639,1396066.725374511
0.500578037,1397332.282088609
0.500578436,1398598.733960980
0.500578836,1399866.080925992
0.500579236,1401134.322915695
0.500579637,1402403.459862560
0.500580038,1403673.491694010
0.500580439,1404944.418336527
0.500580841,1406216.239712863
0.500581243,1407488.955746255
0.500581646,1408762.566354782
0.500582050,1410037.071454153
0.500582453,1411312.470960599
0.500582857,1412588.764785114
0.500583262,1413865.952836300
0.500583667,1415144.035023326
0.500584073,1416423.011250038
0.500584479,1417702.881419375
0.500584885,1418983.645430379
0.500585292,1420265.303181187
0.500585699,1421547.854567542
0.500586107,1422831.299482777
0.500586515,1424115.637816265
0.500586924,1425400.869456487
0.500587333,1426686.994289502
0.500587743,1427974.012198932
0.500588153,1429261.923064367
0.500588564,1430550.726764523
0.500588975,1431840.423174044
0.500589386,1433131.012166712
0.500589798,1434422.493613840
0.500590211,1435714.867384267
0.500590623,1437008.133342688
0.500591037,1438302.291352954
0.500591451,1439597.341276417
0.500591865,1440893.282970232
0.500592280,1442190.116292427
0.500592695,1443487.841095111
0.500593111,1444786.457227834
0.500593527,1446085.964539326
0.500593943,1447386.362875778
0.500594360,1448687.652080837
0.500594778,1449989.831993826
0.500595196,1451292.902455048
0.500595614,1452596.863296877
0.500596033,1453901.714354481
0.500596453,1455207.455456838
0.500596873,1456514.086432134
0.500597293,1457821.607105968
0.500597714,1459130.017299476
0.500598135,1460439.316833023
0.500598557,1461749.505524358
0.500598980,1463060.583186712
0.500599402,1464372.549632559
0.500599826,1465685.404671737
0.500600249,1466999.148111440
0.500600673,1468313.779754268
0.500601098,1469629.299402080
0.500601523,1470945.706854073
0.500601949,1472263.001904791
0.500602375,1473581.184348048
0.500602802,1474900.253974977
0.500603229,1476220.210574015
0.500603656,1477541.053928869
0.500604084,1478862.783822538
0.500604513,1480185.400035308
0.500604942,1481508.902342672
0.500605371,1482833.290519435
0.500605801,1484158.564337664
0.500606232,1485484.723566680
0.500606663,1486811.767970933
0.500607094,1488139.697314203
0.500607526,1489468.511357506
0.500607958,1490798.209856923
0.500608391,1492128.792567885
0.500608825,1493460.259243032
0.500609259,1494792.609630007
0.500609693,1496125.843478034
0.500610128,1497459.960529115
0.500610563,1498794.960522392
0.500610999,1500130.843198637
0.500611435,1501467.608291308
0.500611872,1502805.255533249
0.500612310,1504143.784652171
0.500612747,1505483.195377487
0.500613186,1506823.487431157
0.500613624,1508164.660532225
0.500614064,1509506.714401502
0.500614504,1510849.648752238
0.500614944,1512193.463297117
0.500615385,1513538.157743536
0.500615826,1514883.731800734
0.500616268,1516230.185170254
0.500616710,1517577.517553094
0.500617153,1518925.728644879
0.500617596,1520274.818140706
0.500618040,1521624.785732717
0.500618484,1522975.631110108
0.500618929,1524327.353956604
0.500619374,1525679.953955433
0.500619820,1527033.430786839
0.500620266,1528387.784128081
0.500620713,1529743.013650870
0.500621160,1531099.119026436
0.500621608,1532456.099923000
0.500622057,1533813.956003166
0.500622505,1535172.686929081
0.500622955,1536532.292359858
0.500623405,1537892.771951566
0.500623855,1539254.125354571
0.500624306,1540616.352218804
0.500624757,1541979.452191136
0.500625209,1543343.424915359
0.500625661,1544708.270029474
0.500626114,1546073.987171075
0.500626568,1547440.575971914
0.500627022,1548808.036066111
0.500627476,1550176.367079172
0.500627931,1551545.568636223
0.500628387,1552915.640359267
0.500628843,1554286.581864345
0.500629299,1555658.392767146
0.500629756,1557031.072680204
0.500630214,1558404.621212893
0.500630672,1559779.037968538
0.500631130,1561154.322550136
0.500631590,1562530.474557500
0.500632049,1563907.493584323
0.500632509,1565285.379223992
0.500632970,1566664.131066686
0.500633431,1568043.748699370
0.500633893,1569424.231702790
0.500634355,1570805.579660425
0.500634818,1572187.792146621
0.500635281,1573570.868732211
0.500635745,1574954.808990946
0.500636209,1576339.612487215
0.500636674,1577725.278785170
0.500637140,1579111.807442578
0.500637606,1580499.198017017
0.500638072,1581887.450065849
0.500638539,1583276.563133741
0.500639007,1584666.536771463
0.500639475,1586057.370520134
0.500639943,1587449.063920697
0.500640412,1588841.616510758
0.500640882,1590235.027824574
0.500641352,1591629.297389792
0.500641823,1593024.424733916
0.500642294,1594420.409381077
0.500642766,1595817.250848718
0.500643238,1597214.948654168
0.500643711,1598613.502311358
0.500644184,1600012.911330814
0.500644658,1601413.175219649
0.500645133,1602814.293478158
0.500645608,1604216.265606567
0.500646083,1605619.091098233
0.500646559,1607022.769449906
0.500647036,1608427.300148004
0.500647513,1609832.682678911
0.500647991,1611238.916525540
0.500648469,1612646.001163803
0.500648948,1614053.936069605
0.500649427,1615462.720715354
0.500649907,1616872.354569952
0.500650388,1618282.837098788
0.500650869,1619694.167760116
0.500651350,1621106.346012236
0.500651832,1622519.371309902
0.500652315,1623933.243100659
0.500652798,1625347.960832123
0.500653282,1626763.523948339
0.500653766,1628179.931889782
0.500654251,1629597.184089607
0.500654736,1631015.279984832
0.500655222,1632434.219001385
0.500655708,1633854.000561526
0.500656196,1635274.624091465
0.500656683,1636696.089006185
0.500657171,1638118.394720824
0.500657660,1639541.540646880
0.500658149,1640965.526192198
0.500658639,1642390.350757058
0.500659129,1643816.013741936
0.500659620,1645242.514543632
0.500660112,1646669.852551297
0.500660604,1648098.027158294
0.500661096,1649527.037746338
0.500661590,1650956.883697391
0.500662083,1652387.564385656
0.500662578,1653819.079189665
0.500663072,1655251.427476117
0.500663568,1656684.608611999
0.500664064,1658118.621960542
0.500664560,1659553.466877074
0.500665058,1660989.142717249
0.500665555,1662425.648832937
0.500666053,1663862.984572218
0.500666552,1665301.149279376
0.500667052,1666740.142290639
0.500667552,1668179.962942625
0.500668052,1669620.610568117
0.500668553,1671062.084496068
0.500669055,1672504.384047263
0.500669557,1673947.508542915
0.500670060,1675391.457300377
0.500670563,1676836.229633129
0.500671067,1678281.824846364
0.500671572,1679728.242245754
0.500672077,1681175.481137519
0.500672583,1682623.540810631
0.500673089,1684072.420563488
0.500673596,1685522.119681606
0.500674103,1686972.637451033
0.500674611,1688423.973153879
0.500675120,1689876.126068303
0.500675629,1691329.095463901
0.500676139,1692782.880615480
0.500676649,1694237.480784651
0.500677160,1695692.895233630
0.500677671,1697149.123215957
0.500678183,1698606.163990511
0.500678696,1700064.016802764
0.500679209,1701522.680898857
0.500679723,1702982.155516115
0.500680238,1704442.439897352
0.500680753,1705903.533271763
0.500681268,1707365.434869250
0.500681784,1708828.143915652
0.500682301,1710291.659632729
0.500682819,1711755.981233246
0.500683337,1713221.107930733
0.500683855,1714687.038934614
0.500684374,1716153.773450200
0.500684894,1717621.310678680
0.500685414,1719089.649812083
0.500685935,1720558.790043277
0.500686457,1722028.730560974
0.500686979,1723499.470549730
0.500687502,1724971.009189928
0.500688025,1726443.345652637
0.500688549,1727916.479109825
0.500689073,1729390.408729266
0.500689599,1730865.133674528
0.500690124,1732340.653099725
0.500690651,1733816.966165194
0.500691177,1735294.072016547
0.500691705,1736771.969800382
0.500692233,1738250.658653715
0.500692762,1739730.137719935
0.500693291,1741210.406127479
0.500693821,1742691.463005828
0.500694352,1744173.307480174
0.500694883,1745655.938671414
0.500695415,1747139.355690656
0.500695947,1748623.557655617
0.500696480,1750108.543668711
0.500697014,1751594.312833490
0.500697548,1753080.864243588
0.500698083,1754568.196999401
0.500698618,1756056.310185791
0.500699154,1757545.202894467
0.500699691,1759034.874195807
0.500700228,1760525.323172743
0.500700766,1762016.548898154
0.500701305,1763508.550434759
0.500701844,1765001.326846552
0.500702383,1766494.877193096
0.500702924,1767989.200529514
0.500703465,1769484.295906479
0.500704006,1770980.162364326
0.500704549,1772476.798950652
0.500705092,1773974.204696795
0.500705635,1775472.378635479
0.500706179,1776971.319788950
0.500706724,1778471.027186883
0.500707269,1779971.499842449
0.500707815,1781472.736770271
0.500708362,1782974.736980439
0.500708909,1784477.499478496
0.500709457,1785981.023265434
0.500710005,1787485.307331507
0.500710555,1788990.350674711
0.500711104,1790496.152276090
0.500711655,1792002.711118266
0.500712206,1793510.026172977
0.500712757,1795018.096419881
0.500713310,1796526.920821428
0.500713863,1798036.498348073
0.500714416,1799546.827952944
0.500714970,1801057.908590846
0.500715525,1802569.739205479
0.500716081,1804082.318748732
0.500716637,1805595.646154901
0.500717193,1807109.720360036
0.500717751,1808624.540295488
0.500718309,1810140.104887895
0.500718868,1811656.413059182
0.500719427,1813173.463726546
0.500719987,1814691.255795775
0.500720547,1816209.788174522
0.500721109,1817729.059765680
0.500721671,1819249.069467379
0.500722233,1820769.816172969
0.500722796,1822291.298764203
0.500723360,1823813.516131634
0.500723925,1825336.467147353
0.500724490,1826860.150685450
0.500725056,1828384.565615189
0.500725622,1829909.710800995
0.500726189,1831435.585102455
0.500726757,1832962.187367278
0.500727325,1834489.516445269
0.500727894,1836017.571181355
0.500728464,1837546.350422692
0.500729034,1839075.852990218
0.500729605,1840606.077721285
0.500730177,1842137.023441231
0.500730749,1843668.688963238
0.500731322,1845201.073102722
0.500731896,1846734.174670155
0.500732470,1848267.992471059
0.500733045,1849802.525305992
0.500733621,1851337.771970542
0.500734197,1852873.731247897
0.500734774,1854410.401931050
0.500735352,1855947.782793138
0.500735930,1857485.872609693
0.500736509,1859024.670151225
0.500737089,1860564.174183218
0.500737669,1862104.383466108
0.500738250,1863645.296747651
0.500738832,1865186.912785775
0.500739414,1866729.230318035
0.500739997,1868272.248084543
0.500740581,1869815.964820311
0.500741165,1871360.379255262
0.500741750,1872905.490114196
0.500742336,1874451.296108941
0.500742922,1875997.795961876
0.500743509,1877544.988374488
0.500744097,1879092.872050975
0.500744686,1880641.445690367
0.500745275,1882190.707986530
0.500745865,1883740.657628147
0.500746455,1885291.293298712
0.500747046,1886842.613676515
0.500747638,1888394.617426485
0.500748230,1889947.303216412
0.500748824,1891500.669717080
0.500749418,1893054.715577626
0.500750012,1894609.439450118
0.500750607,1896164.839981367
0.500751203,1897720.915804555
0.500751800,1899277.665564262
0.500752397,1900835.087883028
0.500752995,1902393.181394911
0.500753594,1903951.944711774
0.500754193,1905511.376448584
0.500754793,1907071.475214973
0.500755394,1908632.239615237
0.500755996,1910193.668248317
0.500756598,1911755.759707796
0.500757201,1913318.512573185
0.500757804,1914881.925435978
0.500758409,1916445.996864839
0.500759014,1918010.725440546
0.500759619,1919576.109720882
0.500760226,1921142.148266978
0.500760833,1922708.839634538
0.500761441,1924276.182373824
0.500762049,1925844.175029642
0.500762658,1927412.816132315
0.500763268,1928982.104224710
0.500763879,1930552.037826118
0.500764490,1932122.615468504
0.500765102,1933693.835660097
0.500765715,1935265.696912713
0.500766328,1936838.197732642
0.500766942,1938411.336620641
0.500767557,1939985.112071928
0.500768173,1941559.522576169
0.500768789,1943134.566617467
0.500769406,1944710.242664919
0.500770024,1946286.549200863
0.500770642,1947863.484683145
0.500771262,1949441.047582986
0.500771881,1951019.236346943
0.500772502,1952598.049425447
0.500773123,1954177.485263306
0.500773745,1955757.542309378
0.500774368,1957338.218977774
0.500774992,1958919.513706030
0.500775616,1960501.424916318
0.500776241,1962083.951025122
0.500776867,1963667.090443233
0.500777493,1965250.841565806
0.500778120,1966835.202802101
0.500778748,1968420.172535757
0.500779377,1970005.749154605
0.500780006,1971591.931050821
0.500780636,1973178.716590691
0.500781267,1974766.104144777
0.500781898,1976354.092077871
0.500782531,1977942.678748981
0.500783164,1979531.862511313
0.500783797,1981121.641712272
0.500784432,1982712.014693445
0.500785067,1984302.979790594
0.500785703,1985894.535326246
0.500786340,1987486.679631801
0.500786977,1989079.411025481
0.500787615,1990672.727809067
0.500788254,1992266.628288952
0.500788894,1993861.110776302
0.500789534,1995456.173555112
0.500790175,1997051.814924826
0.500790817,1998648.033157531
0.500791460,2000244.826530084
0.500792103,2001842.193313404
0.500792747,2003440.131772459
0.500793392,2005038.640166264
0.500794038,2006637.716747860
0.500794684,2008237.359764311
0.500795331,2009837.567456697
0.500795979,2011438.338060092
0.500796628,2013039.669803567
0.500797277,2014641.560898961
0.500797928,2016244.009574455
0.500798579,2017847.014041032
0.500799230,2019450.572503624
0.500799883,2021054.683149718
0.500800536,2022659.344183450
0.500801190,2024264.553780071
0.500801845,2025870.310131637
0.500802500,2027476.611401117
0.500803156,2029083.455768445
0.500803814,2030690.841384270
0.500804471,2032298.766416366
0.500805130,2033907.229003018
0.500805789,2035516.227288010
0.500806449,2037125.759408966
0.500807110,2038735.823509212
0.500807772,2040346.417702188
0.500808434,2041957.540106974
0.500809098,2043569.188836439
0.500809762,2045181.362009311
0.500810426,2046794.057714019
0.500811092,2048407.274044771
0.500811758,2050021.009089533
0.500812425,2051635.260930018
0.500813093,2053250.027641676
0.500813762,2054865.307293684
0.500814431,2056481.097961322
0.500815102,2058097.397688856
0.500815773,2059714.204526587
0.500816444,2061331.516518498
0.500817117,2062949.331702250
0.500817790,2064567.648109170
0.500818465,2066186.463764244
0.500819140,2067805.776686103
0.500819815,2069425.584887010
0.500820492,2071045.886372860
0.500821169,2072666.679143162
0.500821847,2074287.961191029
0.500822526,2075909.730503172
0.500823206,2077531.985059888
0.500823886,2079154.722835048
0.500824568,2080777.941796090
0.500825250,2082401.639904005
0.500825933,2084025.815126539
0.500826616,2085650.465398615
0.500827301,2087275.588661829
0.500827986,2088901.182851298
0.500828672,2090527.245895640
0.500829359,2092153.775716970
0.500830047,2093780.770230887
0.500830736,2095408.227360025
0.500831425,2097036.144993421
0.500832115,2098664.521027073
0.500832806,2100293.353350420
0.500833498,2101922.639846335
0.500834191,2103552.378404935
0.500834884,2105182.566882174
0.500835578,2106813.203141175
0.500836273,2108444.285052422
0.500836969,2110075.810451903
0.500837666,2111707.777196967
0.500838363,2113340.183110237
0.500839062,2114973.026035887
0.500839761,2116606.303783135
0.500840461,2118240.014182943
0.500841162,2119874.155031085
0.500841863,2121508.724145266
0.500842566,2123143.719322220
0.500843269,2124779.138351975
0.500843973,2126414.979003293
0.500844678,2128051.239067257
0.500845384,2129687.916313725
0.500846090,2131325.008505805
0.500846798,2132962.513399856
0.500847506,2134600.428745473
0.500848215,2136238.752285475
0.500848925,2137877.481755900
0.500849636,2139516.614885989
0.500850347,2141156.149413227
0.500851060,2142796.083038256
0.500851773,2144436.413469878
0.500852487,2146077.138425278
0.500853202,2147718.255584429
0.500853918,2149359.762650932
0.500854634,2151001.657290937
0.500855352,2152643.937194418
0.500856070,2154286.600029154
0.500856789,2155929.643440477
0.500857510,2157573.065097859
0.500858230,2159216.862648372
0.500858952,2160861.033732167
0.500859675,2162505.575982465
0.500860398,2164150.487025546
0.500861122,2165795.764496636
0.500861848,2167441.405992269
0.500862574,2169087.409117846
0.500863301,2170733.771487859
0.500864028,2172380.490677733
0.500864757,2174027.564288085
0.500865486,2175674.989896466
0.500866217,2177322.765073405
0.500866948,2178970.887366032
0.500867680,2180619.354347117
0.500868413,2182268.163582563
0.500869147,2183917.312598309
0.500869881,2185566.798929651
0.500870617,2187216.620104804
0.500871353,2188866.773661631
0.500872090,2190517.257097507
0.500872828,2192168.067936215
0.500873567,2193819.203677699
0.500874307,2195470.661814785
0.500875048,2197122.439823248
0.500875790,2198774.535191505
0.500876532,2200426.945386554
0.500877276,2202079.667877020
0.500878020,2203732.700119968
0.500878765,2205386.039582623
0.500879511,2207039.683690398
0.500880258,2208693.629896255
0.500881006,2210347.875628606
0.500881755,2212002.418308646
0.500882504,2213657.255350342
0.500883255,2215312.384160422
0.500884006,2216967.802156157
0.500884758,2218623.506712055
0.500885511,2220279.495230994
0.500886265,2221935.765072816
0.500887020,2223592.313625966
0.500887776,2225249.138253688
0.500888533,2226906.236311924
0.500889291,2228563.605149301
0.500890049,2230221.242125435
0.500890809,2231879.144556066
0.500891569,2233537.309786269
0.500892330,2235195.735116966
0.500893092,2236854.417878656
0.500893855,2238513.355376040
0.500894619,2240172.544906438
0.500895384,2241831.983778562
0.500896150,2243491.669256253
0.500896917,2245151.598633557
0.500897684,2246811.769178337
0.500898453,2248472.178131997
0.500899222,2250132.822785623
0.500899993,2251793.700365750
0.500900764,2253454.808110500
0.500901536,2255116.143269851
0.500902309,2256777.703047756
0.500903083,2258439.484679383
0.500903858,2260101.485373110
0.500904634,2261763.702329815
0.500905411,2263426.132762536
0.500906189,2265088.773837551
0.500906967,2266751.622753002
0.500907747,2268414.676679849
0.500908527,2270077.932781505
0.500909309,2271741.388213844
0.500910091,2273405.040125177
0.500910875,2275068.885676403
0.500911659,2276732.921980618
0.500912444,2278397.146183704
0.500913230,2280061.555403806
0.500914017,2281726.146751464
0.500914805,2283390.917350125
0.500915594,2285055.864274664
0.500916384,2286720.984633425
0.500917175,2288386.275506610
0.500917967,2290051.733966771
0.500918759,2291717.357099685
0.500919553,2293383.141941794
0.500920348,2295049.085563691
0.500921143,2296715.185007416
0.500921940,2298381.437307321
0.500922737,2300047.839490063
0.500923536,2301714.388595914
0.500924335,2303381.081636269
0.500925135,2305047.915614794
0.500925937,2306714.887527431
0.500926739,2308381.994362379
0.500927542,2310049.233121788
0.500928346,2311716.600756736
0.500929152,2313384.094254005
0.500929958,2315051.710592843
0.500930765,2316719.446700932
0.500931573,2318387.299542102
0.500932382,2320055.266028295
0.500933192,2321723.343130128
0.500934003,2323391.527743928
0.500934815,2325059.816780359
0.500935628,2326728.207164722
0.500936442,2328396.695792172
0.500937256,2330065.279550009
0.500938072,2331733.955340393
0.500938889,2333402.720012284
0.500939707,2335071.570452262
0.500940526,2336740.503516322
0.500941346,2338409.516075599
0.500942166,2340078.604947363
0.500942988,2341747.766987108
0.500943811,2343416.999021364
0.500944634,2345086.297888120
0.500945459,2346755.660372823
0.500946285,2348425.083299761
0.500947112,2350094.563461932
0.500947939,2351764.097644383
0.500948768,2353433.682646212
0.500949598,2355103.315238480
0.500950428,2356772.992182502
0.500951260,2358442.710231604
0.500952093,2360112.466155214
0.500952926,2361782.256690843
0.500953761,2363452.078567991
0.500954597,2365121.928510214
0.500955434,2366791.803253305
0.500956271,2368461.699502873
0.500957110,2370131.613956492
0.500957950,2371801.543303688
0.500958791,2373471.484250700
0.500959632,2375141.433471119
0.500960475,2376811.387655406
0.500961319,2378481.343436157
0.500962164,2380151.297487847
0.500963010,2381821.246451929
0.500963856,2383491.186987037
0.500964704,2385161.115693229
0.500965553,2386831.029213099
0.500966403,2388500.924155841
0.500967254,2390170.797148160
0.500968106,2391840.644783168
0.500968959,2393510.463645840
0.500969813,2395180.250338902
0.500970668,2396850.001405213
0.500971525,2398519.713431359
0.500972382,2400189.382996026
0.500973240,2401859.006617480
0.500974099,2403528.580858229
0.500974959,2405198.102272858
0.500975821,2406867.567354976
0.500976683,2408536.972642947
0.500977547,2410206.314640492
0.500978411,2411875.589869912
0.500979277,2413544.794818672
0.500980143,2415213.925965998
0.500981011,2416882.979782879
0.500981879,2418551.952759232
0.500982749,2420220.841349734
0.500983620,2421889.642000802
0.500984492,2423558.351178041
0.500985365,2425226.965311518
0.500986239,2426895.480850664
0.500987114,2428563.894181434
0.500987990,2430232.201764697
0.500988867,2431900.399969822
0.500989745,2433568.485213626
0.500990624,2435236.453876782
0.500991505,2436904.302331646
0.500992386,2438572.026970556
0.500993268,2440239.624149408
0.500994152,2441907.090215758
0.500995037,2443574.421537413
0.500995922,2445241.614445429
0.500996809,2446908.665291301
0.500997697,2448575.570389561
0.500998586,2450242.326046378
0.500999476,2451908.928588625
0.501000367,2453575.374305910
0.501001259,2455241.659479455
0.501002153,2456907.780382085
0.501003047,2458573.733307708
0.501003943,2460239.514542132
0.501004839,2461905.120333369
0.501005737,2463570.546921014
0.501006636,2465235.790536238
0.501007535,2466900.847431771
0.501008436,2468565.713822122
0.501009338,2470230.385943554
0.501010242,2471894.859993897
0.501011146,2473559.132162526
0.501012051,2475223.198660860
0.501012958,2476887.055661560
0.501013865,2478550.699359525
0.501014774,2480214.125910683
0.501015684,2481877.331462484
0.501016595,2483540.312184907
0.501017507,2485203.064208630
0.501018420,2486865.583655841
0.501019334,2488527.866671554
0.501020249,2490189.909361158
0.501021166,2491851.707853071
0.501022084,2493513.258235866
0.501023002,2495174.556621345
0.501023922,2496835.599049382
0.501024843,2498496.381646905
0.501025765,2500156.900468794
0.501026689,2501817.151561386
0.501027613,2503477.130962472
0.501028539,2505136.834733690
0.501029465,2506796.258895934
0.501030393,2508455.399494162
0.501031322,2510114.252532356
0.501032252,2511772.814038767
0.501033183,2513431.080000452
0.501034116,2515089.046428945
0.501035049,2516746.709294355
0.501035984,2518404.064558200
0.501036920,2520061.108206796
0.501037857,2521717.836184689
0.501038795,2523374.244461438
0.501039734,2525030.328964600
0.501040675,2526686.085613116
0.501041616,2528341.510351268
0.501042559,2529996.599115055
0.501043503,2531651.347763821
0.501044448,2533305.752250836
0.501045394,2534959.808418176
0.501046342,2536613.512202527
0.501047290,2538266.859428680
0.501048240,2539919.845981961
0.501049191,2541572.467739386
0.501050143,2543224.720534672
0.501051096,2544876.600227989
0.501052051,2546528.102600739
0.501053006,2548179.223531338
0.501053963,2549829.958819312
0.501054921,2551480.304255513
0.501055880,2553130.255657810
0.501056841,2554779.808799935
0.501057802,2556428.959482863
0.501058765,2558077.703463186
0.501059729,2559726.036524977
0.501060694,2561373.954407679
0.501061660,2563021.452878449
0.501062628,2564668.527659564
0.501063597,2566315.174501259
0.501064567,2567961.389108639
0.501065538,2569607.167178097
0.501066510,2571252.504471363
0.501067484,2572897.396630727
0.501068458,2574541.839363943
0.501069434,2576185.828370405
0.501070411,2577829.359303630
0.501071390,2579472.427808402
0.501072369,2581115.029596312
0.501073350,2582757.160257271
0.501074332,2584398.815448124
0.501075315,2586039.990817346
0.501076300,2587680.681966769
0.501077286,2589320.884527877
0.501078273,2590960.594085258
0.501079261,2592599.806214744
0.501080250,2594238.516560981
0.501081241,2595876.720643884
0.501082232,2597514.414091346
0.501083226,2599151.592405760
0.501084220,2600788.251198260
0.501085215,2602424.385953703
0.501086212,2604059.992266470
0.501087210,2605695.065643562
0.501088210,2607329.601583209
0.501089210,2608963.595614821
0.501090212,2610597.043219333
0.501091215,2612229.939909121
0.501092219,2613862.281188174
0.501093225,2615494.062511608
0.501094231,2617125.279366372
0.501095240,2618755.927190277
0.501096249,2620386.001412346
0.501097259,2622015.497534852
0.501098271,2623644.410969762
0.501099284,2625272.737120264
0.501100299,2626900.471422167
0.501101314,2628527.609261334
0.501102331,2630154.146056524
0.501103349,2631780.077218109
0.501104369,2633405.398106096
0.501105390,2635030.104113800
0.501106412,2636654.190583896
0.501107435,2638277.652892649
0.501108460,2639900.486365402
0.501109485,2641522.686361366
0.501110513,2643144.248231355
0.501111541,2644765.167274846
0.501112571,2646385.438825605
0.501113602,2648005.058165773
0.501114634,2649624.020612057
0.501115668,2651242.321472780
0.501116703,2652859.956004214
0.501117739,2654476.919453830
0.501118776,2656093.207104228
0.501119815,2657708.814229623
0.501120855,2659323.736095848
0.501121897,2660937.967915977
0.501122940,2662551.504894273
0.501123984,2664164.342270860
0.501125029,2665776.475277475
0.501126076,2667387.899137482
0.501127124,2668998.609020762
0.501128173,2670608.600088385
0.501129224,2672217.867583417
0.501130276,2673826.406604334
0.501131329,2675434.212377469
0.501132384,2677041.280029522
0.501133440,2678647.604678386
0.501134497,2680253.181525446
0.501135556,2681858.005671566
0.501136616,2683462.072208805
0.501137677,2685065.376267021
0.501138740,2686667.912967709
0.501139804,2688269.677377106
0.501140869,2689870.664599705
0.501141936,2691470.869731642
0.501143004,2693070.287813347
0.501144074,2694668.913923965
0.501145145,2696266.743134298
0.501146217,2697863.770458979
0.501147290,2699459.990951827
0.501148365,2701055.399610186
0.501149441,2702649.991470907
0.501150519,2704243.761562507
0.501151598,2705836.704905175
0.501152678,2707428.816462006
0.501153760,2709020.091187308
0.501154843,2710610.524124783
0.501155928,2712200.110211785
0.501157014,2713788.844376891
0.501158101,2715376.721639037
0.501159189,2716963.736909863
0.501160279,2718549.885092232
0.501161371,2720135.161130290
0.501162464,2721719.559959889
0.501163558,2723303.076508590
0.501164653,2724885.705645121
0.501165750,2726467.442280153
0.501166849,2728048.281316080
0.501167949,2729628.217595981
0.501169050,2731207.246005387
0.501170153,2732785.361421553
0.501171257,2734362.558661943
0.501172362,2735938.832586971
0.501173469,2737514.178048799
0.501174577,2739088.589839297
0.501175687,2740662.062793807
0.501176798,2742234.591739429
0.501177910,2743806.171442477
0.501179024,2745376.796713253
0.501180140,2746946.462353837
0.501181257,2748515.163158081
0.501182375,2750082.893858389
0.501183495,2751649.649231856
0.501184616,2753215.423993792
0.501185738,2754780.212958298
0.501186862,2756344.010823938
0.501187988,2757906.812280579
0.501189115,2759468.612117930
0.501190243,2761029.405009143
0.501191373,2762589.185673299
0.501192504,2764147.948766512
0.501193637,2765705.689046168
0.501194771,2767262.401096555
0.501195906,2768818.079658761
0.501197044,2770372.719410738
0.501198182,2771926.314966610
0.501199322,2773478.860931843
0.501200464,2775030.352015350
0.501201607,2776580.782805987
0.501202751,2778130.147940377
0.501203897,2779678.442047031
0.501205044,2781225.659746361
0.501206193,2782771.795593726
0.501207344,2784316.844193000
0.501208496,2785860.800082649
0.501209649,2787403.657907553
0.501210804,2788945.412189660
0.501211960,2790486.057500203
0.501213118,2792025.588344293
0.501214277,2793563.999334960
0.501215438,2795101.284960848
0.501216601,2796637.439760655
0.501217765,2798172.458206233
0.501218930,2799706.334878886
0.501220097,2801239.064234056
0.501221265,2802770.640778022
0.501222435,2804301.058949486
0.501223607,2805830.313238380
0.501224780,2807358.398186617
0.501225954,2808885.308148224
0.501227130,2810411.037649200
0.501228308,2811935.581087055
0.501229487,2813458.932972274
0.501230668,2814981.087686086
0.501231850,2816502.039601231
0.501233034,2818021.783204612
0.501234219,2819540.312852739
0.501235406,2821057.622955365
0.501236594,2822573.707914347
0.501237784,2824088.562061532
0.501238976,2825602.179844955
0.501240169,2827114.555580317
0.501241363,2828625.683637597
0.501242559,2830135.558316003
0.501243757,2831644.174032562
0.501244956,2833151.525070401
0.501246157,2834657.605767768
0.501247360,2836162.410455092
0.501248564,2837665.933391063
0.501249769,2839168.168954268
0.501250977,2840669.111387402
0.501252185,2842168.754989348
0.501253396,2843667.094051222
0.501254608,2845164.122791413
0.501255821,2846659.835485147
0.501257037,2848154.226465293
0.501258253,2849647.289926410
0.501259472,2851139.020054736
0.501260692,2852629.411160236
0.501261913,2854118.457413327
0.501263136,2855606.153042572
0.501264361,2857092.492268865
0.501265588,2858577.469305438
0.501266816,2860061.078357865
0.501268045,2861543.313556791
0.501269277,2863024.169092123
0.501270510,2864503.639146149
0.501271744,2865981.717893547
0.501272980,2867458.399501404
0.501274218,2868933.678060841
0.501275458,2870407.547723384
0.501276699,2871880.002701800
0.501277942,2873351.037063876
0.501279186,2874820.644869225
0.501280432,2876288.820308256
0.501281680,2877755.557425104
0.501282929,2879220.850395602
0.501284180,2880684.693248444
0.501285433,2882147.080004208
0.501286687,2883608.004816553
0.501287943,2885067.461761507
0.501289201,2886525.444836611
0.501290461,2887981.948102605
0.501291722,2889436.965612812
0.501292984,2890890.491413152
0.501294249,2892342.519542155
0.501295515,2893793.044030975
0.501296783,2895242.058830984
0.501298052,2896689.557958193
0.501299323,2898135.535421280
0.501300596,2899579.985221592
0.501301871,2901022.901353168
0.501303147,2902464.277802749
0.501304425,2903904.108475975
0.501305705,2905342.387418653
0.501306987,2906779.108521423
0.501308270,2908214.265741540
0.501309555,2909647.853029029
0.501310841,2911079.864326697
0.501312130,2912510.293494914
0.501313420,2913939.134537142
0.501314712,2915366.381298908
0.501316005,2916792.027693866
0.501317300,2918216.067628519
0.501318597,2919638.495002245
0.501319896,2921059.303707306
0.501321197,2922478.487628866
0.501322499,2923896.040567822
0.501323803,2925311.956472160
0.501325109,2926726.229128161
0.501326417,2928138.852392287
0.501327726,2929549.820113980
0.501329037,2930959.126135667
0.501330350,2932366.764214116
0.501331665,2933772.728256249
0.501332981,2935177.012083559
0.501334299,2936579.609431168
0.501335619,2937980.514106233
0.501336941,2939379.719908995
0.501338265,2940777.220632797
0.501339590,2942173.010064090
0.501340918,2943567.081982467
0.501342247,2944959.430079708
0.501343577,2946350.048202460
0.501344910,2947738.930028333
0.501346245,2949126.069390871
0.501347581,2950511.459953579
0.501348919,2951895.095454708
0.501350259,2953276.969625765
0.501351601,2954657.076108738
0.501352944,2956035.408704234
0.501354290,2957411.961123606
0.501355637,2958786.726987937
0.501356986,2960159.700078580
0.501358337,2961530.874002771
0.501359690,2962900.242444741
0.501361045,2964267.799082101
0.501362401,2965633.537585866
0.501363759,2966997.451620465
0.501365120,2968359.534843768
0.501366482,2969719.780821377
0.501367846,2971078.183283594
0.501369212,2972434.735782437
0.501370579,2973789.431949208
0.501371949,2975142.265495558
0.501373321,2976493.229953260
0.501374694,2977842.318934249
0.501376069,2979189.526044043
0.501377446,2980534.844881760
0.501378826,2981878.268951924
0.501380207,2983219.791928900
0.501381590,2984559.407392714
0.501382974,2985897.108828015
0.501384361,2987232.889801693
0.501385750,2988566.743963976
0.501387140,2989898.664779797
0.501388533,2991228.645797239
0.501389927,2992556.680558156
0.501391324,2993882.762598189
0.501392722,2995206.885446788
0.501394122,2996529.042535882
0.501395525,2997849.227473719
0.501396929,2999167.433771289
0.501398335,3000483.654841249
0.501399743,3001797.884181865
0.501401153,3003110.115378134
0.501402565,3004420.341823611
0.501403979,3005728.556998400
0.501405395,3007034.754376581
0.501406813,3008338.927426252
0.501408233,3009641.069609531
0.501409655,3010941.174382580
0.501411079,3012239.235100739
0.501412504,3013535.245302991
0.501413932,3014829.198427770
0.501415362,3016121.087811823
0.501416794,3017410.906881320
0.501418228,3018698.649153024
0.501419664,3019984.307945277
0.501421102,3021267.876666823
0.501422542,3022549.348720636
0.501423984,3023828.717503946
0.501425428,3025105.976408254
0.501426874,3026381.118819361
0.501428322,3027654.138117384
0.501429772,3028925.027577876
0.501431224,3030193.780668320
0.501432679,3031460.390751914
0.501434135,3032724.851086412
0.501435593,3033987.155023284
0.501437054,3035247.296008936
0.501438516,3036505.267283504
0.501439981,3037761.062181869
0.501441448,3039014.674033412
0.501442916,3040266.096162055
0.501444387,3041515.321886276
0.501445860,3042762.344519128
0.501447335,3044007.157368264
0.501448812,3045249.753735962
0.501450292,3046490.126815737
0.501451773,3047728.270002342
0.501453256,3048964.176477988
0.501454742,3050197.839627490
0.501456230,3051429.252621840
0.501457719,3052658.408836011
0.501459211,3053885.301429864
0.501460705,3055109.923662883
0.501462202,3056332.268789377
0.501463700,3057552.330058505
0.501465201,3058770.100714289
0.501466703,3059985.573995653
0.501468208,3061198.743136427
0.501469715,3062409.601257615
0.501471224,3063618.141690477
0.501472736,3064824.357653738
0.501474249,3066028.242252316
0.501475765,3067229.788803534
0.501477283,3068428.990401705
0.501478803,3069625.840354980
0.501480325,3070820.331747152
0.501481850,3072012.457766739
0.501483376,3073202.211597412
0.501484905,3074389.586418010
0.501486437,3075574.575402567
0.501487970,3076757.171720331
0.501489505,3077937.368535796
0.501491043,3079115.159008721
0.501492583,3080290.536181103
0.501494126,3081463.493316098
0.501495670,3082634.023559403
0.501497217,3083802.119937937
0.501498766,3084967.775587522
0.501500317,3086130.983754253
0.501501871,3087291.737450179
0.501503427,3088450.029797412
0.501504985,3089605.853913542
0.501506545,3090759.203028008
0.501508108,3091910.070133343
0.501509673,3093058.448216626
0.501511240,3094204.330494434
0.501512810,3095347.710062111
0.501514382,3096488.580010624
0.501515956,3097626.933307989
0.501517532,3098762.763154824
0.501519111,3099896.062791083
0.501520692,3101026.825002902
0.501522276,3102155.042859063
0.501523862,3103280.709544614
0.501525450,3104403.817999648
0.501527041,3105524.361280314
0.501528633,3106642.332438601
0.501530229,3107757.724522357
0.501531826,3108870.530575322
0.501533426,3109980.743637145
0.501535029,3111088.356620173
0.501536634,3112193.362678920
0.501538241,3113295.754840915
0.501539850,3114395.526005266
0.501541462,3115492.669315704
0.501543076,3116587.177662625
0.501544693,3117679.044057067
0.501546312,3118768.261632197
0.501547934,3119854.823265519
0.501549558,3120938.721956453
0.501551184,3122019.950700591
0.501552813,3123098.502489728
0.501554445,3124174.370183814
0.501556079,3125247.546894907
0.501557715,3126318.025603544
0.501559353,3127385.799157256
0.501560995,3128450.860658227
0.501562638,3129513.202945816
0.501564284,3130572.818985194
0.501565933,3131629.701868907
0.501567584,3132683.844424224
0.501569238,3133735.239605563
0.501570894,3134783.880363799
0.501572552,3135829.759646296
0.501574214,3136872.870396926
0.501575877,3137913.205422570
0.501577543,3138950.757793436
0.501579212,3139985.520308677
0.501580883,3141017.486032548
0.501582557,3142046.647756569
0.501584233,3143072.998403444
0.501585912,3144096.531028685
0.501587594,3145117.238412515
0.501589278,3146135.113467731
0.501590965,3147150.148966419
0.501592654,3148162.337952048
0.501594346,3149171.673327707
0.501596040,3150178.147993296
0.501597737,3151181.754706316
0.501599436,3152182.486359627
0.501601139,3153180.335983099
0.501602844,3154175.296323518
0.501604551,3155167.360264443
0.501606261,3156156.520686377
0.501607974,3157142.770466796
0.501609689,3158126.102480160
0.501611407,3159106.509455072
0.501613128,3160083.984402633
0.501614851,3161058.520044602
0.501616577,3162030.109387145
0.501618306,3162998.745145271
0.501620038,3163964.420175090
0.501621772,3164927.127329854
0.501623509,3165886.859459982
0.501625248,3166843.609413074
0.501626990,3167797.370033938
0.501628735,3168748.134017031
0.501630483,3169695.894348924
0.501632233,3170640.643717632
0.501633987,3171582.374956224
0.501635743,3172521.080895077
0.501637501,3173456.754361898
0.501639263,3174389.388181738
0.501641027,3175318.975177023
0.501642794,3176245.508167567
0.501644564,3177168.979818647
0.501646336,3178089.383096569
0.501648112,3179006.710660498
0.501649890,3179920.955319214
0.501651671,3180832.109878979
0.501653455,3181740.167143562
0.501655242,3182645.119914253
0.501657031,3183546.960834444
0.501658823,3184445.682855680
0.501660619,3185341.278615478
0.501662417,3186233.741061573
0.501664218,3187123.062825673
0.501666021,3188009.236693788
0.501667828,3188892.255291069
0.501669638,3189772.111557057
0.501671450,3190648.798270764
0.501673266,3191522.308048832
0.501675084,3192392.633664869
0.501676905,3193259.768051340
0.501678729,3194123.703816513
0.501680557,3194984.433565066
0.501682387,3195841.950223518
0.501684220,3196696.246554299
0.501686056,3197547.315153881
0.501687895,3198395.148943820
0.501689737,3199239.740515178
0.501691581,3200081.082620891
0.501693429,3200919.167845823
0.501695280,3201753.989104300
0.501697134,3202585.539142912
0.501698991,3203413.810538580
0.501700851,3204238.796032874
0.501702714,3205060.488365306
0.501704580,3205878.880273336
0.501706449,3206693.964492387
0.501708322,3207505.733585502
0.501710197,3208314.180454121
0.501712075,3209119.297656149
0.501713957,3209921.077918109
0.501715841,3210719.513964552
0.501717729,3211514.598518053
0.501719619,3212306.324125475
0.501721513,3213094.683678939
0.501723410,3213879.669720275
0.501725311,3214661.274963405
0.501727214,3215439.492120323
0.501729120,3216214.313901119
0.501731030,3216985.732836744
0.501732943,3217753.741810412
0.501734859,3218518.333348117
0.501736778,3219279.500151481
0.501738700,3220037.234920253
0.501740626,3220791.530172124
0.501742555,3221542.378782990
0.501744487,3222289.773265634
0.501746422,3223033.706311454
0.501748361,3223774.170610007
0.501750303,3224511.158849013
0.501752248,3225244.663530539
0.501754196,3225974.677522134
0.501756148,3226701.193320980
0.501758103,3227424.203606548
0.501760061,3228143.700870201
0.501762023,3228859.677973721
0.501763987,3229572.127403589
0.501765956,3230281.041831051
0.501767927,3230986.413925531
0.501769902,3231688.236354634
0.501771881,3232386.501784154
0.501773862,3233081.202687388
0.501775848,3233772.331725533
0.501777836,3234459.881557963
0.501779828,3235143.844842234
0.501781823,3235824.214040831
0.501783822,3236500.982000577
0.501785824,3237174.141178999
0.501787830,3237843.684030162
0.501789839,3238509.603396359
0.501791852,3239171.891923171
0.501793868,3239830.542057151
0.501795888,3240485.546439181
0.501797911,3241136.897708281
0.501799937,3241784.588302426
0.501801968,3242428.610855886
0.501804001,3243068.958001045
0.501806039,3243705.622368388
0.501808079,3244338.596586496
0.501810124,3244967.873079472
0.501812172,3245593.444674287
0.501814223,3246215.303789808
0.501816279,3246833.442841253
0.501818337,3247447.854650785
0.501820400,3248058.531628286
0.501822466,3248665.466386641
0.501824536,3249268.651536720
0.501826609,3249868.079479266
0.501828686,3250463.743028879
0.501830767,3251055.634580796
0.501832851,3251643.746736678
0.501834940,3252228.071885129
0.501837031,3252808.602622564
0.501839127,3253385.331755667
0.501841226,3253958.251451391
0.501843330,3254527.354512498
0.501845437,3255092.633312192
0.501847547,3255654.080434985
0.501849662,3256211.688463153
0.501851780,3256765.449976719
0.501853902,3257315.357335893
0.501856028,3257861.403115029
0.501858158,3258403.579886151
0.501860292,3258941.879999144
0.501862429,3259476.296240731
0.501864571,3260006.820954485
0.501866716,3260533.446701735
0.501868865,3261056.165818513
0.501871019,3261574.970860062
0.501873176,3262089.854379088
0.501875337,3262600.808925728
0.501877502,3263107.826821605
0.501879671,3263610.900837186
0.501881844,3264110.023059756
0.501884021,3264605.186254839
0.501886202,3265096.382729035
0.501888387,3265583.605243920
0.501890576,3266066.845868265
0.501892770,3266546.097358414
0.501894967,3267021.352005265
0.501897168,3267492.602327874
0.501899374,3267959.840842304
0.501901583,3268423.059826910
0.501903797,3268882.251790489
0.501906015,3269337.409238714
0.501908237,3269788.524674088
0.501910463,3270235.590357933
0.501912694,3270678.598785095
0.501914928,3271117.542447106
0.501917167,3271552.413591656
0.501919410,3271983.204702304
0.501921658,3272409.908259135
0.501923909,3272832.516738708
0.501926165,3273251.022370136
0.501928425,3273665.417621555
0.501930690,3274075.694957403
0.501932959,3274481.846591918
0.501935232,3274883.864980754
0.501937509,3275281.742575691
0.501939791,3275675.471575500
0.501942078,3276065.044672726
0.501944368,3276450.454056319
0.501946664,3276831.691908964
0.501948963,3277208.750659623
0.501951267,3277581.622732977
0.501953576,3277950.300549380
0.501955889,3278314.776524767
0.501958206,3278675.042814380
0.501960528,3279031.091823854
0.501962855,3279382.915696151
0.501965186,3279730.506826289
0.501967522,3280073.857604503
0.501969862,3280412.960416158
0.501972207,3280747.807379923
0.501974557,3281078.390869895
0.501976911,3281404.703255064
0.501979270,3281726.736634644
0.501981634,3282044.483365830
0.501984002,3282357.935800447
0.501986375,3282667.086017418
0.501988753,3282971.926356234
0.501991135,3283272.449150730
0.501993522,3283568.646729006
0.501995914,3283860.511142010
0.501998311,3284148.034704735
0.502000713,3284431.209452861
0.502003120,3284710.027962127
0.502005531,3284984.482253862
0.502007947,3285254.564340699
0.502010369,3285520.266780985
0.502012795,3285781.581572346
0.502015226,3286038.500703359
0.502017662,3286291.016714038
0.502020103,3286539.121577262
0.502022549,3286782.807256495
0.502025000,3287022.066272430
0.502027456,3287256.890572111
0.502029917,3287487.272378246
0.502032384,3287713.203619556
0.502034855,3287934.676502256
0.502037332,3288151.683224834
0.502039813,3288364.215977923
0.502042300,3288572.266653419
0.502044792,3288775.827424423
0.502047289,3288974.890455784
0.502049792,3289169.447609983
0.502052299,3289359.491033507
0.502054813,3289545.012568017
0.502057331,3289726.004638343
0.502059854,3289902.459066189
0.502062383,3290074.367661583
0.502064918,3290241.722823909
0.502067458,3290404.516342327
0.502070003,3290562.740296680
0.502072553,3290716.386453129
0.502075109,3290865.446870451
0.502077671,3291009.913597404
0.502080238,3291149.778365155
0.502082810,3291285.033508978
0.502085389,3291415.670736873
0.502087972,3291541.681743463
0.502090562,3291663.058521869
0.502093157,3291779.793054180
0.502095757,3291891.877311285
0.502098363,3291999.302937069
0.502100975,3292102.061877909
0.502103593,3292200.146068431
0.502106217,3292293.547112098
0.502108846,3292382.256917891
0.502111481,3292466.267382471
0.502114122,3292545.570389981
0.502116768,3292620.157487742
0.502119421,3292690.020207307
0.502122079,3292755.150717461
0.502124744,3292815.540520823
0.502127414,3292871.181432713
0.502130091,3292922.065254702
0.502132773,3292968.183442748
0.502135461,3293009.527768635
0.502138156,3293046.089989748
0.502140857,3293077.861513332
0.502143563,3293104.834065626
0.502146276,3293126.999357781
0.502148995,3293144.349085639
0.502151721,3293156.874588725
0.502154452,3293164.567529826
0.502157190,3293167.419555700
0.502159934,3293165.421952050
0.502162685,3293158.566331083
0.502165441,3293146.844288217
0.502168205,3293130.247052984
0.502170974,3293108.766534904
0.502173750,3293082.393574296
0.502176533,3293051.120046262
0.502179322,3293014.937102210
0.502182117,3292973.836583525
0.502184920,3292927.809244574
0.502187728,3292876.846890138
0.502190544,3292820.940588945
0.502193366,3292760.081748393
0.502196195,3292694.261756059
0.502199030,3292623.471615043
0.502201873,3292547.702670526
0.502204722,3292466.946246943
0.502207578,3292381.193647683
0.502210441,3292290.435784542
0.502213310,3292194.663915983
0.502216187,3292093.869278457
0.502219071,3291988.043086071
0.502221961,3291877.176154021
0.502224859,3291761.259648818
0.502227764,3291640.284713621
0.502230676,3291514.242087035
0.502233595,3291383.123244921
0.502236521,3291246.918874307
0.502239455,3291105.620019456
0.502242396,3290959.217312377
0.502245344,3290807.702133399
0.502248299,3290651.065059945
0.502251262,3290489.296639560
0.502254232,3290322.388176555
0.502257210,3290150.330556667
0.502260195,3289973.114241399
0.502263188,3289790.730059152
0.502266188,3289603.168409969
0.502269196,3289410.420465002
0.502272212,3289212.476563167
0.502275235,3289009.327415220
0.502278266,3288800.963701949
0.502281305,3288587.376073743
0.502284351,3288368.554739910
0.502287406,3288144.490286584
0.502290468,3287915.173681852
0.502293539,3287680.594619119
0.502296617,3287440.744002925
0.502299704,3287195.611870612
0.502302798,3286945.189063463
0.502305901,3286689.465547487
0.502309011,3286428.431674438
0.502312130,3286162.077334755
0.502315258,3285890.393235212
0.502318393,3285613.369190799
0.502321537,3285330.995839132
0.502324690,3285043.262917620
0.502327851,3284750.160121776
0.502331020,3284451.677979297
0.502334198,3284147.806544001
0.502337384,3283838.535389168
0.502340579,3283523.854486909
0.502343783,3283203.753768779
0.502346996,3282878.223125183
0.502350217,3282547.252404795
0.502353448,3282210.831413954
0.502356687,3281868.949916049
0.502359935,3281521.597176053
0.502363192,3281168.762867186
0.502366458,3280810.436617830
0.502369734,3280446.608471824
0.502373016,3280077.469265648
0.502376303,3279703.433951740
0.502379593,3279324.517812489
0.502382887,3278940.735651773
0.502386185,3278552.103012147
0.502389487,3278158.634550785
0.502392792,3277760.344853579
0.502396102,3277357.249248323
0.502399415,3276949.362176304
0.502402733,3276536.698822882
0.502406054,3276119.273486130
0.502409380,3275697.100802456
0.502412709,3275270.194929588
0.502416043,3274838.570773708
0.502419380,3274402.242352003
0.502422722,3273961.224022867
0.502426068,3273515.530075630
0.502429418,3273065.174320644
0.502432772,3272610.171322252
0.502436131,3272150.534753494
0.502439494,3271686.278632199
0.502442861,3271217.416908734
0.502446232,3270743.963466307
0.502449608,3270265.931708606
0.502452987,3269783.335386979
0.502456372,3269296.188186530
0.502459761,3268804.503726434
0.502463154,3268308.295560240
0.502466551,3267807.576761348
0.502469954,3267302.361169664
0.502473360,3266792.661727934
0.502476771,3266278.491731612
0.502480187,3265759.863995408
0.502483608,3265236.792105218
0.502487033,3264709.288747352
0.502490462,3264177.367381662
0.502493897,3263641.040148782
0.502497336,3263100.320385135
0.502500780,3262555.220944314
0.502504228,3262005.754197888
0.502507682,3261451.932876718
0.502511140,3260893.770070673
0.502514603,3260331.277543581
0.502518071,3259764.468265121
0.502521544,3259193.354720887
0.502525022,3258617.948913140
0.502528505,3258038.263207865
0.502531993,3257454.309910866
0.502535486,3256866.101268038
0.502538984,3256273.649040947
0.502542487,3255676.965783010
0.502545996,3255076.063136157
0.502549509,3254470.953110517
0.502553028,3253861.647657502
0.502556552,3253248.158670055
0.502560082,3252630.497555122
0.502563616,3252008.676090858
0.502567156,3251382.706426465
0.502570702,3250752.599793933
0.502574252,3250118.367798760
0.502577809,3249480.021558881
0.502581370,3248837.572998254
0.502584938,3248191.033120152
0.502588510,3247540.413304409
0.502592089,3246885.724874625
0.502595673,3246226.979098360
0.502599263,3245564.187187375
0.502602858,3244897.359863423
0.502606459,3244226.508663667
0.502610066,3243551.644198102
0.502613679,3242872.777458723
0.502617297,3242189.919382730
0.502620922,3241503.080852720
0.502624552,3240812.272258959
0.502628189,3240117.504815411
0.502631831,3239418.788802889
0.502635479,3238716.134888967
0.502639134,3238009.553687576
0.502642794,3237299.055759187
0.502646461,3236584.651610998
0.502650134,3235866.351254845
0.502653813,3235144.165536257
0.502657499,3234418.104360147
0.502661190,3233688.178023842
0.502664888,3232954.396772275
0.502668593,3232216.770798166
0.502672304,3231475.310242189
0.502676021,3230730.024746314
0.502679745,3229980.924796531
0.502683475,3229228.019930206
0.502687212,3228471.320082899
0.502690956,3227710.835138936
0.502694707,3226946.574931566
0.502698464,3226178.549243125
0.502702228,3225406.767805192
0.502705998,3224631.239846402
0.502709776,3223851.975451701
0.502713560,3223068.983747530
0.502717352,3222282.274265310
0.502721150,3221491.856486442
0.502724956,3220697.739842435
0.502728768,3219899.933715055
0.502732588,3219098.447436464
0.502736415,3218293.289831214
0.502740249,3217484.470592947
0.502744091,3216671.998446162
0.502747940,3215855.882527327
0.502751796,3215036.131923960
0.502755659,3214212.755674759
0.502759530,3213385.762769714
0.502763409,3212555.162150244
0.502767295,3211720.962709310
0.502771189,3210883.172826427
0.502775091,3210041.801765297
0.502779000,3209196.857807487
0.502782917,3208348.349654676
0.502786842,3207496.285960657
0.502790774,3206640.675331427
0.502794715,3205781.526325320
0.502798664,3204918.847453090
0.502802621,3204052.647178029
0.502806585,3203182.933916060
0.502810558,3202309.715562413
0.502814540,3201433.000914221
0.502818529,3200552.797770723
0.502822527,3199669.114360687
0.502826533,3198781.959342892
0.502830548,3197891.340373219
0.502834571,3196997.265539992
0.502838603,3196099.742884880
0.502842643,3195198.780402995
0.502846692,3194294.386042960
0.502850750,3193386.567224633
0.502854817,3192475.332288530
0.502858892,3191560.689044254
0.502862977,3190642.644770059
0.502867070,3189721.207670712
0.502871173,3188796.384930370
0.502875284,3187868.184175625
0.502879405,3186936.612987130
0.502883535,3186001.679389656
0.502887674,3185063.390379826
0.502891823,3184121.753400841
0.502895981,3183176.775850185
0.502900149,3182228.465079686
0.502904326,3181276.827900538
0.502908513,3180321.872070766
0.502912710,3179363.604805490
0.502916916,3178402.033274341
0.502921132,3177437.164102342
0.502925359,3176469.004869840
0.502929595,3175497.562108951
0.502933841,3174522.843311444
0.502938098,3173544.854916616
0.502942364,3172563.604327811
0.502946641,3171579.097891584
0.502950929,3170591.342416232
0.502955226,3169600.344664820
0.502959535,3168606.111864205
0.502963854,3167608.650175594
0.502968183,3166607.966226484
0.502972524,3165604.066599189
0.502976875,3164596.957830860
0.502981237,3163586.646413483
0.502985610,3162573.138793888
0.502989995,3161556.441373735
0.502994390,3160536.560509520
0.502998797,3159513.501993027
0.503003215,3158487.272612459
0.503007644,3157457.878588751
0.503012085,3156425.326097628
0.503016538,3155389.621269584
0.503021002,3154350.769664129
0.503025478,3153308.777849524
0.503029966,3152263.651820435
0.503034466,3151215.396996611
0.503038979,3150164.019814173
0.503043503,3149109.526131680
0.503048039,3148051.921228738
0.503052588,3146991.211409090
0.503057149,3145927.401858652
0.503061723,3144860.498792751
0.503066309,3143790.507303358
0.503070909,3142717.433517214
0.503075521,3141641.282973855
0.503080146,3140562.060623759
0.503084784,3139479.772460422
0.503089435,3138394.423339764
0.503094099,3137306.019166173
0.503098777,3136214.564700584
0.503103468,3135120.065758017
0.503108173,3134022.527004037
0.503112892,3132921.954164023
0.503117624,3131818.351807776
0.503122371,3130711.725570710
0.503127131,3129602.079926441
0.503131906,3128489.420420075
0.503136694,3127373.751428579
0.503141498,3126255.078406374
0.503146315,3125133.406197214
0.503151148,3124008.739032164
0.503155995,3122881.082228847
0.503160857,3121750.439920374
0.503165734,3120616.817332621
0.503170626,3119480.219072166
0.503175533,3118340.649124073
0.503180456,3117198.112575672
0.503185394,3116052.613889590
0.503190348,3114904.157480152
0.503195318,3113752.747132782
0.503200303,3112598.387748175
0.503205305,3111441.083594811
0.503210323,3110280.838892228
0.503215357,3109117.657810833
0.503220408,3107951.544471711
0.503225476,3106782.502946436
0.503230560,3105610.537256891
0.503235661,3104435.651375046
0.503240779,3103257.849222763
0.503245915,3102077.134671577
0.503251068,3100893.511542488
0.503256238,3099706.983605729
0.503261426,3098517.554580540
0.503266632,3097325.230113149
0.503271856,3096130.011825562
0.503277099,3094931.903282699
0.503282359,3093730.908609725
0.503287638,3092527.030651952
0.503292936,3091320.273433892
0.503298253,3090110.640309825
0.503303589,3088898.133960551
0.503308944,3087682.758257653
0.503314319,3086464.516395383
0.503319713,3085243.411514060
0.503325127,3084019.446070745
0.503330561,3082792.623729236
0.503336015,3081562.947466115
0.503341490,3080330.420202740
0.503346985,3079095.045442784
0.503352501,3077856.825354830
0.503358038,3076615.762692451
0.503363596,3075371.860152566
0.503369175,3074125.121022212
0.503374776,3072875.547233263
0.503380399,3071623.141962299
0.503386044,3070367.907674697
0.503391711,3069109.846120430
0.503397401,3067848.960307507
0.503403113,3066585.252524155
0.503408848,3065318.724998672
0.503414607,3064049.379898968
0.503420389,3062777.219332106
0.503426194,3061502.246015823
0.503432024,3060224.461258408
0.503437878,3058943.866981476
0.503443756,3057660.465723796
0.503449658,3056374.259279810
0.503455586,3055085.248694655
0.503461539,3053793.436323674
0.503467517,3052498.823768029
0.503473521,3051201.412563311
0.503479551,3049901.204178969
0.503485607,3048598.200017704
0.503491690,3047292.402117380
0.503497800,3045983.811038895
0.503503937,3044672.428689433
0.503510101,3043358.255485930
0.503516293,3042041.293202378
0.503522514,3040721.542826582
0.503528762,3039399.005274998
0.503535039,3038073.681391957
0.503541346,3036745.571948953
0.503547682,3035414.678374302
0.503554047,3034081.000556928
0.503560442,3032744.539782181
0.503566868,3031405.295781121
0.503573325,3030063.269692998
0.503579813,3028718.461834757
0.503586332,3027370.872444761
0.503592883,3026020.502436143
0.503599466,3024667.351128839
0.503606082,3023311.419281431
0.503612731,3021952.706042984
0.503619414,3020591.212013811
0.503626130,3019226.936940443
0.503632880,3017859.880484070
0.503639665,3016490.042219459
0.503646486,3015117.422417880
0.503653341,3013742.019689369
0.503660233,3012363.834134713
0.503667161,3010982.864971176
0.503674126,3009599.111323875
0.503681129,3008212.572224550
0.503688169,3006823.246610258
0.503695247,3005431.134134721
0.503702365,3004036.233541170
0.503709521,3002638.542652919
0.503716718,3001238.060840688
0.503723955,2999834.787377645
0.503731233,2998428.719768596
0.503738552,2997019.856249036
0.503745914,2995608.195792341
0.503753318,2994193.736419798
0.503760765,2992776.476043386
0.503768256,2991356.412464084
0.503775791,2989933.544233392
0.503783372,2988507.868056402
0.503790998,2987079.382263814
0.503798671,2985648.084194411
0.503806390,2984213.971950542
0.503814157,2982777.041739481
0.503821972,2981337.291427874
0.503829837,2979894.716961748
0.503837751,2978449.316869305
0.503845716,2977001.086826170
0.503853732,2975550.023286117
0.503861800,2974096.123490012
0.503869921,2972639.383618530
0.503878095,2971179.799712141
0.503886324,2969717.367668580
0.503894608,2968252.084186576
0.503902948,2966783.944870388
0.503911346,2965312.945173363
0.503919801,2963839.080395069
0.503928315,2962362.346650307
0.503936889,2960882.737943611
0.503945523,2959400.250080345
0.503954220,2957914.878706777
0.503962979,2956426.617308370
0.503971802,2954935.461202826
0.503980690,2953441.404525263
0.503989644,2951944.441230499
0.503998665,2950444.566117648
0.504007754,2948941.772769920
0.504016912,2947436.054578492
0.504026142,2945927.404738234
0.504035443,2944415.817302987
0.504044817,2942901.285062680
0.504054266,2941383.800597542
0.504063791,2939863.357357759
0.504073392,2938339.946397478
0.504083073,2936813.560740183
0.504092834,2935284.193189406
0.504102676,2933751.835203702
0.504112601,2932216.478000615
0.504122611,2930678.112550802
0.504132707,2929136.730720019
0.504142892,2927592.322967873
0.504153166,2926044.879488099
0.504163532,2924494.391379873
0.504173991,2922940.848286023
0.504184545,2921384.239562267
0.504195197,2919824.555479690
0.504205948,2918261.784798528
0.504216800,2916695.915968206
0.504227756,2915126.938362677
0.504238817,2913554.839785857
0.504249987,2911979.608971905
0.504261266,2910401.233042461
0.504272659,2908819.698762057
0.504284166,2907234.993833174
0.504295792,2905647.104276997
0.504307537,2904056.015724934
0.504319407,2902461.714752621
0.504331402,2900864.186178898
0.504343526,2899263.415770115
0.504355783,2897659.387481292
0.504368175,2896052.086217300
0.504380706,2894441.495013374
0.504393379,2892827.597855872
0.504406198,2891210.375347062
0.504419166,2889589.811956461
0.504432288,2887965.888690013
0.504445567,2886338.585999944
0.504459007,2884707.885286479
0.504472613,2883073.765839843
0.504486389,2881436.207893861
0.504500340,2879795.191069575
0.504514470,2878150.691155617
0.504528786,2876502.688084582
0.504543292,2874851.157850563
0.504557993,2873196.075707037
0.504572896,2871537.417822200
0.504588007,2869875.159593534
0.504603331,2868209.273884602
0.504618875,2866539.734447201
0.504634647,2864866.512380102
0.504650654,2863189.579646546
0.504666902,2861508.907260997
0.504683401,2859824.463383974
0.504700158,2858136.216993269
0.504717183,2856444.135982786
0.504734484,2854748.185159140
0.504752071,2853048.330081231
0.504769955,2851344.535060867
0.504788147,2849636.761048729
0.504806657,2847924.969659415
0.504825498,2846209.121061185
0.504844683,2844489.173899966
0.504864225,2842765.083014639
0.504884139,2841036.803739482
0.504904440,2839304.289622010
0.504925144,2837567.492321144
0.504946269,2835826.361497133
0.504967833,2834080.842263124
0.504989855,2832330.882373981
0.505012356,2830576.422204245
0.505035360,2828817.404689683
0.505058890,2827053.764844979
0.505082972,2825285.437420110
0.505107634,2823512.354077797
0.505132905,2821734.446019773
0.505158820,2819951.635175278
0.505185411,2818163.845539478
0.505212718,2816370.994051608
0.505240782,2814572.993228450
0.505269648,2812769.750804753
0.505299365,2810961.169332346
0.505329987,2809147.149174235
0.505361573,2807327.581168311
0.505394189,2805502.349453866
0.505427906,2803671.334619199
0.505462805,2801834.409382399
0.505498975,2799991.429653469
0.505536515,2798142.253918067
0.505575536,2796286.721451748
0.505616166,2794424.663884762
0.505658546,2792555.899453923
0.505702839,2790680.231296355
0.505749233,2788797.445431707
0.505797942,2786907.308354585
0.505849217,2785009.564138332
0.505903352,2783103.936989829
0.505960693,2781190.114980401
0.506021656,2779267.757407655
0.506086740,2777336.481915251
0.506156560,2775395.855979814
0.506231874,2773445.385819979
0.506313642,2771484.519983156
0.506403102,2769512.593633084
0.506501883,2767528.840075015
0.506612195,2765532.332107278
0.506737143,2763521.950135823
0.506881281,2761496.249762401
0.507051688,2759453.371804143
0.507260250,2757390.754427114
0.507529290,2755304.583790258
0.507908842,2753188.452607851
0.508554765,2751028.774100594
0.510733279,2748760.805471776
0.512372084,2751040.079799243
0.514139209,2748820.880011311
0.516128908,2751006.255002229
0.517641046,2748919.453059216
0.520240144,2750812.696128517
0.521603746,2749154.530603530
0.526012678,2749491.357647414
0.527000758,2750489.202014080
0.529240760,2745919.227925947
0.530172076,2750322.054417783
0.532184641,2746546.946022760
0.533344640,2750460.955731406
0.534986347,2746697.483275903
0.536314391,2750601.673661761
0.537711118,2746828.296764185
0.539246858,2750744.743492067
0.540463345,2746958.415450464
0.542283271,2750894.552454508
0.543356172,2747096.127404775
0.545613471,2751059.842261945
0.546563331,2747250.560843973
0.549639128,2751260.277952968
0.550473323,2747441.117270921
0.555985598,2751577.350008230
0.556685417,2747748.039279605
0.577933755,2744956.598973210
0.579685688,2748891.715539038
0.580808871,2745097.649240662
0.582957988,2749050.025559695
0.583950934,2745249.886216460
0.586801407,2749239.169314313
0.587674963,2745431.229600206
0.592318404,2749512.995857238
0.593063224,2745696.310737940
0.620308862,2749097.915565370
0.620899021,2745270.438801680
0.623835245,2741562.348109802
0.624912689,2745466.987201191
0.626978492,2741718.340772177
0.628206333,2745627.498011454
0.629869338,2741860.556166514
0.631277278,2745776.876505747
0.632685065,2741998.522556036
0.634327033,2745924.971071351
0.635549017,2742138.582767355
0.637524359,2746080.376569768
0.638597998,2742287.605136975
0.641117124,2746255.602380759
0.642061956,2742457.330458386
0.645726692,2746481.597754297
0.646545494,2742677.900031217
0.655453201,2746962.254736341
0.656092163,2743151.545164568
0.660442844,2739529.044654956
0.661472311,2743416.149943104
0.663847568,2739696.850918071
0.665025110,2743589.599211799
0.666855187,2739843.604115484
0.668203115,2743744.208223586
0.669722382,2739983.450417055
0.671285447,2743894.089781363
0.672590261,2740122.982148569
0.674449433,2744047.923488244
0.675589368,2740269.155370487
0.677907244,2744216.400545755
0.678908976,2740431.275504589
0.682096686,2744421.372930559
0.682970152,2740630.349382111
0.688862251,2744753.989682109
0.689586081,2740956.972863818
0.704982470,2737892.673735378
0.706360339,2741792.462219514
0.707879238,2738037.456605028
0.709484391,2741942.870122451
0.710788696,2738180.074029026
0.712710113,2742098.968689674
0.713848434,2738329.439866502
0.716270469,2742271.742296779
0.717268689,2738496.369472085
0.720684130,2742487.494541727
0.721550151,2738706.204123382
0.728568518,2742875.287129535
0.729268862,2739087.256671271
0.737045855,2735654.522542593
0.738133263,2739524.999736900
0.740413869,2735820.326419114
0.741661952,2739696.603521753
0.743446091,2735968.265914780
0.744884640,2739853.018070598
0.746373637,2736110.578845044
0.748059924,2740006.907654072
0.749340659,2736254.700010696
0.751382695,2740168.296887064
0.752500069,2736408.407540110
0.755132960,2740350.596212696
0.756109866,2736584.494848826
0.760041901,2740590.517885356
0.760880763,2736818.335486759
0.772184869,2741189.284424219
0.772806471,2737408.229892310
0.775872285,2733751.781624751
0.777020174,2737613.675006422
0.779143383,2733911.703306983
0.780463426,2737780.802970681
0.782161800,2734058.330294074
0.783692911,2737937.306784754
0.785123529,2734202.031567153
0.786938829,2738094.630363980
0.788174071,2734350.203620438
0.790417752,2738263.333457926
0.791495472,2734511.661922964
0.794513779,2738462.564461112
0.795450882,2734704.690026565
0.800575840,2738758.964199906
0.801361280,2734994.675606370
0.849818027,2735849.937654371
0.850689629,2732112.075007633
0.861524992,2736445.409809359
0.862172803,2732682.505074736
0.865519465,2729051.099331117
0.866689243,2732900.223324846
0.868909661,2729222.742046617
0.870263484,2733072.454053630
0.872018219,2729374.937708393
0.873597477,2733233.066490095
0.875065675,2729522.796100440
0.876951546,2733394.892869906
0.878212847,2729675.347047095
0.880570622,2733569.766707671
0.881665619,2729842.772368111
0.884914110,2733780.529456147
0.885859542,2730046.870883040
0.891861306,2734119.650778083
0.892637213,2730378.816243174
0.908851643,2727402.059662863
0.910412826,2731257.890911654
0.911930056,2727555.165729294
0.913792973,2731418.917728022
0.915090966,2727709.373271132
0.917411518,2731592.719781126
0.918535561,2727876.433184254
0.921701229,2731800.156033724
0.922671133,2728077.423197584
0.928293544,2732120.756208175
0.929094623,2728391.266263386
0.956451827,2725974.226329225
0.960005256,2729934.043614908
0.960942643,2726201.726260277
0.968559161,2730321.083456652
0.969304591,2726606.634320265
0.976211999,2723208.961194711
0.977395965,2727001.768934806
0.979827737,2723373.810287817
0.981203780,2727186.704546254
0.983070528,2723527.939911484
0.984682840,2727354.807992014
0.986223686,2723679.190727581
0.988159226,2727522.324709152
0.989471695,2723835.573390812
0.991910525,2727703.096173624
0.993042261,2724007.933583328
0.996456325,2727922.811607055
0.997426296,2724220.318175015
1.004131606,2728296.039325393
1.004912989,2724585.579260191
1.015276294,2721348.243057824
1.016575699,2725156.629818468
1.018668056,2721514.472025857
1.020187370,2725329.863691740
1.021869399,2721669.221158853
1.023675686,2725497.297747114
1.025090284,2721824.457802642
1.027319125,2725672.169719747
1.028532553,2721990.452393490
1.031503147,2725873.623084406
1.032546318,2722184.304007784
1.037398119,2726158.885724333
1.038269114,2722462.142395012
1.066402182,2725940.377101345
1.067043482,2722240.471458291
1.069576130,2718637.121239875
1.070987877,2722430.389967896
1.072907043,2718796.751950290
1.074571260,2722602.432391592
1.076145160,2718951.969540898
1.078158817,2722774.653667982
1.079492884,2719112.695553775
1.082064057,2722962.225352712
1.083208542,2719291.576436432
1.086919327,2723196.039536080
1.087892062,2719517.808446635
1.096297259,2723650.650447206
1.097051396,2719963.545639914
1.102749717,2716521.054636190
1.103976677,2720299.100195238
1.106496854,2716702.868157607
1.107936856,2720489.024946168
1.109851041,2716864.172219448
1.111554624,2720662.231278514
1.113124852,2717021.243179213
1.115197912,2720836.647094782
1.116527909,2717184.483123729
1.119203162,2721028.475629052
1.120341897,2717367.812797712
1.124307104,2721273.977509744
1.125269513,2717605.567466629
1.135783287,2721830.283364632
1.136497144,2718151.743054373
1.140300720,2714627.182253507
1.141589172,2718396.851509536
1.143948657,2714802.835934959
1.145463987,2718582.395161178
1.147296526,2714963.368129654
1.149102816,2718756.278946648
1.150618361,2715122.495246236
1.152848741,2718935.371556615
1.154135512,2715291.135342502
1.157102609,2719138.900603102
1.158201274,2715486.401465129
1.162998766,2719422.699031624
1.163912295,2715762.080971676
1.189415565,2719626.841591136
1.190045680,2715959.374257553
1.192196106,2712369.598675763
1.193837656,2716140.709687655
1.195552845,2712529.739687847
1.197537692,2716317.339808699
1.198970579,2712692.858272405
1.201491385,2716506.214339624
1.202710211,2712871.770327450
1.206287052,2716735.795312821
1.207319025,2713093.097000029
1.214712109,2717140.860689526
1.215525180,2713489.481837474
1.223739355,2710201.321775182
1.225067954,2713950.853502440
1.227451923,2710380.136687335
1.229023256,2714139.346700053
1.230869392,2710543.634939273
1.232756976,2714317.118966112
1.234279614,2710706.433878896
1.236640259,2714501.977055789
1.237928514,2710880.699058941
1.241152635,2714717.236131983
1.242245564,2711087.329487193
1.247926746,2715042.488057921
1.248816983,2711403.673819291
1.284239877,2709440.276389300
1.323932424,2710037.021258033
1.325250557,2705855.639046520
1.327822998,2709839.733334097
1.329045000,2706114.855067295
1.332877623,2709989.091405699
1.333922442,2706359.835237389
1.342998739,2710435.292374459
1.343794427,2706828.322242261
1.349050212,2703448.171545114
1.350404970,2707145.087761448
1.352963291,2703624.636628178
1.354575577,2707344.129732315
1.356510650,2703790.494623128
1.358460955,2707528.707271653
1.360039062,2703956.968527575
1.362503407,2707720.502118225
1.363827821,2704136.479290511
1.367264315,2707946.657154988
1.368378082,2704352.845867686
1.374906601,2708311.365849602
1.375793877,2704707.791566891
1.389773643,2701736.631935421
1.391485299,2705464.121746889
1.393316590,2701908.266319007
1.395414068,2705648.428833581
1.396922151,2702080.049909200
1.399639523,2705847.493694650
1.400907123,2702269.384867333
1.404938880,2706097.942130372
1.405995312,2702511.440220598
1.416525454,2706651.229564523
1.417299663,2703053.126577118
1.421378267,2699616.818510108
1.422803723,2703314.309120202
1.425246067,2699800.773349937
1.426954775,2703510.260363696
1.428831793,2699970.424893821
1.430924798,2703697.337430006
1.432462292,2700142.105703794
1.435171069,2703897.608885464
1.436459603,2700331.117441389
1.440463794,2704148.065661700
1.441536023,2700572.149724199
1.451732116,2704684.142856144
1.452522095,2701097.149500833
1.456866396,2697684.042127698
1.458297400,2701370.923019097
1.460788302,2697869.885596974
1.462507287,2701569.390599526
1.464409456,2698040.622942261
1.466519177,2701758.284283482
1.468072340,2698213.368709033
1.470810728,2701960.309058927
1.472109408,2698404.094132870
1.476185290,2702214.129267512
1.477262947,2698648.312534593
1.488082924,2702779.359579236
1.488865725,2699201.941835197
1.492834878,2695779.919610926
1.494308172,2699459.149502957
1.496734467,2695964.561237096
1.498510266,2699656.741468552
1.500378343,2696136.128304385
1.502574012,2699847.530413583
1.504102749,2696311.631463605
1.506996902,2700055.321392303
1.508273572,2696508.268423116
1.512766618,2700327.229770839
1.513817384,2696770.595722588
1.530721563,2701180.318129912
1.531399294,2697609.326431025
1.533578088,2694112.998226684
1.535525047,2697802.861347375
1.537252179,2694285.735394507
1.539716360,2697999.171874141
1.541143563,2694468.718178960
1.544570759,2698227.134154656
1.545759122,2694686.198903500
1.552144123,2698583.960989780
1.553086547,2695033.052987642
1.570334212,2692262.293226984
1.572489843,2695960.170794249
1.574088816,2692441.935389511
1.576913624,2696165.076106864
1.578242227,2692638.100969306
1.582534892,2696427.366628337
1.583628427,2692891.988676030
1.596750644,2697098.857762856
1.597505894,2693550.528660313
1.600558024,2690114.172989945
1.602219129,2693771.188459851
1.604377077,2690293.449806790
1.606413159,2693966.997823404
1.608125944,2690469.030856414
1.610739977,2694168.826318662
1.612152675,2690657.685374801
1.615911243,2694410.681656220
1.617079482,2690888.899756992
1.625168605,2694845.919888383
1.626060558,2691312.952467330
1.633407644,2688089.048182649
1.634920345,2691730.793081198
1.637476101,2688280.845091301
1.639316395,2691935.777945018
1.641250970,2688457.442961831
1.643551847,2692133.077144267
1.645120011,2688638.255703129
1.648212899,2692350.275893853
1.649510891,2688843.768468145
1.654583935,2692648.017899673
1.655634627,2689131.327063418
1.684712622,2692697.457955670
1.685414307,2689172.413461349
1.687634576,2685722.335774133
1.689713280,2689372.391576536
1.691461155,2685900.297137921
1.694150074,2689578.593182623
1.695583730,2686092.265924357
1.699514566,2689828.107893203
1.700692471,2686330.821828199
1.709879367,2690313.218759534
1.710755323,2686803.701988538
1.716375297,2683520.910692111
1.717914052,2687138.525506580
1.720539935,2683715.573892370
1.722422304,2687347.710374073
1.724391378,2683894.852261181
1.726761835,2687548.706872578
1.728349546,2684078.868092577
1.731579102,2687772.062343325
1.732886141,2684289.984584931
1.738406774,2688089.576518535
1.739452042,2684596.711061988
1.784140021,2685933.769747290
1.785086625,2682455.972836764
1.793860632,2679356.499361267
1.795511469,2682941.135275520
1.797974679,2679539.852625746
1.800010364,2683150.074659974
1.801892775,2679718.691051309
1.804511981,2683358.589632094
1.806035743,2679909.470774751
1.809795125,2683603.171770737
1.811040760,2680141.187998760
1.818971636,2684029.125144389
1.819917558,2680554.681135284
1.828103827,2677421.744832673
1.829745444,2681012.589753393
1.832270377,2677615.674472644
1.834300250,2681222.197047099
1.836216051,2677798.174704876
1.838829307,2681430.220511583
1.840375124,2677990.275668914
1.844121380,2681673.882356844
1.845382772,2678221.845700693
1.853213779,2682094.289927310
1.854172246,2678630.295156427
1.862739399,2675524.303973089
1.864414449,2679106.390381090
1.866910746,2675718.226107433
1.868989805,2679316.228169512
1.870889703,2675901.789341168
1.873587166,2679526.991940113
1.875119813,2676096.589339055
1.879061579,2679778.454909299
1.880307652,2676335.993614536
1.889377881,2680254.502131069
1.890299340,2676799.387270140
1.896321766,2673584.640242068
1.897957322,2677153.335977201
1.900611460,2673782.699323376
1.902640469,2677367.903926376
1.904621179,2673967.193990612
1.907236761,2677578.067062131
1.908823301,2674160.207739276
1.912572870,2677822.462271709
1.913861886,2674392.005925309
1.921665263,2678241.063058007
1.922642130,2674797.887358760
1.931466838,2671721.715153560
1.933191156,2675285.985668802
1.935675444,2671916.516553051
1.937829797,2675497.662223296
1.939721470,2672102.428529314
1.942552225,2675712.978660690
1.944074829,2672302.016094918
1.948345843,2675977.835006113
1.949574541,2672554.703692095
1.961519835,2676583.769451923
1.962373746,2673146.199788173
1.966127570,2669845.658579367
1.967916793,2673399.783619259
1.970315984,2670037.538427837
1.972565481,2673611.592877870
1.974408753,2670224.698469155
1.977411506,2673832.250727375
1.978896671,2670429.861703613
1.983638190,2674116.410643301
1.984826840,2670701.757027519
2.004998242,2675098.112238258
2.005703883,2671665.715571083
2.007633696,2668292.642404068
2.010508516,2671883.867055999
2.012053552,2668494.147766758
2.016435920,2672153.502697042
2.017676136,2668751.048851448
2.030827880,2672812.319123148
2.031666433,2669394.451967000
2.034970727,2666092.865561721
2.036891689,2669631.873171164
2.039149995,2666283.216964811
2.041602643,2669845.332553532
2.043360639,2666474.628990459
2.046759161,2670078.928826941
2.048174470,2666693.735126635
2.054249057,2670419.338229270
2.055352156,2667021.530566228
2.090275526,2665177.178605692
2.105485008,2662598.981427303
2.107964830,2665878.244407779
2.109872171,2662707.907021808
2.113229243,2666158.695948320
2.114723729,2662884.427907968
2.120463315,2666534.720426809
2.121617034,2663184.042315999
2.165966931,2664184.471177700
2.167072767,2660715.688771047
2.195038669,2658093.000307295
2.198786853,2661677.994127277
2.200331418,2657405.287949325
2.203540495,2661218.101176329
2.205001163,2657717.429119641
2.210704698,2661419.604863271
2.211872803,2658043.103372460
2.264204080,2658835.809000473
2.265200356,2655649.638858190
2.270573183,2652740.276772890
2.272545469,2655964.074162696
2.275211877,2652844.989113940
2.277717288,2656212.335114670
2.279673899,2652998.385335347
2.283135489,2656474.740706360
2.284665124,2653201.749584183
2.290851753,2656841.430873354
2.292020140,2653525.842526405
2.326626586,2651754.444182076
2.338933987,2648663.605139446
2.340960010,2652466.685898548
2.343114472,2649049.897103937
2.345920314,2652626.098058136
2.347634921,2649294.727208491
2.351936468,2652854.234156064
2.353302622,2649555.144916156
2.365190157,2653406.954799521
2.366128556,2650116.104131793
2.370191767,2646970.795138931
2.372221847,2650383.802058844
2.374708639,2647163.315200096
2.377363427,2650610.082572344
2.379238295,2647359.098715905
2.383077530,2650861.987886385
2.384550282,2647590.954346687
2.392601082,2651284.066104757
2.393686080,2647994.087353680
2.402756840,2645063.188535545
2.404776178,2648484.151213021
2.407313671,2645263.284245339
2.409957259,2648710.985379131
2.411859475,2645462.310154780
2.415676806,2648961.614856842
2.417167613,2645695.299484216
2.425085811,2649375.747142255
2.426185467,2646093.141563266
2.435786442,2643190.756685333
2.437857951,2646608.965247298
2.440347341,2643391.885176614
2.443078257,2646836.802544800
2.444951886,2643593.895325865
2.448970437,2647094.008964917
2.450435603,2643834.510072012
2.459585992,2647559.971150477
2.460637957,2644284.195959911
2.467289252,2641258.311685635
2.469261818,2644663.332929899
2.471972484,2641464.433427153
2.474551277,2644893.853176585
2.476542440,2641664.650022736
2.480221611,2645140.538744866
2.481772361,2641893.571756532
2.488953468,2645521.871615521
2.490110296,2642259.615211304
2.503996443,2639560.182037077
2.506520205,2642984.823228592
2.508571991,2639763.097601766
2.512140839,2643227.482846370
2.513733022,2639989.582202881
2.520409779,2643585.744558108
2.521607418,2640334.401270844
2.542028596,2637926.708487448
2.546032136,2641424.417496742
2.547532839,2638176.181059944
2.556610185,2641867.849374715
2.557687461,2638620.975306883
2.564571319,2635628.301922375
2.566605486,2639009.646395622
2.569318489,2635837.692494408
2.572006772,2639242.157775370
2.573994865,2636041.415796093
2.577921653,2639496.551946215
2.579460290,2636278.695525840
2.587949545,2639929.847822363
2.589061880,2636696.366442556
2.597222175,2633772.068457489
2.599319154,2637142.321434182
2.601961124,2633978.676295549
2.604752788,2637375.730773563
2.606701392,2634183.917816977
2.610870426,2637638.325705202
2.612375115,2634429.306056631
2.622538765,2638140.874987411
2.623587791,2634915.583037620
2.629108518,2631886.938038083
2.631195026,2635243.802136965
2.633898893,2632093.988571554
2.636677204,2635478.582417426
2.638656546,2632298.868527996
2.642794311,2635740.531169761
2.644318558,2632542.632784779
2.654210841,2636231.559622519
2.655277440,2633016.459347880
2.661123270,2630010.309124185
2.663221917,2633358.146075893
2.665943662,2630218.509609476
2.668746219,2633593.939842722
2.670733061,2630424.177265244
2.674930784,2633857.763719683
2.676456975,2630669.898166345
2.686805060,2634365.986121280
2.687861239,2631161.153108453
2.693253192,2628145.298298141
2.695387798,2631483.454094249
2.698085481,2628352.816163534
2.700950626,2631720.034259448
2.702922980,2628559.895616031
2.707276569,2631988.745021155
2.708787639,2628810.664814673
2.720524973,2632553.983526003
2.721539284,2629358.113266673
2.725905775,2626308.434929164
2.728151738,2629639.496286487
2.730709795,2626513.597736544
2.733767658,2629877.461731235
2.735661621,2626724.550640134
2.740530316,2630163.800601229
2.741973680,2626993.523938148
2.761786709,2631068.404289456
2.762612631,2627877.166156291
2.764805405,2624746.769321135
2.768572490,2628128.745246861
2.770236729,2624977.152445687
2.777776922,2628517.923081679
2.778989909,2625349.413864665
2.791270790,2622653.888545295
2.793836351,2625984.278912164
2.796088336,2622860.955406995
2.799766986,2626232.492894706
2.801469033,2623089.710609787
2.808583896,2626602.495146532
2.809832753,2623444.532071064
2.825631830,2620904.147275051
2.828774294,2624256.787316832
2.830679211,2621123.184657102
2.835811702,2624547.585929262
2.837252228,2621402.774412682
2.865861122,2625800.818543576
2.866566893,2622640.329933508
2.868046306,2619515.144621272
2.889495095,2623603.299075578
2.890310139,2620453.458444094
2.892343307,2617357.108985275
2.897013281,2620731.756795723
2.898546192,2617616.288823077
2.914021529,2621440.835692881
2.914965335,2618305.082285101
2.917984906,2615258.428886476
2.920863580,2618549.143321295
2.922981514,2615466.417691042
2.927382160,2618818.626784938
2.928975210,2615715.723922646
2.940983753,2619382.300617313
2.942033964,2616260.707280976
2.946374171,2613278.551455776
2.948799144,2616540.409542284
2.951350866,2613485.274157840
2.954763957,2616785.988548621
2.956637112,2613704.228738699
2.962646703,2617110.642092923
2.964033119,2614010.858860265
3.015647803,2614420.049739108
3.016839671,2611342.055143416
3.024359844,2608532.504176168
3.026733075,2611745.465073071
3.029455277,2608734.520274373
3.032777545,2611992.546305269
3.034737833,2608947.469218202
3.040420666,2612305.288651978
3.041868884,2609238.025614250
3.082504431,2611794.165497781
3.083365000,2608710.718132235
3.085556158,2605683.689465624
3.090140964,2608983.772720601
3.091766399,2605936.514157269
3.105748095,2609615.400215301
3.106767402,2606548.301887719
3.110307321,2603585.727592687
3.113110233,2606803.742654898
3.115430007,2603793.451142385
3.119665438,2607067.032221518
3.121376837,2604034.053651587
3.131770303,2607554.560145689
3.132923436,2604502.331789094
3.138625173,2601636.161097832
3.141068070,2604830.693481736
3.143799659,2601845.883225590
3.147275763,2605078.938550862
3.149233335,2602065.042185266
3.155476109,2605406.633857179
3.156900973,2602374.117282120
3.207958099,2601338.954136744
3.209941646,2598375.960134504
3.216406407,2601679.621290348
3.217834186,2598683.584054068
3.253114732,2597061.375015262
3.259769836,2594189.253479929
3.262231862,2597435.401935893
3.264989104,2594436.082018787
3.268552567,2597678.312486980
3.270522149,2594672.168033957
3.277166419,2598006.836851955
3.278585038,2594999.466723891
3.305500903,2592974.366024578
3.325318437,2596855.272000066
3.326271838,2593514.432594444
3.329212797,2590157.477638747
3.332208307,2593666.079170838
3.334348290,2590504.232724529
3.339363375,2593885.132154162
3.340964630,2590817.149978138
3.365299189,2594753.278124044
3.366131123,2591785.339259760
3.367996481,2588860.878834735
3.377402481,2592222.428892436
3.378663068,2589270.849526344
3.385915350,2586554.632504486
3.388548733,2589651.021580366
3.391298896,2586760.207872521
3.395195272,2589905.134198497
3.397137953,2586983.794645222
3.405252404,2590290.049390911
3.406597812,2587347.405377777
3.417359592,2584768.951394866
3.420287158,2587875.683845319
3.422754248,2584977.563272085
3.427336488,2588143.185274337
3.429106195,2585221.731400527
3.442748242,2588728.375152004
3.443842294,2585787.144796110
3.447649793,2582951.264292120
3.450706848,2586047.505736556
3.453098611,2583159.532842644
3.458023255,2586323.629323501
3.459737354,2583412.467109752
3.478917019,2587114.193665681
3.479864637,2584180.287076509
3.482331923,2581305.875566277
3.487083275,2584451.171795041
3.488844007,2581552.595573832
3.504756736,2585115.119340150
3.505792011,2582194.993806521
3.508905049,2579354.913787169
3.512519534,2582446.316166603
3.514635820,2579570.856399213
3.521435679,2582778.817502914
3.522922070,2579882.758489901
3.547804893,2577863.410393789
3.563862246,2581545.756475831
3.564886092,2578568.509954244
3.567915610,2575655.289208745
3.571579018,2578812.556634019
3.573664383,2575898.494227992
3.580787251,2579140.078542634
3.582249197,2576233.970780599
3.600618997,2573930.451353353
3.605702713,2577220.496384442
3.607386902,2574241.598550798
3.633613880,2578113.544010847
3.634446107,2575237.644207861
3.636205673,2572397.416914972
3.658630840,2576111.963547585
3.659535785,2573249.745189923
3.661633697,2570432.580609194
3.669605262,2573611.104052356
3.671034691,2570773.707684888
3.682931900,2568314.717564435
3.686288208,2571330.553974743
3.688647860,2568525.324233887
3.694521319,2571623.304444439
3.696172685,2568798.931671917
3.744417909,2570891.913171140
3.745287504,2568069.294020876
3.747166502,2565284.585732814
3.762901249,2568688.746763390
3.763989327,2565879.576037143
3.767236572,2563148.208403535
3.771147116,2566129.454888763
3.773297997,2563361.411463753
3.781487664,2566489.396432272
3.782934082,2563700.118557363
3.794024272,2561248.674114723
3.797376442,2564210.323809486
3.799827047,2561455.266519735
3.805700574,2564497.842634573
3.807395708,2561721.845096936
3.856221217,2563908.998400581
3.857069930,2561132.744954790
3.858813337,2558388.990846315
3.905044314,2561492.052515309
3.905793025,2558730.909394752
3.907154484,2555992.095343549
3.913988473,2553437.257263136
3.917085323,2556326.913715581
3.919849162,2553637.494960538
3.924973320,2556588.410509737
3.926852676,2553874.198995438
3.950166940,2557420.129185528
3.951096916,2554686.118919187
3.953166046,2551991.012603451
3.965012436,2555140.501260251
3.966290447,2552426.891475889
3.971297745,2549835.844648893
3.974601461,2552699.503696917
3.977242272,2550033.987164746
3.982990520,2552971.005611256
3.984780638,2550282.832797202
4.033149965,2553315.973134232
4.033888485,2550617.290623084
4.035189823,2547938.041953512
4.040331466,2545380.539863391
4.043693957,2548209.252221213
4.046351347,2545576.669248585
4.052308185,2548479.217118655
4.054094973,2545825.381527802
4.106876243,2547722.422320377
4.107723383,2545071.899778334
4.109371555,2542446.898548490
4.129523765,2540379.305301392
4.138277168,2543419.585385039
4.139762954,2540730.599862856
4.149071641,2538272.768488821
4.152489079,2541164.000423429
4.155105951,2538496.932169138
4.161348231,2541437.602518853
4.163103008,2538770.530045402
4.226070061,2538454.329589856
4.227217557,2535926.225688403
4.230316935,2533449.642472995
4.235689396,2536150.794748493
4.237698498,2533652.590275024
4.268826403,2537007.332752062
4.269674107,2534502.208822052
4.271258098,2532015.780171395
4.281505446,2529742.353683741
4.285374129,2532398.091921952
4.287934027,2529922.390758671
4.295989709,2532668.570508079
4.297633283,2530184.284035681
4.310565404,2527974.266570420
4.315059936,2530674.043191435
4.317326742,2528170.868384856
4.329754912,2531053.637131514
4.331100326,2528550.566479109
4.335943470,2526131.985264859
4.339803370,2528780.220080944
4.342393615,2526314.784743117
4.350446807,2529045.254326571
4.352103488,2526576.014266895
4.365051267,2524368.722946726
4.369611245,2527071.477290078
4.371869581,2524570.917038947
4.385064192,2527463.665210149
4.386380733,2524970.634683304
4.390800650,2522549.013598411
4.394893243,2525191.070643246
4.397385196,2522735.976973045
4.406755173,2525476.747470823
4.408311439,2523025.433133574
4.416696177,2520722.143410930
4.420449066,2523344.995283495
4.423154360,2520905.945305850
4.430759880,2523589.600835362
4.432487303,2521152.909772221
4.448765008,2519025.684681252
4.454900997,2521840.681073693
4.456770067,2519285.262285263
4.526212427,2519619.965876155
4.527094724,2517231.423324388
4.528731535,2514853.109871670
4.538485784,2512615.003746098
4.542548761,2515204.384782374
4.545138278,2512802.251757768
4.554448801,2515459.597158452
4.556049361,2513076.487779574
4.564632717,2510813.500136801
4.568562837,2513389.661104574
4.571245701,2510999.798926434
4.579824168,2513626.531599915
4.581496408,2511256.256604535
4.592180148,2509035.658097230
4.596453445,2511648.984021270
4.598941572,2509232.761353122
4.609766469,2511936.193583595
4.611261214,2509547.209616403
4.617477295,2507236.196986440
4.621400031,2509789.938836555
4.624124140,2507422.148150312
4.632703799,2510015.491204557
4.634393420,2507673.114825894
4.645114507,2505463.202729367
4.649461875,2508064.024518382
4.651941716,2505662.158569895
4.663423604,2508353.413770009
4.664889740,2505985.964258137
4.670498955,2503679.527426860
4.674574941,2506206.767943140
4.677248758,2503864.716231850
4.686747480,2506430.609238345
4.688376217,2504124.629180469
4.696657959,2501895.497188255
4.700727591,2504410.417909868
4.703423434,2502080.336272222
4.712907279,2504626.706649499
4.714545987,2502336.325844682
4.722875683,2500114.940018474
4.726982013,2502620.939643286
4.729673019,2500299.975713674
4.739412103,2502834.765709864
4.741037865,2500557.832943685
4.748892190,2498337.223196363
4.752999508,2500822.911399909
4.755714582,2498520.446733569
4.765481859,2501025.279294894
4.767117133,2498772.141705842
4.774953035,2496562.742249870
4.779100338,2499030.659433977
4.781815586,2496744.850589159
4.791870685,2499224.633197680
4.793494750,2496995.044833028
4.800884757,2494793.111290572
4.805061557,2497231.778934986
4.807791973,2494972.292222383
4.818072489,2497408.775110980
4.819695366,2495215.263301309
4.826800992,2493028.582173531
4.831032819,2495432.450118055
4.833768817,2493204.253354057
4.844469376,2495586.892025667
4.846080582,2493439.541401091
4.852701567,2491272.033415081
4.857021621,2493627.895618603
4.859756281,2491442.994618602
4.871175028,2493745.554610623
4.872763018,2491666.637791559
4.878711726,2489530.622315536
4.883217472,2491812.941005364
4.885922980,2489695.070050992
4.899093736,2491852.509377979
4.900617864,2489898.073004815
4.905431442,2487828.313522576
4.910575970,2489963.999618096
4.913127767,2487984.307768219
4.937760049,2489590.988820695
4.938955880,2488050.936071406
4.941293954,2486294.918888065
5.002640360,2481402.722238016
5.003653564,2482679.970143059
5.005718014,2482754.079021274
5.010172384,2480129.882789137
5.014368668,2483009.215575444
5.016834475,2480441.655699878
5.028399058,2483313.602890428
5.029853228,2480857.191608564
5.035115698,2478453.611326721
5.039387474,2481110.727613326
5.041973022,2478697.757182286
5.053620649,2481389.699879169
5.055113240,2479050.527991424
5.060481091,2476750.785586979
5.064945239,2479273.316188916
5.067541327,2476963.763747138
5.080807761,2479519.420081721
5.082248207,2477292.513343161
5.086744029,2475071.221597294
5.091892566,2477454.559534088
5.094321709,2475261.399073949
5.120171781,2477669.342413486
5.121235580,2475646.319892734
5.123299935,2473588.343560895
5.146694433,2471362.343720326
5.155360896,2473956.439101107
5.157513492,2470189.495952707
5.164160477,2473082.419686305
5.166040882,2470542.933875479
5.191677909,2468385.841503626
5.200263063,2470002.752686634
5.203503518,2465630.062902378
5.206375333,2469243.407310467
5.209325206,2466440.744681418
5.215568958,2469419.836839747
5.217485508,2466825.303013540
5.255973484,2464782.412165783
5.260013516,2463763.008210962
5.266315262,2462539.854205810
5.268888768,2464345.712880810
5.273094566,2461206.956130860
5.276786928,2464476.389335205
5.279332470,2461735.262592973
5.288912592,2464676.740234273
5.290497632,2462167.021003471
5.297598401,2459719.969043079
5.301703899,2462527.797392531
5.304341266,2460038.955726209
5.315513217,2462798.964890801
5.317040239,2460428.973456382
5.322622376,2458095.276995656
5.327168111,2460680.996303866
5.329752400,2458345.049728165
5.344902412,2460958.646591929
5.346264690,2458735.061254551
5.349947165,2456509.191313541
5.356629067,2458890.490248933
5.358739968,2456726.321052740
5.390991268,2454652.260909557
5.397527570,2454229.445534066
5.401058490,2452531.389280463
5.405394836,2455607.672563598
5.407858244,2452158.582058209
5.414102888,2455213.534411468
5.416017525,2452594.834920855
5.447610086,2450307.784433894
5.447612609,2446750.515373820
5.447615132,2443201.866251622
5.447617655,2439661.805656820
5.447620178,2436130.302376160
5.447622701,2432607.325391407
5.447625224,2429092.843877173
5.447627748,2425586.827198789
5.447630271,2422089.244910202
5.447632795,2418600.066751920
5.447635319,2415119.262648986
5.447637843,2411646.802708983
5.447640367,2408182.657220079
5.447642891,2404726.796649104
5.447645415,2401279.191639649
5.447647940,2397839.813010213
5.447650464,2394408.631752367
5.447652989,2390985.619028945
5.447655514,2387570.746172285
5.447658039,2384163.984682474
5.447660565,2380765.306225639
5.447663090,2377374.682632252
5.447665616,2373992.085895470
5.447668142,2370617.488169503
5.447670668,2367250.861767997
5.447673194,2363892.179162455
5.447675721,2360541.412980671
5.447678248,2357198.536005196
5.447680775,2353863.521171826
5.447683302,2350536.341568113
5.447685829,2347216.970431891
5.447688357,2343905.381149840
5.447690885,2340601.547256054
5.447693413,2337305.442430648
5.447695941,2334017.040498367
5.447698470,2330736.315427229
5.447700999,2327463.241327191
5.447703528,2324197.792448814
5.447706058,2320939.943181972
5.447708587,2317689.668054565
5.447711118,2314446.941731250
5.447713648,2311211.739012203
5.447716178,2307984.034831881
5.447718709,2304763.804257820
5.447721241,2301551.022489430
5.447723772,2298345.664856826
5.447726304,2295147.706819662
5.447728836,2291957.123965988
5.447731368,2288773.892011119
5.447733901,2285597.986796523
5.447736434,2282429.384288722
5.447738968,2279268.060578208
5.447741501,2276113.991878373
5.447744035,2272967.154524456
5.447746570,2269827.524972505
5.447749105,2266695.079798345
5.447751640,2263569.795696567
5.447754175,2260451.649479534
5.447756711,2257340.618076385
5.447759247,2254236.678532071
5.447761784,2251139.808006390
5.447764321,2248049.983773034
5.447766858,2244967.183218663
5.447769396,2241891.383841972
5.447771934,2238822.563252786
5.447774472,2235760.699171152
5.447777011,2232705.769426455
5.447779550,2229657.751956540
5.447782090,2226616.624806840
5.447784630,2223582.366129525
5.447787170,2220554.954182654
5.447789711,2217534.367329340
5.447792252,2214520.584036926
5.447794794,2211513.582876166
5.447797336,2208513.342520429
5.447799878,2205519.841744894
5.447802421,2202533.059425770
5.447804965,2199552.974539519
5.447807508,2196579.566162089
5.447810053,2193612.813468155
5.447812597,2190652.695730371
5.447815142,2187699.192318632
5.447817688,2184752.282699340
5.447820234,2181811.946434683
5.447822781,2178878.163181919
5.447825328,2175950.912692671
5.447827875,2173030.174812233
5.447830423,2170115.929478873
5.447832971,2167208.156723154
5.447835520,2164306.836667262
5.447838069,2161411.949524335
5.447840619,2158523.475597812
5.447843169,2155641.395280770
5.447845720,2152765.689055289
5.447848271,2149896.337491810
5.447850823,2147033.321248507
5.447853375,2144176.621070660
5.447855928,2141326.217790045
5.447858481,2138482.092324320
5.447861035,2135644.225676422
5.447863590,2132812.598933973
5.447866144,2129987.193268684
5.447868700,2127167.989935783
5.447871256,2124354.970273423
5.447873812,2121548.115702123
5.447876369,2118747.407724196
5.447878926,2115952.827923192
5.447881484,2113164.357963344
5.447884043,2110381.979589018
5.447886602,2107605.674624179
5.447889161,2104835.424971845
5.447891722,2102071.212613563
5.447894282,2099313.019608882
5.447896844,2096560.828094831
5.447899405,2093814.620285409
5.447901968,2091074.378471070
5.447904531,2088340.085018225
5.447907094,2085611.722368738
5.447909658,2082889.273039435
5.447912223,2080172.719621613
5.447914788,2077462.044780557
5.447917354,2074757.231255061
5.447919921,2072058.261856952
5.447922488,2069365.119470623
5.447925055,2066677.787052562
5.447927623,2063996.247630897
5.447930192,2061320.484304937
5.447932762,2058650.480244722
5.447935332,2055986.218690571
5.447937902,2053327.682952644
5.447940473,2050674.856410499
5.447943045,2048027.722512662
5.447945618,2045386.264776193
5.447948191,2042750.466786259
5.447950765,2040120.312195711
5.447953339,2037495.784724670
5.447955914,2034876.868160108
5.447958489,2032263.546355439
5.447961066,2029655.803230108
5.447963642,2027053.622769199
5.447966220,2024456.989023021
5.447968798,2021865.886106723
5.447971377,2019280.298199896
5.447973956,2016700.209546190
5.447976536,2014125.604452920
5.447979117,2011556.467290696
5.447981699,2008992.782493033
5.447984281,2006434.534555987
5.447986863,2003881.708037776
5.447989447,2001334.287558417
5.447992031,1998792.257799354
5.447994615,1996255.603503106
5.447997201,1993724.309472903
5.447999787,1991198.360572332
5.448002374,1988677.741724983
5.448004961,1986162.437914104
5.448007549,1983652.434182250
5.448010138,1981147.715630945
5.448012728,1978648.267420339
5.448015318,1976154.074768873
5.448017909,1973665.122952939
5.448020500,1971181.397306559
5.448023093,1968702.883221045
5.448025686,1966229.566144683
5.448028279,1963761.431582405
5.448030874,1961298.465095467
5.448033469,1958840.652301136
5.448036065,1956387.978872374
5.448038662,1953940.430537523
5.448041259,1951497.993079998
5.448043857,1949060.652337979
5.448046456,1946628.394204105
5.448049055,1944201.204625175
5.448051655,1941779.069601847
5.448054256,1939361.975188337
5.448056858,1936949.907492135
5.448059461,1934542.852673698
5.448062064,1932140.796946171
5.448064668,1929743.726575095
5.448067273,1927351.627878125
5.448069878,1924964.487224740
5.448072484,1922582.291035971
5.448075091,1920205.025784116
5.448077699,1917832.677992465
5.448080307,1915465.234235030
5.448082917,1913102.681136266
5.448085527,1910745.005370808
5.448088138,1908392.193663198
5.448090749,1906044.232787622
5.448093362,1903701.109567646
5.448095975,1901362.810875956
5.448098589,1899029.323634094
5.448101203,1896700.634812206
5.448103819,1894376.731428782
5.448106435,1892057.600550405
5.448109052,1889743.229291500
5.448111670,1887433.604814080
5.448114289,1885128.714327503
5.448116908,1882828.545088223
5.448119529,1880533.084399549
5.448122150,1878242.319611401
5.448124772,1875956.238120066
5.448127394,1873674.827367965
5.448130018,1871398.074843413
5.448132642,1869125.968080389
5.448135267,1866858.494658291
5.448137893,1864595.642201717
5.448140520,1862337.398380229
5.448143148,1860083.750908123
5.448145776,1857834.687544209
5.448148406,1855590.196091579
5.448151036,1853350.264397389
5.448153667,1851114.880352632
5.448156299,1848884.031891925
5.448158931,1846657.706993283
5.448161565,1844435.893677909
5.448164199,1842218.580009973
5.448166834,1840005.754096401
5.448169470,1837797.404086664
5.448172107,1835593.518172561
5.448174745,1833394.084588020
5.448177384,1831199.091608880
5.448180023,1829008.527552692
5.448182664,1826822.380778510
5.448185305,1824640.639686687
5.448187947,1822463.292718679
5.448190590,1820290.328356835
5.448193234,1818121.735124208
5.448195879,1815957.501584348
5.448198524,1813797.616341111
5.448201171,1811642.068038465
5.448203818,1809490.845360288
5.448206466,1807343.937030187
5.448209116,1805201.331811298
5.448211766,1803063.018506100
5.448214417,1800928.985956226
5.448217068,1798799.223042275
5.448219721,1796673.718683627
5.448222375,1794552.461838258
5.448225029,1792435.441502556
5.448227685,1790322.646711140
5.448230341,1788214.066536675
5.448232999,1786109.690089699
5.448235657,1784009.506518439
5.448238316,1781913.505008634
5.448240976,1779821.674783361
5.448243637,1777734.005102859
5.448246299,1775650.485264354
5.448248962,1773571.104601887
5.448251626,1771495.852486144
5.448254290,1769424.718324281
5.448256956,1767357.691559760
5.448259623,1765294.761672176
5.448262290,1763235.918177092
5.448264958,1761181.150625875
5.448267628,1759130.448605525
5.448270298,1757083.801738516
5.448272970,1755041.199682632
5.448275642,1753002.632130805
5.448278315,1750968.088810952
5.448280989,1748937.559485819
5.448283664,1746911.033952819
5.448286340,1744888.502043873
5.448289018,1742869.953625259
5.448291696,1740855.378597450
5.448294375,1738844.766894962
5.448297055,1736838.108486202
5.448299735,1734835.393373309
5.448302417,1732836.611592010
5.448305100,1730841.753211461
5.448307784,1728850.808334103
5.448310469,1726863.767095510
5.448313155,1724880.619664242
5.448315842,1722901.356241696
5.448318530,1720925.967061962
5.448321218,1718954.442391675
5.448323908,1716986.772529873
5.448326599,1715022.947807850
5.448329291,1713062.958589016
5.448331984,1711106.795268753
5.448334678,1709154.448274279
5.448337373,1707205.908064498
5.448340068,1705261.165129872
5.448342765,1703320.209992271
5.448345463,1701383.033204847
5.448348162,1699449.625351886
5.448350862,1697519.977048680
5.448353563,1695594.078941389
5.448356265,1693671.921706906
5.448358968,1691753.496052723
5.448361672,1689838.792716799
5.448364377,1687927.802467429
5.448367083,1686020.516103111
5.448369790,1684116.924452416
5.448372499,1682217.018373858
5.448375208,1680320.788755767
5.448377918,1678428.226516157
5.448380629,1676539.322602603
5.448383342,1674654.067992110
5.448386055,1672772.453690991
5.448388770,1670894.470734739
5.448391485,1669020.110187902
5.448394202,1667149.363143962
5.448396920,1665282.220725212
5.448399638,1663418.674082628
5.448402358,1661558.714395756
5.448405079,1659702.332872584
5.448407801,1657849.520749422
5.448410524,1656000.269290790
5.448413248,1654154.569789290
5.448415973,1652312.413565492
5.448418699,1650473.791967819
5.448421427,1648638.696372422
5.448424155,1646807.118183073
5.448426885,1644979.048831044
5.448429615,1643154.479774995
5.448432347,1641333.402500854
5.448435080,1639515.808521712
5.448437814,1637701.689377704
5.448440549,1635891.036635898
5.448443285,1634083.841890186
5.448446022,1632280.096761166
5.448448760,1630479.792896040
5.448451500,1628682.921968499
5.448454240,1626889.475678614
5.448456982,1625099.445752730
5.448459724,1623312.823943356
5.448462468,1621529.602029055
5.448465213,1619749.771814345
5.448467959,1617973.325129582
5.448470707,1616200.253830866
5.448473455,1614430.549799925
5.448476204,1612664.204944018
5.448478955,1610901.211195827
5.448481707,1609141.560513356
5.448484460,1607385.244879826
5.448487214,1605632.256303577
5.448489969,1603882.586817960
5.448492725,1602136.228481239
5.448495483,1600393.173376493
5.448498241,1598653.413611511
5.448501001,1596916.941318696
5.448503762,1595183.748654963
5.448506524,1593453.827801645
5.448509288,1591727.170964390
5.448512052,1590003.770373067
5.448514818,1588283.618281667
5.448517584,1586566.706968209
5.448520352,1584853.028734640
5.448523121,1583142.575906747
5.448525892,1581435.340834052
5.448528663,1579731.315889726
5.448531436,1578030.493470491
5.448534209,1576332.865996529
5.448536984,1574638.425911387
5.448539761,1572947.165681885
5.448542538,1571259.077798025
5.448545316,1569574.154772898
5.448548096,1567892.389142595
5.448550877,1566213.773466118
5.448553659,1564538.300325283
5.448556443,1562865.962324636
5.448559227,1561196.752091365
5.448562013,1559530.662275209
5.448564800,1557867.685548367
5.448567588,1556207.814605418
5.448570377,1554551.042163223
5.448573168,1552897.360960850
5.448575960,1551246.763759479
5.448578753,1549599.243342317
5.448581547,1547954.792514519
5.448584342,1546313.404103096
5.448587139,1544675.070956831
5.448589937,1543039.785946199
5.448592736,1541407.541963279
5.448595537,1539778.331921672
5.448598338,1538152.148756423
5.448601141,1536528.985423926
5.448603945,1534908.834901856
5.448606750,1533291.690189078
5.448609557,1531677.544305570
5.448612365,1530066.390292341
5.448615174,1528458.221211350
5.448617984,1526853.030145427
5.448620796,1525250.810198191
5.448623609,1523651.554493976
5.448626423,1522055.256177744
5.448629238,1520461.908415015
5.448632055,1518871.504391783
5.448634873,1517284.037314442
5.448637692,1515699.500409704
5.448640512,1514117.886924529
5.448643334,1512539.190126042
5.448646157,1510963.403301459
5.448648981,1509390.519758012
5.448651807,1507820.532822875
5.448654634,1506253.435843085
5.448657462,1504689.222185470
5.448660291,1503127.885236573
5.448663122,1501569.418402581
5.448665954,1500013.815109249
5.448668787,1498461.068801825
5.448671622,1496911.172944981
5.448674458,1495364.121022739
5.448677295,1493819.906538398
5.448680133,1492278.523014462
5.448682973,1490739.963992571
5.448685814,1489204.223033426
5.448688657,1487671.293716722
5.448691500,1486141.169641074
5.448694345,1484613.844423951
5.448697192,1483089.311701601
5.448700040,1481567.565128986
5.448702889,1480048.598379710
5.448705739,1478532.405145955
5.448708591,1477018.979138404
5.448711444,1475508.314086181
5.448714298,1474000.403736779
5.448717154,1472495.241855994
5.448720011,1470992.822227856
5.448722869,1469493.138654565
5.448725729,1467996.184956422
5.448728590,1466501.954971764
5.448731452,1465010.442556897
5.448734316,1463521.641586032
5.448737181,1462035.545951218
5.448740048,1460552.149562279
5.448742915,1459071.446346746
5.448745785,1457593.430249797
5.448748655,1456118.095234189
5.448751527,1454645.435280197
5.448754400,1453175.444385548
5.448757275,1451708.116565360
5.448760151,1450243.445852077
5.448763028,1448781.426295410
5.448765907,1447322.051962270
5.448768787,1445865.316936710
5.448771669,1444411.215319858
5.448774552,1442959.741229864
5.448777436,1441510.888801829
5.448780322,1440064.652187754
5.448783209,1438621.025556468
5.448786097,1437180.003093580
5.448788987,1435741.579001408
5.448791879,1434305.747498928
5.448794771,1432872.502821707
5.448797665,1431441.839221850
5.448800561,1430013.750967937
5.448803458,1428588.232344966
5.448806356,1427165.277654294
5.448809256,1425744.881213579
5.448812157,1424327.037356722
5.448815060,1422911.740433810
5.448817964,1421498.984811056
5.448820869,1420088.764870746
5.448823776,1418681.075011180
5.448826684,1417275.909646613
5.448829594,1415873.263207204
5.448832505,1414473.130138955
5.448835418,1413075.504903657
5.448838332,1411680.381978835
5.448841247,1410287.755857693
5.448844164,1408897.621049055
5.448847082,1407509.972077316
5.448850002,1406124.803482383
5.448852923,1404742.109819623
5.448855846,1403361.885659808
5.448858770,1401984.125589058
5.448861696,1400608.824208794
5.448864623,1399235.976135679
5.448867552,1397865.576001567
5.448870482,1396497.618453451
5.448873413,1395132.098153408
5.448876346,1393769.009778546
5.448879281,1392408.348020958
5.448882216,1391050.107587661
5.448885154,1389694.283200549
5.448888093,1388340.869596342
5.448891033,1386989.861526534
5.448893975,1385641.253757341
5.448896918,1384295.041069649
5.448899863,1382951.218258967
5.448902810,1381609.780135374
5.448905757,1380270.721523470
5.448908707,1378934.037262321
5.448911657,1377599.722205420
5.448914610,1376267.771220624
5.448917564,1374938.179190118
5.448920519,1373610.941010354
5.448923476,1372286.051592011
5.448926434,1370963.505859940
5.448929394,1369643.298753119
5.448932356,1368325.425224604
5.448935319,1367009.880241482
5.448938283,1365696.658784820
5.448941249,1364385.755849618
5.448944216,1363077.166444767
5.448947186,1361770.885592992
5.448950156,1360466.908330814
5.448953128,1359165.229708499
5.448956102,1357865.844790010
5.448959077,1356568.748652963
5.448962054,1355273.936388581
5.448965032,1353981.403101646
5.448968012,1352691.143910452
5.448970993,1351403.153946766
5.448973976,1350117.428355774
5.448976961,1348833.962296040
5.448979947,1347552.750939461
5.448982935,1346273.789471222
5.448985924,1344997.073089749
5.448988915,1343722.597006668
5.448991907,1342450.356446758
5.448994901,1341180.346647907
5.448997896,1339912.562861069
5.449000893,1338647.000350220
5.449003892,1337383.654392314
5.449006892,1336122.520277241
5.449009894,1334863.593307781
5.449012898,1333606.868799563
5.449015903,1332352.342081020
5.449018909,1331100.008493351
5.449021917,1329849.863390473
5.449024927,1328601.902138982
5.449027939,1327356.120118107
5.449030952,1326112.512719675
5.449033966,1324871.075348062
5.449036982,1323631.803420156
5.449040000,1322394.692365312
5.449043020,1321159.737625313
5.449046041,1319926.934654328
5.449049064,1318696.278918872
5.449052088,1317467.765897765
5.449055114,1316241.391082089
5.449058141,1315017.149975151
5.449061171,1313795.038092441
5.449064201,1312575.050961590
5.449067234,1311357.184122334
5.449070268,1310141.433126472
5.449073304,1308927.793537824
5.449076341,1307716.260932198
5.449079380,1306506.830897342
5.449082421,1305299.499032915
5.449085463,1304094.260950437
5.449088507,1302891.112273258
5.449091553,1301690.048636517
5.449094600,1300491.065687103
5.449097649,1299294.159083619
5.449100700,1298099.324496338
5.449103752,1296906.557607172
5.449106806,1295715.854109628
5.449109862,1294527.209708776
5.449112919,1293340.620121206
5.449115978,1292156.081074994
5.449119039,1290973.588309663
5.449122101,1289793.137576148
5.449125165,1288614.724636755
5.449128231,1287438.345265129
5.449131298,1286263.995246213
5.449134368,1285091.670376215
5.449137438,1283921.366462570
5.449140511,1282753.079323902
5.449143585,1281586.804789989
5.449146661,1280422.538701729
5.449149739,1279260.276911104
5.449152818,1278100.015281141
5.449155899,1276941.749685877
5.449158982,1275785.476010328
5.449162066,1274631.190150451
5.449165153,1273478.888013104
5.449168241,1272328.565516022
5.449171330,1271180.218587769
5.449174422,1270033.843167718
5.449177515,1268889.435205999
5.449180610,1267746.990663482
5.449183706,1266606.505511730
5.449186805,1265467.975732971
5.449189905,1264331.397320064
5.449193007,1263196.766276461
5.449196110,1262064.078616176
5.449199216,1260933.330363752
5.449202323,1259804.517554228
5.449205432,1258677.636233102
5.449208542,1257552.682456300
5.449211655,1256429.652290145
5.449214769,1255308.541811319
5.449217885,1254189.347106835
5.449221003,1253072.064274002
5.449224122,1251956.689420392
5.449227243,1250843.218663810
5.449230366,1249731.648132256
5.449233491,1248621.973963901
5.449236618,1247514.192307048
5.449239746,1246408.299320103
5.449242876,1245304.291171544
5.449246008,1244202.164039886
5.449249142,1243101.914113651
5.449252278,1242003.537591340
5.449255415,1240907.030681395
5.449258554,1239812.389602173
5.449261695,1238719.610581914
5.449264838,1237628.689858706
5.449267982,1236539.623680460
5.449271129,1235452.408304877
5.449274277,1234367.039999414
5.449277427,1233283.515041258
5.449280579,1232201.829717295
5.449283733,1231121.980324075
5.449286888,1230043.963167789
5.449290046,1228967.774564234
5.449293205,1227893.410838784
5.449296366,1226820.868326361
5.449299529,1225750.143371404
5.449302694,1224681.232327842
5.449305860,1223614.131559060
5.449309029,1222548.837437876
5.449312199,1221485.346346504
5.449315371,1220423.654676532
5.449318545,1219363.758828888
5.449321721,1218305.655213814
5.449324899,1217249.340250834
5.449328078,1216194.810368731
5.449331260,1215142.062005510
5.449334443,1214091.091608379
5.449337628,1213041.895633713
5.449340815,1211994.470547028
5.449344004,1210948.812822954
5.449347195,1209904.918945208
5.449350388,1208862.785406561
5.449353583,1207822.408708816
5.449356779,1206783.785362776
5.449359978,1205746.911888219
5.449363178,1204711.784813868
5.449366380,1203678.400677367
5.449369584,1202646.756025248
5.449372790,1201616.847412913
5.449375998,1200588.671404595
5.449379208,1199562.224573341
5.449382420,1198537.503500979
5.449385634,1197514.504778094
5.449388849,1196493.225004002
5.449392067,1195473.660786720
5.449395286,1194455.808742941
5.449398508,1193439.665498010
5.449401731,1192425.227685894
5.449404956,1191412.491949156
5.449408184,1190401.454938934
5.449411413,1189392.113314907
5.449414644,1188384.463745274
5.449417877,1187378.502906730
5.449421112,1186374.227484434
5.449424349,1185371.634171987
5.449427588,1184370.719671408
5.449430829,1183371.480693107
5.449434072,1182373.913955855
5.449437316,1181378.016186767
5.449440563,1180383.784121271
5.449443812,1179391.214503086
5.449447063,1178400.304084195
5.449450315,1177411.049624818
5.449453570,1176423.447893393
5.449456827,1175437.495666548
5.449460086,1174453.189729073
5.449463346,1173470.526873902
5.449466609,1172489.503902085
5.449469874,1171510.117622761
5.449473140,1170532.364853140
5.449476409,1169556.242418472
5.449479680,1168581.747152030
5.449482952,1167608.875895079
5.449486227,1166637.625496858
5.449489504,1165667.992814549
5.449492782,1164699.974713261
5.449496063,1163733.568066001
5.449499346,1162768.769753655
5.449502631,1161805.576664958
5.449505918,1160843.985696477
5.449509206,1159883.993752582
5.449512497,1158925.597745429
5.449515790,1157968.794594929
5.449519085,1157013.581228734
5.449522382,1156059.954582206
5.449525681,1155107.911598399
5.449528983,1154157.449228032
5.449532286,1153208.564429472
5.449535591,1152261.254168706
5.449538898,1151315.515419319
5.449542208,1150371.345162475
5.449545519,1149428.740386892
5.449548833,1148487.698088819
5.449552148,1147548.215272016
5.449555466,1146610.288947728
5.449558786,1145673.916134668
5.449562108,1144739.093858990
5.449565431,1143805.819154270
5.449568757,1142874.089061485
5.449572086,1141943.900628986
5.449575416,1141015.250912483
5.449578748,1140088.136975018
5.449582082,1139162.555886946
5.449585419,1138238.504725914
5.449588758,1137315.980576838
5.449592098,1136394.980531880
5.449595441,1135475.501690432
5.449598786,1134557.541159090
5.449602133,1133641.096051635
5.449605482,1132726.163489010
5.449608834,1131812.740599303
5.449612187,1130900.824517721
5.449615543,1129990.412386572
5.449618901,1129081.501355247
5.449622261,1128174.088580192
5.449625623,1127268.171224893
5.449628987,1126363.746459855
5.449632353,1125460.811462580
5.449635722,1124559.363417546
5.449639092,1123659.399516189
5.449642465,1122760.916956881
5.449645840,1121863.912944911
5.449649217,1120968.384692462
5.449652596,1120074.329418596
5.449655978,1119181.744349229
5.449659362,1118290.626717114
5.449662747,1117400.973761820
5.449666135,1116512.782729714
5.449669526,1115626.050873937
5.449672918,1114740.775454389
5.449676313,1113856.953737707
5.449679709,1112974.582997249
5.449683108,1112093.660513066
5.449686510,1111214.183571892
5.449689913,1110336.149467123
5.449693319,1109459.555498790
5.449696726,1108584.398973550
5.449700136,1107710.677204662
5.449703549,1106838.387511966
5.449706963,1105967.527221869
5.449710380,1105098.093667322
5.449713799,1104230.084187804
5.449717220,1103363.496129301
5.449720643,1102498.326844288
5.449724069,1101634.573691711
5.449727497,1100772.234036968
5.449730927,1099911.305251890
5.449734359,1099051.784714723
5.449737794,1098193.669810111
5.449741231,1097336.957929073
5.449744670,1096481.646468993
5.449748112,1095627.732833590
5.449751555,1094775.214432913
5.449755001,1093924.088683313
5.449758449,1093074.353007430
5.449761900,1092226.004834171
5.449765353,1091379.041598699
5.449768808,1090533.460742406
5.449772265,1089689.259712904
5.449775725,1088846.435964000
5.449779187,1088004.986955685
5.449782651,1087164.910154110
5.449786117,1086326.203031573
5.449789586,1085488.863066500
5.449793057,1084652.887743427
5.449796531,1083818.274552983
5.449800007,1082985.020991875
5.449803485,1082153.124562866
5.449806965,1081322.582774761
5.449810448,1080493.393142392
5.449813933,1079665.553186595
5.449817420,1078839.060434198
5.449820910,1078013.912418002
5.449824402,1077190.106676763
5.449827897,1076367.640755179
5.449831393,1075546.512203871
5.449834893,1074726.718579362
5.449838394,1073908.257444070
5.449841898,1073091.126366281
5.449845404,1072275.322920141
5.449848913,1071460.844685632
5.449852423,1070647.689248563
5.449855937,1069835.854200547
5.449859452,1069025.337138988
5.449862970,1068216.135667067
5.449866491,1067408.247393718
5.449870014,1066601.669933623
5.449873539,1065796.400907184
5.449877066,1064992.437940517
5.449880596,1064189.778665428
5.449884129,1063388.420719403
5.449887664,1062588.361745591
5.449891201,1061789.599392783
5.449894740,1060992.131315403
5.449898282,1060195.955173489
5.449901827,1059401.068632676
5.449905374,1058607.469364185
5.449908923,1057815.155044801
5.449912475,1057024.123356865
5.449916029,1056234.371988249
5.449919585,1055445.898632352
5.449923144,1054658.700988073
5.449926706,1053872.776759806
5.449930270,1053088.123657417
5.449933836,1052304.739396232
5.449937405,1051522.621697022
5.449940976,1050741.768285988
5.449944550,1049962.176894744
5.449948126,1049183.845260305
5.449951705,1048406.771125069
5.449955286,1047630.952236803
5.449958869,1046856.386348629
5.449962455,1046083.071219009
5.449966044,1045311.004611731
5.449969635,1044540.184295890
5.449973229,1043770.608045879
5.449976825,1043002.273641370
5.449980423,1042235.178867303
5.449984024,1041469.321513868
5.449987628,1040704.699376493
5.449991234,1039941.310255829
5.449994842,1039179.151957734
5.449998453,1038418.222293261
5.450002067,1037658.519078642
5.450005683,1036900.040135275
5.450009302,1036142.783289709
5.450012923,1035386.746373629
5.450016547,1034631.927223844
5.450020173,1033878.323682272
5.450023802,1033125.933595924
5.450027433,1032374.754816893
5.450031067,1031624.785202338
5.450034703,1030876.022614472
5.450038342,1030128.464920547
5.450041984,1029382.109992838
5.450045628,1028636.955708636
5.450049275,1027892.999950225
5.450052924,1027150.240604875
5.450056576,1026408.675564828
5.450060230,1025668.302727280
5.450063887,1024929.119994372
5.450067547,1024191.125273176
5.450071209,1023454.316475677
5.450074874,1022718.691518767
5.450078542,1021984.248324226
5.450082212,1021250.984818708
5.450085884,1020518.898933734
5.450089559,1019787.988605672
5.450093237,1019058.251775728
5.450096918,1018329.686389930
5.450100601,1017602.290399119
5.450104287,1016876.061758932
5.450107975,1016150.998429788
5.450111666,1015427.098376881
5.450115359,1014704.359570162
5.450119056,1013982.779984326
5.450122755,1013262.357598802
5.450126456,1012543.090397740
5.450130160,1011824.976369994
5.450133867,1011108.013509116
5.450137577,1010392.199813335
5.450141289,1009677.533285554
5.450145004,1008964.011933330
5.450148722,1008251.633768862
5.450152442,1007540.396808984
5.450156165,1006830.299075146
5.450159890,1006121.338593406
5.450163619,1005413.513394414
5.450167350,1004706.821513404
5.450171083,1004001.260990179
5.450174820,1003296.829869095
5.450178559,1002593.526199059
5.450182301,1001891.348033505
5.450186045,1001190.293430391
5.450189793,1000490.360452182
5.450193543,999791.547165839
5.450197295,999093.851642805
5.450201051,998397.271959000
5.450204809,997701.806194799
5.450208570,997007.452435030
5.450212334,996314.208768952
5.450216100,995622.073290253
5.450219869,994931.044097030
5.450223641,994241.119291784
5.450227416,993552.296981403
5.450231193,992864.575277152
5.450234973,992177.952294663
5.450238756,991492.426153922
5.450242542,990807.994979257
5.450246331,990124.656899325
5.450250122,989442.410047106
5.450253916,988761.252559885
5.450257713,988081.182579246
5.450261513,987402.198251054
5.450265316,986724.297725451
5.450269121,986047.479156840
5.450272929,985371.740703876
5.450276740,984697.080529452
5.450280554,984023.496800692
5.450284370,983350.987688933
5.450288190,982679.551369722
5.450292012,982009.186022801
5.450295837,981339.889832093
5.450299665,980671.660985696
5.450303496,980004.497675868
5.450307330,979338.398099021
5.450311166,978673.360455703
5.450315006,978009.382950594
5.450318848,977346.463792491
5.450322693,976684.601194297
5.450326541,976023.793373014
5.450330392,975364.038549727
5.450334245,974705.334949597
5.450338102,974047.680801849
5.450341962,973391.074339763
5.450345824,972735.513800659
5.450349689,972080.997425891
5.450353557,971427.523460835
5.450357429,970775.090154877
5.450361303,970123.695761405
5.450365180,969473.338537795
5.450369059,968824.016745404
5.450372942,968175.728649558
5.450376828,967528.472519544
5.450380716,966882.246628594
5.450384608,966237.049253880
5.450388503,965592.878676502
5.450392400,964949.733181478
5.450396300,964307.611057732
5.450400204,963666.510598087
5.450404110,963026.430099254
5.450408019,962387.367861817
5.450411932,961749.322190231
5.450415847,961112.291392807
5.450419765,960476.273781701
5.450423686,959841.267672908
5.450427610,959207.271386249
5.450431538,958574.283245362
5.450435468,957942.301577694
5.450439401,957311.324714485
5.450443337,956681.350990767
5.450447276,956052.378745346
5.450451218,955424.406320799
5.450455164,954797.432063458
5.450459112,954171.454323406
5.450463063,953546.471454463
5.450467017,952922.481814179
5.450470975,952299.483763823
5.450474935,951677.475668374
5.450478899,951056.455896510
5.450482865,950436.422820603
5.450486835,949817.374816703
5.450490807,949199.310264532
5.450494783,948582.227547477
5.450498761,947966.125052576
5.450502743,947351.001170509
5.450506728,946736.854295595
5.450510716,946123.682825772
5.450514707,945511.485162597
5.450518701,944900.259711235
5.450522698,944290.004880443
5.450526699,943680.719082570
5.450530702,943072.400733543
5.450534709,942465.048252856
5.450538718,941858.660063567
5.450542731,941253.234592285
5.450546747,940648.770269157
5.450550766,940045.265527868
5.450554788,939442.718805626
5.450558814,938841.128543152
5.450562842,938240.493184677
5.450566874,937640.811177926
5.450570909,937042.080974115
5.450574946,936444.301027939
5.450578988,935847.469797562
5.450583032,935251.585744613
5.450587079,934656.647334172
5.450591130,934062.653034764
5.450595184,933469.601318351
5.450599241,932877.490660320
5.450603301,932286.319539477
5.450607364,931696.086438039
5.450611431,931106.789841622
5.450615501,930518.428239237
5.450619574,929931.000123277
5.450623650,929344.503989510
5.450627729,928758.938337074
5.450631812,928174.301668462
5.450635898,927590.592489518
5.450639987,927007.809309429
5.450644079,926425.950640713
5.450648175,925845.014999214
5.450652274,925265.000904093
5.450656376,924685.906877817
5.450660481,924107.731446156
5.450664590,923530.473138168
5.450668702,922954.130486196
5.450672817,922378.702025858
5.450676936,921804.186296038
5.450681058,921230.581838880
5.450685183,920657.887199779
5.450689311,920086.100927370
5.450693443,919515.221573525
5.450697578,918945.247693339
5.450701716,918376.177845128
5.450705858,917808.010590419
5.450710003,917240.744493937
5.450714151,916674.378123607
5.450718303,916108.910050534
5.450722458,915544.338849006
5.450726616,914980.663096481
5.450730777,914417.881373577
5.450734942,913855.992264070
5.450739111,913294.994354880
5.450743283,912734.886236069
5.450747458,912175.666500828
5.450751636,911617.333745474
5.450755818,911059.886569438
5.450760003,910503.323575260
5.450764192,909947.643368580
5.450768384,909392.844558133
5.450772579,908838.925755736
5.450776778,908285.885576288
5.450780980,907733.722637753
5.450785186,907182.435561163
5.450789395,906632.022970601
5.450793608,906082.483493198
5.450797824,905533.815759127
5.450802043,904986.018401594
5.450806266,904439.090056827
5.450810492,903893.029364074
5.450814722,903347.834965594
5.450818955,902803.505506647
5.450823192,902260.039635491
5.450827432,901717.436003370
5.450831675,901175.693264510
5.450835923,900634.810076113
5.450840173,900094.785098345
5.450844427,899555.616994332
5.450848685,899017.304430151
5.450852946,898479.846074827
5.450857210,897943.240600320
5.450861478,897407.486681522
5.450865750,896872.582996248
5.450870025,896338.528225230
5.450874304,895805.321052108
5.450878586,895272.960163428
5.450882872,894741.444248626
5.450887161,894210.772000031
5.450891454,893680.942112851
5.450895750,893151.953285169
5.450900050,892623.804217936
5.450904354,892096.493614962
5.450908661,891570.020182913
5.450912972,891044.382631299
5.450917286,890519.579672472
5.450921604,889995.610021618
5.450925925,889472.472396747
5.450930250,888950.165518689
5.450934579,888428.688111088
5.450938911,887908.038900393
5.450943247,887388.216615854
5.450947587,886869.219989510
5.450951930,886351.047756190
5.450956277,885833.698653501
5.450960627,885317.171421821
5.450964981,884801.464804296
5.450969339,884286.577546831
5.450973700,883772.508398084
5.450978066,883259.256109458
5.450982434,882746.819435099
5.450986807,882235.197131882
5.450991183,881724.387959413
5.450995563,881214.390680016
5.450999946,880705.204058729
5.451004333,880196.826863299
5.451008724,879689.257864172
5.451013119,879182.495834490
5.451017517,878676.539550084
5.451021919,878171.387789465
5.451026325,877667.039333822
5.451030735,877163.492967011
5.451035148,876660.747475553
5.451039565,876158.801648625
5.451043986,875657.654278056
5.451048410,875157.304158316
5.451052838,874657.750086516
5.451057271,874158.990862399
5.451061706,873661.025288333
5.451066146,873163.852169305
5.451070589,872667.470312917
5.451075037,872171.878529378
5.451079488,871677.075631497
5.451083942,871183.060434680
5.451088401,870689.831756921
5.451092864,870197.388418799
5.451097330,869705.729243470
5.451101800,869214.853056658
5.451106274,868724.758686656
5.451110752,868235.444964314
5.451115233,867746.910723037
5.451119719,867259.154798777
5.451124208,866772.176030027
5.451128701,866285.973257816
5.451133199,865800.545325702
5.451137700,865315.891079768
5.451142204,864832.009368617
5.451146713,864348.899043360
5.451151226,863866.558957618
5.451155742,863384.987967512
5.451160263,862904.184931658
5.451164787,862424.148711160
5.451169316,861944.878169609
5.451173848,861466.372173070
5.451178384,860988.629590084
5.451182924,860511.649291656
5.451187468,860035.430151253
5.451192016,859559.971044798
5.451196568,859085.270850662
5.451201124,858611.328449662
5.451205684,858138.142725053
5.451210248,857665.712562524
5.451214816,857194.036850190
5.451219388,856723.114478589
5.451223964,856252.944340676
5.451228544,855783.525331816
5.451233128,855314.856349780
5.451237716,854846.936294741
5.451242308,854379.764069264
5.451246904,853913.338578305
5.451251504,853447.658729205
5.451256108,852982.723431682
5.451260716,852518.531597827
5.451265328,852055.082142101
5.451269945,851592.373981326
5.451274565,851130.406034682
5.451279190,850669.177223701
5.451283818,850208.686472262
5.451288451,849748.932706586
5.451293087,849289.914855229
5.451297728,848831.631849079
5.451302373,848374.082621351
5.451307022,847917.266107580
5.451311675,847461.181245615
5.451316333,847005.826975617
5.451320994,846551.202240054
5.451325660,846097.305983691
5.451330330,845644.137153589
5.451335003,845191.694699102
5.451339682,844739.977571865
5.451344364,844288.984725795
5.451349050,843838.715117084
5.451353741,843389.167704194
5.451358436,842940.341447851
5.451363135,842492.235311042
5.451367838,842044.848259008
5.451372545,841598.179259242
5.451377257,841152.227281480
5.451381973,840706.991297698
5.451386693,840262.470282109
5.451391417,839818.663211157
5.451396146,839375.569063509
5.451400879,838933.186820054
5.451405616,838491.515463897
5.451410357,838050.553980356
5.451415103,837610.301356950
5.451419853,837170.756583406
5.451424607,836731.918651644
5.451429366,836293.786555775
5.451434128,835856.359292101
5.451438896,835419.635859102
5.451443667,834983.615257441
5.451448443,834548.296489949
5.451453223,834113.678561628
5.451458007,833679.760479646
5.451462796,833246.541253324
5.451467589,832814.019894144
5.451472387,832382.195415735
5.451477189,831951.066833870
5.451481995,831520.633166465
5.451486806,831090.893433572
5.451491621,830661.846657373
5.451496440,830233.491862179
5.451501264,829805.828074421
5.451506092,829378.854322651
5.451510925,828952.569637534
5.451515762,828526.973051841
5.451520604,828102.063600452
5.451525450,827677.840320343
5.451530300,827254.302250591
5.451535155,826831.448432358
5.451540014,826409.277908897
5.451544878,825987.789725543
5.451549747,825566.982929709
5.451554619,825146.856570882
5.451559497,824727.409700616
5.451564378,824308.641372534
5.451569265,823890.550642318
5.451574156,823473.136567705
5.451579051,823056.398208487
5.451583951,822640.334626502
5.451588855,822224.944885633
5.451593764,821810.228051801
5.451598678,821396.183192964
5.451603596,820982.809379109
5.451608518,820570.105682252
5.451613445,820158.071176430
5.451618377,819746.704937700
5.451623314,819336.006044131
5.451628255,818925.973575804
5.451633200,818516.606614805
5.451638150,818107.904245223
5.451643105,817699.865553144
5.451648065,817292.489626649
5.451653029,816885.775555806
5.451657998,816479.722432672
5.451662971,816074.329351282
5.451667949,815669.595407651
5.451672932,815265.519699768
5.451677919,814862.101327588
5.451682911,814459.339393036
5.451687908,814057.232999995
5.451692909,813655.781254307
5.451697916,813254.983263768
5.451702927,812854.838138124
5.451707942,812455.344989064
5.451712963,812056.502930222
5.451717988,811658.311077169
5.451723017,811260.768547409
5.451728052,810863.874460378
5.451733091,810467.627937436
5.451738136,810072.028101868
5.451743185,809677.074078876
5.451748238,809282.764995578
5.451753297,808889.099981001
5.451758360,808496.078166082
5.451763428,808103.698683659
5.451768501,807711.960668472
5.451773579,807320.863257154
5.451778662,806930.405588235
5.451783749,806540.586802128
5.451788841,806151.406041133
5.451793939,805762.862449434
5.451799041,805374.955173087
5.451804148,804987.683360026
5.451809259,804601.046160052
5.451814376,804215.042724836
5.451819498,803829.672207908
5.451824624,803444.933764659
5.451829756,803060.826552336
5.451834892,802677.349730037
5.451840034,802294.502458709
5.451845180,801912.283901142
5.451850331,801530.693221970
5.451855487,801149.729587663
5.451860648,800769.392166525
5.451865815,800389.680128691
5.451870986,800010.592646123
5.451876162,799632.128892606
5.451881343,799254.288043747
5.451886529,798877.069276968
5.451891720,798500.471771503
5.451896917,798124.494708399
5.451902118,797749.137270507
5.451907324,797374.398642480
5.451912536,797000.278010774
5.451917752,796626.774563637
5.451922974,796253.887491111
5.451928200,795881.615985028
5.451933432,795509.959239007
5.451938669,795138.916448445
5.451943911,794768.486810524
5.451949158,794398.669524197
5.451954410,794029.463790192
5.451959667,793660.868811007
5.451964930,793292.883790902
5.451970197,792925.507935905
5.451975470,792558.740453799
5.451980748,792192.580554124
5.451986031,791827.027448176
5.451991319,791462.080348995
5.451996613,791097.738471373
5.452001912,790734.001031841
5.452007215,790370.867248673
5.452012525,790008.336341878
5.452017839,789646.407533198
5.452023159,789285.080046106
5.452028484,788924.353105805
5.452033814,788564.225939217
5.452039149,788204.697774989
5.452044490,787845.767843484
5.452049836,787487.435376781
5.452055187,787129.699608668
5.452060544,786772.559774645
5.452065906,786416.015111914
5.452071273,786060.064859383
5.452076646,785704.708257656
5.452082024,785349.944549035
5.452087407,784995.772977515
5.452092796,784642.192788780
5.452098190,784289.203230204
5.452103590,783936.803550842
5.452108994,783584.993001432
5.452114405,783233.770834389
5.452119820,782883.136303805
5.452125242,782533.088665443
5.452130668,782183.627176734
5.452136100,781834.751096779
5.452141538,781486.459686338
5.452146980,781138.752207836
5.452152429,780791.627925351
5.452157883,780445.086104620
5.452163342,780099.126013028
5.452168807,779753.746919613
5.452174277,779408.948095055
5.452179753,779064.728811680
5.452185235,778721.088343452
5.452190722,778378.025965976
5.452196214,778035.540956488
5.452201712,777693.632593857
5.452207216,777352.300158583
5.452212725,777011.542932791
5.452218240,776671.360200227
5.452223760,776331.751246263
5.452229286,775992.715357883
5.452234818,775654.251823691
5.452240355,775316.359933901
5.452245898,774979.038980337
5.452251447,774642.288256431
5.452257001,774306.107057218
5.452262561,773970.494679335
5.452268127,773635.450421019
5.452273698,773300.973582100
5.452279275,772967.063464006
5.452284858,772633.719369752
5.452290446,772300.940603943
5.452296040,771968.726472770
5.452301640,771637.076284004
5.452307246,771305.989347001
5.452312858,770975.464972690
5.452318475,770645.502473578
5.452324098,770316.101163744
5.452329727,769987.260358835
5.452335361,769658.979376067
5.452341002,769331.257534221
5.452346648,769004.094153639
5.452352300,768677.488556223
5.452357958,768351.440065434
5.452363622,768025.948006283
5.452369291,767701.011705337
5.452374967,767376.630490711
5.452380648,767052.803692068
5.452386336,766729.530640614
5.452392029,766406.810669097
5.452397728,766084.643111807
5.452403433,765763.027304568
5.452409144,765441.962584739
5.452414861,765121.448291215
5.452420584,764801.483764414
5.452426313,764482.068346288
5.452432048,764163.201380310
5.452437789,763844.882211476
5.452443536,763527.110186302
5.452449289,763209.884652824
5.452455048,762893.204960590
5.452460813,762577.070460662
5.452466584,762261.480505613
5.452472362,761946.434449524
5.452478145,761631.931647982
5.452483934,761317.971458078
5.452489730,761004.553238402
5.452495531,760691.676349045
5.452501339,760379.340151593
5.452507153,760067.544009128
5.452512973,759756.287286223
5.452518799,759445.569348939
5.452524631,759135.389564826
5.452530470,758825.747302920
5.452536314,758516.641933738
5.452542165,758208.072829279
5.452548022,757900.039363018
5.452553886,757592.540909909
5.452559755,757285.576846377
5.452565631,756979.146550321
5.452571513,756673.249401109
5.452577401,756367.884779575
5.452583296,756063.052068018
5.452589197,755758.750650201
5.452595104,755454.979911347
5.452601018,755151.739238137
5.452606938,754849.028018711
5.452612864,754546.845642658
5.452618796,754245.191501025
5.452624735,753944.064986304
5.452630681,753643.465492437
5.452636632,753343.392414810
5.452642590,753043.845150257
5.452648555,752744.823097047
5.452654526,752446.325654893
5.452660503,752148.352224944
5.452666487,751850.902209782
5.452672478,751553.975013425
5.452678474,751257.570041322
5.452684478,750961.686700347
5.452690487,750666.324398806
5.452696504,750371.482546427
5.452702527,750077.160554361
5.452708556,749783.357835180
5.452714592,749490.073802875
5.452720634,749197.307872854
5.452726683,748905.059461938
5.452732739,748613.327988364
5.452738801,748322.112871776
5.452744870,748031.413533231
5.452750945,747741.229395189
5.452757028,747451.559881516
5.452763116,747162.404417482
5.452769212,746873.762429758
5.452775314,746585.633346411
5.452781423,746298.016596909
5.452787538,746010.911612113
5.452793660,745724.317824277
5.452799789,745438.234667049
5.452805925,745152.661575462
5.452812067,744867.597985939
5.452818216,744583.043336290
5.452824372,744298.997065707
5.452830535,744015.458614763
5.452836705,743732.427425413
5.452842881,743449.902940989
5.452849064,743167.884606199
5.452855254,742886.371867127
5.452861451,742605.364171227
5.452867655,742324.860967326
5.452873866,742044.861705620
5.452880083,741765.365837670
5.452886308,741486.372816405
5.452892539,741207.882096115
5.452898777,740929.893132454
5.452905023,740652.405382433
5.452911275,740375.418304425
5.452917534,740098.931358156
5.452923800,739822.944004709
5.452930074,739547.455706517
5.452936354,739272.465927367
5.452942641,738997.974132393
5.452948935,738723.979788079
5.452955237,738450.482362253
5.452961545,738177.481324088
5.452967861,737904.976144098
5.452974183,737632.966294140
5.452980513,737361.451247408
5.452986850,737090.430478435
5.452993194,736819.903463087
5.452999545,736549.869678567
5.453005903,736280.328603407
5.453012269,736011.279717474
5.453018642,735742.722501958
5.453025022,735474.656439381
5.453031409,735207.081013590
5.453037803,734939.995709752
5.453044205,734673.400014362
5.453050614,734407.293415231
5.453057030,734141.675401491
5.453063454,733876.545463591
5.453069884,733611.903093297
5.453076323,733347.747783687
5.453082768,733084.079029154
5.453089221,732820.896325399
5.453095681,732558.199169434
5.453102149,732295.987059580
5.453108624,732034.259495463
5.453115106,731773.015978012
5.453121596,731512.256009462
5.453128093,731251.979093348
5.453134598,730992.184734505
5.453141110,730732.872439067
5.453147630,730474.041714464
5.453154157,730215.692069422
5.453160692,729957.823013960
5.453167234,729700.434059391
5.453173784,729443.524718317
5.453180342,729187.094504631
5.453186907,728931.142933511
5.453193479,728675.669521424
5.453200059,728420.673786120
5.453206647,728166.155246634
5.453213243,727912.113423282
5.453219846,727658.547837659
5.453226456,727405.458012640
5.453233075,727152.843472379
5.453239701,726900.703742303
5.453246335,726649.038349116
5.453252977,726397.846820792
5.453259626,726147.128686580
5.453266283,725896.883476997
5.453272948,725647.110723831
5.453279621,725397.809960133
5.453286301,725148.980720224
5.453292990,724900.622539688
5.453299686,724652.734955373
5.453306390,724405.317505387
5.453313102,724158.369729100
5.453319822,723911.891167138
5.453326549,723665.881361389
5.453333285,723420.339854994
5.453340029,723175.266192349
5.453346780,722930.659919104
5.453353540,722686.520582161
5.453360307,722442.847729673
5.453367083,722199.640911041
5.453373866,721956.899676917
5.453380658,721714.623579195
5.453387458,721472.812171019
5.453394265,721231.465006774
5.453401081,720990.581642088
5.453407905,720750.161633832
5.453414737,720510.204540116
5.453421577,720270.709920288
5.453428426,720031.677334934
5.453435282,719793.106345876
5.453442147,719554.996516172
5.453449020,719317.347410112
5.453455901,719080.158593219
5.453462790,718843.429632246
5.453469688,718607.160095178
5.453476594,718371.349551227
5.453483508,718135.997570831
5.453490430,717901.103725655
5.453497361,717666.667588589
5.453504300,717432.688733747
5.453511248,717199.166736464
5.453518204,716966.101173297
5.453525168,716733.491622021
5.453532141,716501.337661630
5.453539122,716269.638872338
5.453546111,716038.394835571
5.453553110,715807.605133973
5.453560116,715577.269351400
5.453567131,715347.387072920
5.453574155,715117.957884814
5.453581187,714888.981374572
5.453588227,714660.457130893
5.453595277,714432.384743683
5.453602334,714204.763804055
5.453609401,713977.593904329
5.453616476,713750.874638026
5.453623560,713524.605599873
5.453630652,713298.786385796
5.453637753,713073.416592924
5.453644863,712848.495819584
5.453651981,712624.023665303
5.453659109,712399.999730803
5.453666244,712176.423618005
5.453673389,711953.294930021
5.453680543,711730.613271161
5.453687705,711508.378246926
5.453694876,711286.589464007
5.453702056,711065.246530288
5.453709245,710844.349054841
5.453716443,710623.896647926
5.453723650,710403.888920992
5.453730865,710184.325486672
5.453738090,709965.205958785
5.453745323,709746.529952334
5.453752566,709528.297083504
5.453759817,709310.506969663
5.453767078,709093.159229357
5.453774348,708876.253482316
5.453781626,708659.789349445
5.453788914,708443.766452827
5.453796211,708228.184415722
5.453803517,708013.042862566
5.453810832,707798.341418967
5.453818156,707584.079711708
5.453825489,707370.257368745
5.453832832,707156.874019204
5.453840184,706943.929293380
5.453847545,706731.422822739
5.453854915,706519.354239915
5.453862295,706307.723178708
5.453869684,706096.529274084
5.453877082,705885.772162176
5.453884490,705675.451480278
5.453891907,705465.566866849
5.453899333,705256.117961510
5.453906769,705047.104405042
5.453914214,704838.525839388
5.453921668,704630.381907647
5.453929132,704422.672254078
5.453936606,704215.396524098
5.453944089,704008.554364278
5.453951581,703802.145422345
5.453959084,703596.169347180
5.453966595,703390.625788818
5.453974117,703185.514398446
5.453981647,702980.834828400
5.453989188,702776.586732169
5.453996738,702572.769764391
5.454004298,702369.383580851
5.454011867,702166.427838483
5.454019447,701963.902195366
5.454027036,701761.806310727
5.454034634,701560.139844935
5.454042243,701358.902459503
5.454049861,701158.093817089
5.454057489,700957.713581491
5.454065127,700757.761417649
5.454072775,700558.236991641
5.454080433,700359.139970687
5.454088101,700160.470023142
5.454095778,699962.226818502
5.454103466,699764.410027397
5.454111163,699567.019321593
5.454118871,699370.054373991
5.454126588,699173.514858624
5.454134316,698977.400450661
5.454142054,698781.710826400
5.454149802,698586.445663272
5.454157559,698391.604639837
5.454165327,698197.187435784
5.454173106,698003.193731934
5.454180894,697809.623210230
5.454188693,697616.475553745
5.454196501,697423.750446678
5.454204320,697231.447574353
5.454212150,697039.566623217
5.454219989,696848.107280840
5.454227839,696657.069235916
5.454235700,696466.452178261
5.454243570,696276.255798809
5.454251451,696086.479789617
5.454259343,695897.123843858
5.454267245,695708.187655826
5.454275157,695519.670920931
5.454283080,695331.573335700
5.454291013,695143.894597776
5.454298957,694956.634405917
5.454306912,694769.792459995
5.454314877,694583.368460993
5.454322853,694397.362111011
5.454330839,694211.773113256
5.454338836,694026.601172051
5.454346843,693841.845992825
5.454354862,693657.507282117
5.454362891,693473.584747575
5.454370931,693290.078097956
5.454378981,693106.987043123
5.454387043,692924.311294043
5.454395115,692742.050562792
5.454403198,692560.204562548
5.454411292,692378.773007592
5.454419397,692197.755613312
5.454427513,692017.152096194
5.454435640,691836.962173829
5.454443778,691657.185564904
5.454451926,691477.821989211
5.454460086,691298.871167639
5.454468257,691120.332822174
5.454476439,690942.206675901
5.454484632,690764.492453003
5.454492836,690587.189878756
5.454501052,690410.298679536
5.454509278,690233.818582808
5.454517516,690057.749317136
5.454525765,689882.090612174
5.454534025,689706.842198669
5.454542297,689532.003808461
5.454550580,689357.575174479
5.454558874,689183.556030744
5.454567180,689009.946112364
5.454575497,688836.745155538
5.454583825,688663.952897553
5.454592165,688491.569076782
5.454600517,688319.593432685
5.454608880,688148.025705808
5.454617254,687976.865637782
5.454625640,687806.112971322
5.454634038,687635.767450229
5.454642447,687465.828819383
5.454650868,687296.296824749
5.454659300,687127.171213374
5.454667745,686958.451733384
5.454676201,686790.138133986
5.454684669,686622.230165467
5.454693148,686454.727579192
5.454701639,686287.630127605
5.454710143,686120.937564227
5.454718658,685954.649643654
5.454727185,685788.766121561
5.454735724,685623.286754696
5.454744275,685458.211300884
5.454752838,685293.539519020
5.454761412,685129.271169077
5.454769999,684965.406012098
5.454778598,684801.943810198
5.454787210,684638.884326563
5.454795833,684476.227325451
5.454804468,684313.972572189
5.454813116,684152.119833174
5.454821776,683990.668875870
5.454830448,683829.619468810
5.454839132,683668.971381594
5.454847829,683508.724384890
5.454856538,683348.878250430
5.454865260,683189.432751012
5.454873993,683030.387660499
5.454882740,682871.742753818
5.454891498,682713.497806959
5.454900270,682555.652596974
5.454909053,682398.206901978
5.454917850,682241.160501148
5.454926659,682084.513174720
5.454935480,681928.264703992
5.454944314,681772.414871320
5.454953161,681616.963460119
5.454962021,681461.910254863
5.454970893,681307.255041084
5.454979778,681152.997605369
5.454988676,680999.137735363
5.454997587,680845.675219766
5.455006510,680692.609848334
5.455015447,680539.941411875
5.455024396,680387.669702254
5.455033359,680235.794512386
5.455042334,680084.315636241
5.455051323,679933.232868840
5.455060324,679782.546006255
5.455069339,679632.254845610
5.455078366,679482.359185077
5.455087407,679332.858823879
5.455096461,679183.753562287
5.455105529,679035.043201622
5.455114609,678886.727544250
5.455123703,678738.806393586
5.455132811,678591.279554091
5.455141931,678444.146831270
5.455151065,678297.408031677
5.455160213,678151.062962906
5.455169373,678005.111433598
5.455178548,677859.553253438
5.455187736,677714.388233151
5.455196937,677569.616184507
5.455206152,677425.236920315
5.455215381,677281.250254427
5.455224624,677137.656001733
5.455233880,676994.453978167
5.455243150,676851.644000698
5.455252433,676709.225887336
5.455261731,676567.199457127
5.455271042,676425.564530157
5.455280367,676284.320927547
5.455289706,676143.468471456
5.455299059,676003.006985075
5.455308426,675862.936292634
5.455317808,675723.256219396
5.455327203,675583.966591658
5.455336612,675445.067236751
5.455346035,675306.557983036
5.455355473,675168.438659909
5.455364925,675030.709097798
5.455374391,674893.369128159
5.455383871,674756.418583481
5.455393366,674619.857297282
5.455402875,674483.685104109
5.455412398,674347.901839538
5.455421936,674212.507340173
5.455431488,674077.501443646
5.455441055,673942.883988616
5.455450636,673808.654814766
5.455460232,673674.813762808
5.455469843,673541.360674478
5.455479468,673408.295392536
5.455489108,673275.617760767
5.455498763,673143.327623979
5.455508432,673011.424828004
5.455518117,672879.909219694
5.455527816,672748.780646926
5.455537530,672618.038958595
5.455547259,672487.684004620
5.455557003,672357.715635937
5.455566762,672228.133704503
5.455576536,672098.938063294
5.455586325,671970.128566305
5.455596129,671841.705068547
5.455605948,671713.667426050
5.455615783,671586.015495860
5.455625633,671458.749136039
5.455635498,671331.868205664
5.455645379,671205.372564829
5.455655274,671079.262074641
5.455665186,670953.536597220
5.455675113,670828.195995701
5.455685055,670703.240134232
5.455695013,670578.668877971
5.455704986,670454.482093089
5.455714975,670330.679646768
5.455724980,670207.261407201
5.455735000,670084.227243590
5.455745037,669961.577026147
5.455755089,669839.310626092
5.455765156,669717.427915654
5.455775240,669595.928768070
5.455785340,669474.813057582
5.455795456,669354.080659442
5.455805587,669233.731449905
5.455815735,669113.765306232
5.455825899,668994.182106690
5.455836079,668874.981730549
5.455846275,668756.164058084
5.455856487,668637.728970573
5.455866716,668519.676350294
5.455876961,668402.006080532
5.455887222,668284.718045567
5.455897500,668167.812130687
5.455907794,668051.288222174
5.455918105,667935.146207314
5.455928432,667819.385974390
5.455938776,667704.007412685
5.455949137,667589.010412480
5.455959514,667474.394865051
5.455969908,667360.160662674
5.455980319,667246.307698620
5.455990746,667132.835867157
5.456001191,667019.745063546
5.456011652,666907.035184044
5.456022131,666794.706125903
5.456032626,666682.757787365
5.456043139,666571.190067670
5.456053668,666460.002867047
5.456064215,666349.196086717
5.456074779,666238.769628893
5.456085360,666128.723396779
5.456095959,666019.057294567
5.456106574,665909.771227440
5.456117208,665800.865101572
5.456127859,665692.338824120
5.456138527,665584.192303235
5.456149213,665476.425448050
5.456159916,665369.038168689
5.456170637,665262.030376256
5.456181376,665155.401982848
5.456192132,665049.152901541
5.456202907,664943.283046396
5.456213699,664837.792332462
5.456224509,664732.680675765
5.456235337,664627.947993319
5.456246183,664523.594203115
5.456257047,664419.619224129
5.456267930,664316.022976317
5.456278830,664212.805380613
5.456289749,664109.966358933
5.456300686,664007.505834171
5.456311641,663905.423730200
5.456322614,663803.719971869
5.456333606,663702.394485006
5.456344617,663601.447196415
5.456355646,663500.878033876
5.456366694,663400.686926143
5.456377760,663300.873802947
5.456388845,663201.438594991
5.456399949,663102.381233953
5.456411071,663003.701652484
5.456422213,662905.399784207
5.456433373,662807.475563715
5.456444553,662709.928926575
5.456455751,662612.759809322
5.456466968,662515.968149462
5.456478205,662419.553885471
5.456489461,662323.516956792
5.456500736,662227.857303837
5.456512030,662132.574867985
5.456523344,662037.669591581
5.456534677,661943.141417938
5.456546030,661848.990291333
5.456557402,661755.216157007
5.456568794,661661.818961168
5.456580206,661568.798650985
5.456591637,661476.155174591
5.456603088,661383.888481082
5.456614559,661291.998520514
5.456626049,661200.485243905
5.456637560,661109.348603233
5.456649091,661018.588551436
5.456660642,660928.205042411
5.456672213,660838.198031013
5.456683804,660748.567473056
5.456695415,660659.313325308
5.456707047,660570.435545498
5.456718699,660481.934092307
5.456730372,660393.808925372
5.456742065,660306.060005285
5.456753778,660218.687293593
5.456765513,660131.690752793
5.456777268,660045.070346336
5.456789043,659958.826038626
5.456800840,659872.957795016
5.456812657,659787.465581809
5.456824496,659702.349366261
5.456836355,659617.609116573
5.456848235,659533.244801897
5.456860137,659449.256392331
5.456872060,659365.643858920
5.456884004,659282.407173657
5.456895969,659199.546309478
5.456907956,659117.061240265
5.456919965,659034.951940844
5.456931994,658953.218386985
5.456944046,658871.860555399
5.456956119,658790.878423740
5.456968214,658710.271970604
5.456980331,658630.041175524
5.456992469,658550.186018978
5.457004630,658470.706482378
5.457016812,658391.602548076
5.457029017,658312.874199364
5.457041244,658234.521420467
5.457053493,658156.544196548
5.457065764,658078.942513704
5.457078058,658001.716358969
5.457090374,657924.865720307
5.457102712,657848.390586619
5.457115073,657772.290947735
5.457127457,657696.566794419
5.457139864,657621.218118363
5.457152293,657546.244912190
5.457164745,657471.647169454
5.457177221,657397.424884633
5.457189719,657323.578053138
5.457202240,657250.106671302
5.457214784,657177.010736386
5.457227352,657104.290246577
5.457239943,657031.945200984
5.457252557,656959.975599641
5.457265195,656888.381443504
5.457277856,656817.162734452
5.457290541,656746.319475283
5.457303250,656675.851669718
5.457315982,656605.759322395
5.457328738,656536.042438872
5.457341518,656466.701025623
5.457354323,656397.735090041
5.457367151,656329.144640432
5.457380003,656260.929686021
5.457392880,656193.090236944
5.457405781,656125.626304252
5.457418706,656058.537899908
5.457431656,655991.825036786
5.457444630,655925.487728673
5.457457629,655859.525990264
5.457470653,655793.939837162
5.457483701,655728.729285881
5.457496774,655663.894353839
5.457509873,655599.435059363
5.457522996,655535.351421683
5.457536144,655471.643460936
5.457549318,655408.311198160
5.457562517,655345.354655296
5.457575741,655282.773855189
5.457588991,655220.568821580
5.457602267,655158.739579116
5.457615568,655097.286153336
5.457628894,655036.208570682
5.457642247,654975.506858491
5.457655625,654915.181044995
5.457669030,654855.231159321
5.457682460,654795.657231492
5.457695917,654736.459292421
5.457709399,654677.637373916
5.457722909,654619.191508672
5.457736444,654561.121730278
5.457750006,654503.428073209
5.457763595,654446.110572829
5.457777211,654389.169265388
5.457790853,654332.604188023
5.457804522,654276.415378754
5.457818218,654220.602876486
5.457831941,654165.166721007
5.457845692,654110.106952984
5.457859469,654055.423613967
5.457873274,654001.116746386
5.457887106,653947.186393546
5.457900966,653893.632599631
5.457914854,653840.455409702
5.457928769,653787.654869693
5.457942712,653735.231026414
5.457956683,653683.183927545
5.457970682,653631.513621641
5.457984709,653580.220158124
5.457998765,653529.303587288
5.458012848,653478.763960294
5.458026960,653428.601329169
5.458041101,653378.815746807
5.458055270,653329.407266968
5.458069468,653280.375944271
5.458083695,653231.721834202
5.458097950,653183.444993105
5.458112235,653135.545478185
5.458126549,653088.023347506
5.458140892,653040.878659987
5.458155264,652994.111475406
5.458169666,652947.721854395
5.458184097,652901.709858437
5.458198558,652856.075549871
5.458213049,652810.818991886
5.458227570,652765.940248518
5.458242120,652721.439384655
5.458256701,652677.316466030
5.458271312,652633.571559224
5.458285953,652590.204731658
5.458300625,652547.216051602
5.458315327,652504.605588163
5.458330059,652462.373411290
5.458344823,652420.519591773
5.458359617,652379.044201237
5.458374442,652337.947312144
5.458389299,652297.228997791
5.458404186,652256.889332309
5.458419105,652216.928390661
5.458434055,652177.346248639
5.458449037,652138.142982867
5.458464050,652099.318670794
5.458479096,652060.873390698
5.458494173,652022.807221679
5.458509282,651985.120243661
5.458524423,651947.812537392
5.458539597,651910.884184438
5.458554803,651874.335267184
5.458570041,651838.165868833
5.458585312,651802.376073404
5.458600616,651766.965965728
5.458615952,651731.935631452
5.458631322,651697.285157030
5.458646724,651663.014629729
5.458662160,651629.124137622
5.458677629,651595.613769588
5.458693132,651562.483615311
5.458708668,651529.733765278
5.458724238,651497.364310778
5.458739842,651465.375343897
5.458755480,651433.766957521
5.458771152,651402.539245332
5.458786859,651371.692301807
5.458802599,651341.226222214
5.458818374,651311.141102612
5.458834184,651281.437039851
5.458850029,651252.114131568
5.458865908,651223.172476186
5.458881823,651194.612172910
5.458897773,651166.433321728
5.458913758,651138.636023410
5.458929779,651111.220379503
5.458945835,651084.186492329
5.458961927,651057.534464988
5.458978055,651031.264401350
5.458994218,651005.376406058
5.459010419,650979.870584522
5.459026655,650954.747042922
5.459042928,650930.005888199
5.459059237,650905.647228061
5.459075583,650881.671170974
5.459091966,650858.077826167
5.459108386,650834.867303622
5.459124844,650812.039714079
5.459141338,650789.595169030
5.459157870,650767.533780717
5.459174440,650745.855662134
5.459191047,650724.560927019
5.459207693,650703.649689856
5.459224376,650683.122065870
5.459241098,650662.978171029
5.459257858,650643.218122037
5.459274657,650623.842036337
5.459291494,650604.850032101
5.459308370,650586.242228236
5.459325286,650568.018744380
5.459342240,650550.179700893
5.459359234,650532.725218865
5.459376267,650515.655420105
5.459393340,650498.970427145
5.459410453,650482.670363232
5.459427606,650466.755352330
5.459444799,650451.225519116
5.459462032,650436.080988978
5.459479306,650421.321888012
5.459496621,650406.948343020
5.459513976,650392.960481506
5.459531372,650379.358431677
5.459548810,650366.142322436
5.459566288,650353.312283385
5.459583809,650340.868444816
5.459601371,650328.810937713
5.459618975,650317.139893749
5.459636621,650305.855445281
5.459654309,650294.957725350
5.459672039,650284.446867675
5.459689813,650274.323006656
5.459707628,650264.586277364
5.459725487,650255.236815544
5.459743389,650246.274757611
5.459761335,650237.700240643
5.459779324,650229.513402386
5.459797356,650221.714381244
5.459815433,650214.303316278
5.459833553,650207.280347206
5.459851718,650200.645614398
5.459869927,650194.399258872
5.459888181,650188.541422294
5.459906479,650183.072246970
5.459924823,650177.991875849
5.459943212,650173.300452516
5.459961647,650168.998121190
5.459980127,650165.085026719
5.459998652,650161.561314583
5.460017224,650158.427130883
5.460035842,650155.682622341
5.460054507,650153.327936301
5.460073218,650151.363220718
5.460091976,650149.788624160
5.460110781,650148.604295803
5.460129634,650147.810385428
5.460148534,650147.407043418
5.460167481,650147.394420753
5.460186477,650147.772669009
5.460205521,650148.541940353
5.460224613,650149.702387537
5.460243753,650151.254163902
5.460262943,650153.197423365
5.460282181,650155.532320423
5.460301469,650158.259010144
5.460320806,650161.377648168
5.460340193,650164.888390698
5.460359629,650168.791394502
5.460379116,650173.086816906
5.460398653,650177.774815788
5.460418241,650182.855549579
5.460437880,650188.329177258
5.460457570,650194.195858342
5.460477311,650200.455752894
5.460497103,650207.109021505
5.460516948,650214.155825301
5.460536844,650221.596325933
5.460556793,650229.430685576
5.460576794,650237.659066923
5.460596849,650246.281633180
5.460616956,650255.298548066
5.460637116,650264.709975802
5.460657330,650274.516081113
5.460677598,650284.717029221
5.460697920,650295.312985839
5.460718296,650306.304117170
5.460738726,650317.690589899
5.460759212,650329.472571192
5.460779752,650341.650228688
5.460800348,650354.223730497
5.460821000,650367.193245193
5.460841707,650380.558941811
5.460862471,650394.320989843
5.460883291,650408.479559229
5.460904168,650423.034820358
5.460925102,650437.986944059
5.460946093,650453.336101596
5.460967141,650469.082464665
5.460988248,650485.226205389
5.461009413,650501.767496311
5.461030636,650518.706510389
5.461051917,650536.043420992
5.461073258,650553.778401894
5.461094658,650571.911627270
5.461116118,650590.443271688
5.461137637,650609.373510106
5.461159217,650628.702517864
5.461180857,650648.430470682
5.461202559,650668.557544651
5.461224321,650689.083916229
5.461246144,650710.009762235
5.461268030,650731.335259842
5.461289977,650753.060586574
5.461311987,650775.185920297
5.461334059,650797.711439215
5.461356195,650820.637321862
5.461378394,650843.963747099
5.461400656,650867.690894105
5.461422983,650891.818942372
5.461445374,650916.348071697
5.461467829,650941.278462180
5.461490350,650966.610294212
5.461512935,650992.343748472
5.461535587,651018.479005920
5.461558305,651045.016247788
5.461581089,651071.955655577
5.461603939,651099.297411048
5.461626857,651127.041696214
5.461649843,651155.188693337
5.461672896,651183.738584916
5.461696017,651212.691553684
5.461719207,651242.047782597
5.461742466,651271.807454832
5.461765794,651301.970753774
5.461789192,651332.537863011
5.461812659,651363.508966329
5.461836198,651394.884247700
5.461859807,651426.663891277
5.461883487,651458.848081385
5.461907239,651491.437002515
5.461931063,651524.430839312
5.461954959,651557.829776573
5.461978928,651591.633999234
5.462002970,651625.843692362
5.462027086,651660.459041152
5.462051275,651695.480230910
5.462075540,651730.907447053
5.462099879,651766.740875094
5.462124293,651802.980700637
5.462148783,651839.627109367
5.462173349,651876.680287040
5.462197992,651914.140419477
5.462222711,651952.007692551
5.462247509,651990.282292182
5.462272384,652028.964404324
5.462297337,652068.054214957
5.462322369,652107.551910077
5.462347480,652147.457675688
5.462372671,652187.771697791
5.462397942,652228.494162372
5.462423294,652269.625255397
5.462448727,652311.165162797
5.462474241,652353.114070460
5.462499838,652395.472164221
5.462525517,652438.239629848
5.462551279,652481.416653038
5.462577124,652525.003419401
5.462603054,652569.000114447
5.462629068,652613.406923584
5.462655167,652658.224032097
5.462681351,652703.451625142
5.462707622,652749.089887734
5.462733979,652795.139004734
5.462760423,652841.599160838
5.462786955,652888.470540565
5.462813576,652935.753328246
5.462840284,652983.447708010
5.462867082,653031.553863772
5.462893970,653080.071979221
5.462920949,653129.002237809
5.462948018,653178.344822734
5.462975178,653228.099916931
5.463002431,653278.267703056
5.463029776,653328.848363475
5.463057215,653379.842080249
5.463084747,653431.249035120
5.463112374,653483.069409497
5.463140096,653535.303384444
5.463167913,653587.951140665
5.463195826,653641.012858487
5.463223837,653694.488717847
5.463251945,653748.378898280
5.463280150,653802.683578898
5.463308455,653857.402938381
5.463336859,653912.537154957
5.463365363,653968.086406388
5.463393968,654024.050869956
5.463422674,654080.430722440
5.463451481,654137.226140112
5.463480392,654194.437298706
5.463509406,654252.064373412
5.463538524,654310.107538856
5.463567747,654368.566969079
5.463597075,654427.442837524
5.463626509,654486.735317018
5.463656050,654546.444579750
5.463685699,654606.570797259
5.463715456,654667.114140408
5.463745322,654728.074779372
5.463775298,654789.452883615
5.463805384,654851.248621872
5.463835582,654913.462162129
5.463865892,654976.093671603
5.463896314,655039.143316722
5.463926851,655102.611263106
5.463957502,655166.497675542
5.463988267,655230.802717966
5.464019150,655295.526553444
5.464050148,655360.669344145
5.464081265,655426.231251321
5.464112500,655492.212435285
5.464143855,655558.613055390
5.464175330,655625.433270002
5.464206925,655692.673236478
5.464238643,655760.333111144
5.464270484,655828.413049270
5.464302449,655896.913205043
5.464334538,655965.833731545
5.464366753,656035.174780727
5.464399094,656104.936503381
5.464431563,656175.119049117
5.464464160,656245.722566336
5.464496886,656316.747202200
5.464529743,656388.193102606
5.464562731,656460.060412161
5.464595852,656532.349274150
5.464629106,656605.059830510
5.464662494,656678.192221796
5.464696017,656751.746587157
5.464729677,656825.723064303
5.464763474,656900.121789473
5.464797410,656974.942897407
5.464831485,657050.186521312
5.464865701,657125.852792828
5.464900058,657201.941841998
5.464934559,657278.453797237
5.464969203,657355.388785289
5.465003992,657432.746931203
5.465038928,657510.528358288
5.465074012,657588.733188087
5.465109243,657667.361540333
5.465144625,657746.413532913
5.465180158,657825.889281834
5.465215843,657905.788901182
5.465251681,657986.112503082
5.465287675,658066.860197661
5.465323824,658148.032093005
5.465360130,658229.628295118
5.465396596,658311.648907882
5.465433221,658394.094033011
5.465470007,658476.963770012
5.465506956,658560.258216135
5.465544069,658643.977466334
5.465581348,658728.121613214
5.465618793,658812.690746991
5.465656407,658897.684955439
5.465694190,658983.104323846
5.465732144,659068.948934958
5.465770271,659155.218868935
5.465808573,659241.914203296
5.465847049,659329.035012867
5.465885703,659416.581369728
5.465924536,659504.553343158
5.465963549,659592.950999579
5.466002745,659681.774402499
5.466042123,659771.023612456
5.466081687,659860.698686956
5.466121438,659950.799680417
5.466161378,660041.326644100
5.466201508,660132.279626057
5.466241830,660223.658671057
5.466282346,660315.463820527
5.466323057,660407.695112480
5.466363966,660500.352581455
5.466405074,660593.436258438
5.466446384,660686.946170798
5.466487897,660780.882342212
5.466529614,660875.244792592
5.466571539,660970.033538005
5.466613673,661065.248590604
5.466656017,661160.889958542
5.466698575,661256.957645896
5.466741348,661353.451652580
5.466784338,661450.371974267
5.466827548,661547.718602296
5.466870979,661645.491523591
5.466914633,661743.690720565
5.466958514,661842.316171032
5.467002623,661941.367848114
5.467046962,662040.845720140
5.467091535,662140.749750550
5.467136342,662241.079897798
5.467181388,662341.836115244
5.467226673,662443.018351050
5.467272201,662544.626548074
5.467317974,662646.660643759
5.467363995,662749.120570017
5.467410267,662852.006253120
5.467456791,662955.317613573
5.467503571,663059.054566000
5.467550610,663163.217019017
5.467597909,663267.804875103
5.467645473,663372.818030472
5.467693304,663478.256374938
5.467741405,663584.119791781
5.467789778,663690.408157600
5.467838428,663797.121342177
5.467887356,663904.259208324
5.467936567,664011.821611734
5.467986063,664119.808400823
5.468035847,664228.219416574
5.468085923,664337.054492372
5.468136295,664446.313453836
5.468186965,664555.996118649
5.468237938,664666.102296376
5.468289216,664776.631788290
5.468340803,664887.584387179
5.468392703,664998.959877157
5.468444920,665110.758033470
5.468497458,665222.978622291
5.468550319,665335.621400510
5.468603509,665448.686115528
5.468657032,665562.172505030
5.468710891,665676.080296766
5.468765091,665790.409208313
5.468819635,665905.158946841
5.468874529,666020.329208865
5.468929776,666135.919679995
5.468985382,666251.930034672
5.469041350,666368.359935907
5.469097686,666485.209034997
5.469154394,666602.476971249
5.469211479,666720.163371684
5.469268946,666838.267850737
5.469326801,666956.790009946
5.469385047,667075.729437636
5.469443692,667195.085708582
5.469502739,667314.858383678
5.469562195,667435.047009580
5.469622065,667555.651118349
5.469682355,667676.670227076
5.469743071,667798.103837495
5.469804219,667919.951435592
5.469865804,668042.212491188
5.469927834,668164.886457519
5.469990315,668287.972770799
5.470053252,668411.470849765
5.470116653,668535.380095213
5.470180525,668659.699889513
5.470244874,668784.429596109
5.470309708,668909.568559004
5.470375034,669035.116102224
5.470440860,669161.071529268
5.470507193,669287.434122529
5.470574041,669414.203142711
5.470641412,669541.377828205
5.470709314,669668.957394458
5.470777756,669796.941033317
5.470846746,669925.327912336
5.470916293,670054.117174079
5.470986407,670183.307935377
5.471057095,670312.899286568
5.471128369,670442.890290709
5.471200238,670573.279982748
5.471272711,670704.067368677
5.471345799,670835.251424643
5.471419512,670966.831096028
5.471493862,671098.805296488
5.471568859,671231.172906965
5.471644515,671363.932774644
5.471720841,671497.083711877
5.471797850,671630.624495067
5.471875554,671764.553863489
5.471953965,671898.870518083
5.472033096,672033.573120179
5.472112961,672168.660290179
5.472193574,672304.130606172
5.472274949,672439.982602501
5.472357101,672576.214768256
5.472440044,672712.825545709
5.472523794,672849.813328672
5.472608367,672987.176460784
5.472693780,673124.913233723
5.472780049,673263.021885330
5.472867191,673401.500597645
5.472955226,673540.347494862
5.473044171,673679.560641168
5.473134045,673819.138038497
5.473224870,673959.077624160
5.473316663,674099.377268367
5.473409448,674240.034771626
5.473503246,674381.047862002
5.473598080,674522.414192251
5.473693972,674664.131336794
5.473790947,674806.196788540
5.473889030,674948.607955540
5.473988247,675091.362157467
5.474088624,675234.456621895
5.474190191,675377.888480391
5.474292974,675521.654764373
5.474397005,675665.752400757
5.474502314,675810.178207337
5.474608934,675954.928887915
5.474716898,676100.001027138
5.474826241,676245.391085039
5.474936999,676391.095391247
5.475049209,676537.110138847
5.475162912,676683.431377868
5.475278147,676830.055008358
5.475394958,676976.976773033
5.475513388,677124.192249446
5.475633485,677271.696841650
5.475755295,677419.485771320
5.475878871,677567.554068271
5.476004264,677715.896560337
5.476131530,677864.507862551
5.476260726,678013.382365572
5.476391914,678162.514223284
5.476525156,678311.897339496
5.476660520,678461.525353674
5.476798075,678611.391625597
5.476937894,678761.489218855
5.477080056,678911.810883060
5.477224641,679062.349034670
5.477371735,679213.095736266
5.477521428,679364.042674142
5.477673816,679515.181134027
5.477829000,679666.501974761
5.477987087,679817.995599681
5.478148189,679969.651925494
5.478312426,680121.460348354
5.478479925,680273.409706816
5.478650821,680425.488241323
5.478825259,680577.683549814
5.479003391,680729.982538977
5.479185380,680882.371370633
5.479371401,681034.835402617
5.479561642,681187.359123460
5.479756301,681339.926080053
5.479955595,681492.518797342
5.480159754,681645.118688951
5.480369027,681797.705957436
5.480583684,681950.259482673
5.480804015,682102.756696564
5.481030335,682255.173441983
5.481262987,682407.483813432
5.481502345,682559.659976407
5.481748814,682711.671961896
5.482002842,682863.487431639
5.482264917,683015.071408899
5.482535579,683166.385968297
5.482815423,683317.389876800
5.483105108,683468.038176073
5.483405371,683618.281693979
5.483717030,683768.066469901
5.484041007,683917.333074438
5.484378339,684066.015798615
5.484730201,684214.041680526
5.485097931,684361.329327482
5.485483064,684507.787478382
5.485887368,684653.313232307
5.486312897,684797.789843089
5.486762058,684941.083941841
5.487237691,685083.041994318
5.487743187,685223.485717734
5.488282635,685362.206056247
5.488861031,685498.955117931
5.489484566,685633.435159836
5.490161044,685765.283181161
5.490900493,685894.048774553
5.491716102,686019.161241865
5.492625703,686139.878855192
5.493654252,686255.206822229
5.494838195,686363.756729118
5.496233809,686463.487204319
5.497934770,686551.176172584
5.500114652,686621.189888260
5.503153537,686661.957047623
5.508177393,686641.567053543
5.522571633,686367.224987326
5.541074991,685901.454618458
5.550222001,685869.666053410
5.575507307,685136.219204162
5.594086325,685230.643833773
5.603928314,684691.837266833
5.630051435,684232.130080926
5.635936259,684286.027284194
5.652677917,683556.336220170
5.679665540,683958.888432428
5.685208988,683325.541649313
5.701175768,682585.586991114
5.725611444,683051.555700876
5.731109566,682384.814139481
5.749360795,681622.324743585
5.771862874,682120.920108889
5.777382246,681439.851392435
5.797926829,680658.989473333
5.815512642,681076.438543505
5.822563740,680378.160324085
5.886692295,679567.382035729
5.892182320,679187.728008931
5.911162222,678405.345949988
5.934143206,678753.111947287
5.940709906,678143.326557648
5.965424930,677322.294630324
5.984478878,677729.841328169
5.991113956,677013.531151536
6.056222445,676012.456656414
6.061822065,675732.207734467
6.084083545,674925.764443222
6.102874929,675159.473645872
6.110279154,674657.402546925
6.143802166,673789.580248607
6.151954040,673899.217365683
6.172112698,673109.494788202
6.195693024,673640.570635149
6.200766207,672939.557798414
6.217598329,672170.005107929
6.239892817,672707.995540420
6.245112405,672006.663590029
6.263629536,671227.675373632
6.283753088,671716.554925121
6.289556629,671012.504227636
6.317830750,670176.639062777
6.329537238,670374.349744791
6.341909266,669633.012284245
6.367611623,670147.972904028
6.372398054,669451.166661081
6.386502513,668699.839662862
6.411283152,669219.690544342
6.416227689,668522.445705497
6.431330551,667765.615677670
6.455971124,668285.566351032
6.460940252,667588.728118842
6.476138588,666831.811847726
6.501078534,667349.178858349
6.506010678,666653.139065297
6.520819164,665899.042867398
6.546406600,666411.729230647
6.551271007,665716.671461158
6.565413740,664967.041590032
6.592215662,665471.675577440
6.596969332,664777.827700111
6.610104156,664034.692027019
6.639473917,664523.249464097
6.644017941,663831.118705595
6.655532366,663098.086304668
6.692757999,663539.151145160
6.696772851,662850.367552418
6.705298698,662135.405118031
6.763110155,661900.384499518
6.767986737,661205.345619344
6.779412718,660473.045720405
6.808421266,660639.654219996
6.814537227,660022.206761718
6.834863648,659238.594559373
6.866093131,659710.590054041
6.870429819,659023.121727697
6.880671681,658300.839632008
6.934767279,658634.595022372
6.937935357,657953.738602531
6.943380835,657260.012957362
6.960957335,656494.332419180
6.990138661,656976.228377364
6.994582134,656289.817571558
7.005511179,655564.956982966
7.049538946,655956.161783996
7.053064307,655275.324479562
7.059700941,654576.503492969
7.098266501,653685.744815407
7.108386871,653594.904376648
7.128062542,652822.680907457
7.139459184,653068.390355436
7.150808148,652347.675618348
7.185531321,652780.106271680
7.189400262,652105.354660695
7.197655658,651403.867338747
7.323354075,650855.133260090
7.325329029,650188.581599859
7.328013922,649518.409842011
7.332185936,648839.861615755
7.341252119,648132.015599298
7.398872995,647962.706778749
7.403062247,647282.776955609
7.411540556,646578.083367739
7.446238690,646211.119381021
7.452490009,645821.612840533
7.474623335,645035.455388451
7.523187597,645375.813002026
7.526381536,644708.045643288
7.531933581,644026.210852980
7.550569544,643263.034585879
7.584836401,643690.811370000
7.588605975,643021.364645564
7.596433899,642326.941059524
7.709290018,641356.982724556
7.711950553,640690.665981396
7.716006545,640016.747946374
7.724317579,639317.669090790
7.771749522,638823.892575449
7.777317315,638307.596893415
7.794076477,637557.053052671
7.827853793,637771.180563743
7.832876415,637092.602329615
7.844909439,636372.738257884
7.879332351,636475.096968608
7.884794555,635794.432802373
7.899058549,635061.834638536
7.944639765,635347.957836346
7.948135744,634682.031017951
7.954340126,634000.275066753
7.977335846,633214.125494521
8.003780117,633325.445226494
8.009542637,632652.289314769
8.033692382,631859.508984155
8.047994071,631929.911854487
8.058387035,631228.750245772
8.092467892,631450.986519326
8.096616462,630790.778430779
8.106101396,630095.946470519
8.193723587,630088.264446471
8.195704677,629440.620091573
8.198438291,628788.713199602
8.202806802,628126.747988734
8.213081575,627426.611391403
8.295518647,627513.584600486
